Region,0,1,2,3,4,5,6,7,8,9,10,11,12,13,14,15,16,17,18,19,20,21,22,23
Kinyinya,1619.2141661505166,1004.0572021999379,777.8004764987191,777.8004764987191,1329.3442272962193,3323.360568240548,8838.79807621555,15415.02889541891,19481.116709122427,21107.551834603833,22486.411211597584,23052.05302585063,22556.901528875318,22316.546739718553,22726.76600075435,22804.477277362977,23122.543343128367,23193.0336604061,21071.447037949383,17818.57678698657,14813.282284511415,9870.70755012035,5500.995589313222,2913.1413072047517
Bumbogo,1576.0685955678568,965.4653798060654,709.7243280885477,709.7243280885477,1163.7076044595774,2909.2690111489437,7449.101774859242,12340.793032543306,14818.82084071221,15810.031963979769,16944.990154907344,17584.342784201137,17871.836919521167,17430.726514880884,17386.100559547624,17728.08985186115,18511.18954881496,19438.036313428784,18734.31932548125,16751.89707894613,14625.727764750995,10140.390158034195,5709.547708310892,2953.894966482202
Karangazi,1890.3057067713498,1136.1422900801895,763.9577467780585,763.9577467780585,1155.7309502539858,2889.327375634965,6807.0594103942385,9892.273387767167,10137.131639939622,10235.074940808603,11214.507949498424,12144.96930775375,13907.948723395424,12997.076025313892,12125.380647579954,13026.459015574586,14838.41008165075,17531.850855547753,19196.886970320444,19001.00036858248,17923.624059023678,13143.990976617364,7502.45684656401,3761.0227533689035
Ndera,1392.2777147516688,848.9498260680905,611.2438747690253,611.2438747690253,984.781798238985,2461.9544955974625,6197.33373029706,10017.607947603468,11715.507599739649,12394.66746059412,13328.512269269022,13922.777147516685,14432.14704315754,13973.714137080773,13786.94517534579,14177.462095337112,15026.411921405204,16130.046695293724,15960.256730080102,14601.937008371158,12988.932338841785,9134.700128492654,5161.614942493991,2648.723457332443
Nyagatare,1650.1422636616278,993.1697362598954,672.3944177163268,672.3944177163268,1024.0135168890847,2560.033792222712,6076.2247839502925,8944.6963824649,9330.243640329765,9484.46254347571,10363.510291407607,11165.448587766528,12615.106277338424,11844.011761608692,11134.604807137339,11890.277432552477,13417.044573697347,15668.640559628166,16964.079346054117,16655.641539762222,15622.37488868438,11412.19883280004,6508.037712758944,3269.4407466940665
Nyamata,1322.3171892714006,804.8016806769161,574.572344164863,574.572344164863,918.9153518176728,2297.288379544182,5740.71845607228,9179.143547024029,10605.564436283488,11176.132791987273,12036.990311119298,12612.563652399429,13193.141979255912,12731.682309116537,12498.449981258675,12902.852815827671,13768.715320536045,14924.86698867266,14934.876959825358,13793.740248417791,12362.314373581981,8742.708804766398,4946.927743663332,2530.5207074020445
Gisozi,869.5181914992979,545.7735309367048,444.0577407482229,444.0577407482229,786.3996913079638,1965.9992282699097,5389.418733867319,9761.679565849821,12769.50657049056,13972.637372346855,14828.492248746208,15082.781724217413,14388.229873303528,14374.566558203584,14842.155563846154,14735.50579876047,14642.519348774731,14202.256973332052,12304.574320561867,9898.312716849276,7839.327038593627,5003.809618824419,2756.1942848834146,1498.4102226273367
Rwimiyaga,1552.6676990700073,933.2096015135795,627.5030079143035,627.5030079143035,949.2994222293308,2373.2485555733274,5591.2126987236015,8125.359461454443,8326.482220401334,8406.93132398009,9211.422359767661,9975.68884376585,11423.772708183473,10675.596044901034,9959.5990230501,10699.730775974662,12188.039192181663,14400.389540597478,15768.024301436344,15607.12609427883,14722.185954912504,10796.26970026917,6162.401334132775,3089.2455774242635
Muhoza,1038.018056686858,638.4165724497759,477.6301764253879,477.6301764253879,794.4739568263878,1986.1848920659695,5154.622696075968,8701.381431908056,10652.098736615706,11432.385658498766,12224.495109501266,12626.461099562235,12650.106157801116,12404.197552116757,12470.403715185623,12638.283628681676,13052.072147862085,13477.683196161937,12721.041332517758,11160.46748875164,9588.071115866078,6563.868167113251,3683.9000736175963,1919.9787289971039
Gahanga,1059.4213878259204,650.3378816357135,482.5087508910133,482.5087508910133,797.1883710373262,1992.9709275933155,5139.767129056445,8601.242950665886,10436.874068186045,11171.12651519411,11957.825565559893,12377.398392421643,12482.291599137083,12209.569261676943,12230.54790302003,12429.844995779362,12901.864425998832,13426.33045957602,12796.971219283396,11328.466325267267,9807.514827893421,6755.122512474186,3797.134083098844,1971.992286250228
Masaka,986.0759722231319,607.416552960884,457.51426739727253,457.51426739727253,765.1262492309336,1912.815623077334,4988.935441413943,8478.848027191774,10450.219230567393,11238.767711917642,12007.797666501796,12382.553380410822,12343.516326878633,12126.470309239652,12224.843684140773,12363.034853644727,12718.27204078766,13053.990701164501,12226.40516628206,10649.308203581564,9091.729767647164,6192.838172346698,3471.1748000823786,1814.442248176214
Ruhango (1),1018.9859987918448,625.5161576742017,464.0926331131175,464.0926331131175,766.7617416651506,1916.9043541628762,4943.595439683207,8272.95563375557,10038.52543364243,10744.753353597172,11501.426124977257,11904.984936379966,12005.874639230648,11743.561411818884,11763.739352389019,11955.429787805308,12409.433450633356,12913.881964886745,12308.54374778268,10896.087907873192,9433.187216538365,6497.296863583644,3652.207243194533,1896.7264135927408
Kabarore,1147.4470584207554,698.4460355604598,498.8900254003285,498.8900254003285,798.2240406405253,1995.5601016013136,4988.900254003283,7982.240406405254,9229.465469906076,9728.355495306403,10476.690533406896,10975.580558807223,11474.470584207553,11075.35856388729,10875.802553727157,11225.025571507389,11973.36060960788,12971.140660408539,12971.140660408539,11973.360609607882,10726.135546107062,7583.128386084993,4290.454218442826,2195.1161117614456
Nduba,1101.1903308239582,671.1396690820571,482.1780146803129,482.1780146803129,775.3943749588817,1938.4859373972042,4870.6495401828915,7851.68253634834,9154.866359808644,9676.139889192766,10409.18078988919,10881.584925893549,11305.11966851815,10936.970238390613,10777.330220016725,11093.352297205849,11777.523804522509,12673.462683151469,12575.723896391946,11533.176837623701,10278.862407543158,7239.186139321995,4091.9972056653587,2098.1259557710914
Mahama,1404.1692015062897,843.956618521915,567.4880710750808,567.4880710750808,858.5075947033273,2146.2689867583185,5056.4642230407835,7348.242971613226,7530.13017388088,7602.885054787941,8330.433863858558,9021.605232475644,10331.193088802753,9654.57269636708,9007.054256294232,9676.399160639197,11022.364457419839,13023.123682364034,14259.956657784081,14114.446895969959,13314.143205992279,9763.70501772767,5573.023877480922,2793.787426831167
Runda,1057.5671116117203,645.3946312193576,466.44430165399035,466.44430165399035,753.9382737426133,1884.8456843565332,4759.785405242763,7730.067514831852,9086.863046372548,9629.581258988825,10348.316189210384,10795.6920131238,11147.72544833436,10808.893266944197,10687.148370600546,10971.708730729082,11595.101272247779,12394.510531371756,12203.825753966035,11118.389328733481,9856.936185895645,6914.523389927392,3904.6375188771144,2006.590580700185
Rubavu,756.4636978961925,473.24661293505756,380.0590559478454,380.0590559478454,666.9305549084788,1667.3263872711968,4536.04137687753,8140.207183882939,10561.256458550706,11529.676168417811,12246.854915819395,12479.823808287425,11977.341883356377,11938.056932861771,12286.139866314,12228.5828458219,12210.310775824408,11940.797743361394,10469.896108563242,8533.05668882903,6847.458231560341,4423.668146392951,2444.802965664506,1319.2434538189636
Rugerero,1202.1438353675244,727.3158627772169,504.975780373819,504.975780373819,787.61147834424,1969.0286958606005,4795.385675564811,7367.370527095643,8121.0657216834325,8422.543799518548,9129.133044444601,9684.983250453097,10495.205584634969,9999.650994193498,9624.687634886073,10090.094417544033,11051.055790643466,12417.128330833833,12925.872587180591,12322.916431510359,11314.849108749191,8143.676577521065,4627.688494769028,2343.9920551680257
Mayange,816.5309639611231,505.360138153589,388.3786246921101,388.3786246921101,659.7757359227412,1649.439339806853,4363.410452113164,7557.005769611541,9487.200741725943,10259.278730571705,10937.771508648282,11230.225292301979,11043.054870763614,10905.016684879067,11075.809694532825,11136.640081532796,11335.508654417312,11440.792016532641,10481.543606148514,8937.387628456992,7486.816861534653,5020.846557766676,2802.8770625370357,1478.646330153094
Jabana,1145.6927498670238,693.4456117616196,482.39694731243105,482.39694731243105,753.7452301756736,1884.3630754391838,4597.845904071608,7085.2051636513315,7838.950393827004,8140.448485897274,8818.81919305538,9346.44085417835,10100.186084354023,9632.864041645107,9286.141235764297,9723.313469266186,10627.807745476995,11909.174636775642,12361.421774881044,11758.425590740508,10778.55679151213,7748.500966205922,4401.872144225933,2231.0858813199934
Kigali,792.5237951070021,491.54112497686344,381.11690969344954,381.11690969344954,651.8096041034852,1629.524010258713,4336.450954359069,7568.659755883998,9572.01574496677,10373.358140599876,11050.089876624967,11326.1504148335,11076.929095617461,10961.137036535549,11165.881935706879,11201.53975522548,11352.989633825997,11379.828852818493,10329.265137969345,8726.580346703131,7248.506215044933,4826.458409679218,2689.289743048144,1424.7791110873827
Kimironko,650.6767893255769,409.7796080745137,337.76485364690103,337.76485364690103,603.5149528661892,1508.7873821654732,4166.288374358355,7612.429204440583,10034.121014336528,11002.797738294905,11667.172986343126,11847.209872412157,11238.606920591843,11252.305379314486,11653.474527620481,11542.908396502002,11418.643806660875,10990.077740909594,9412.7980651309,7475.444617214146,5842.392645207548,3682.9284737164985,2021.5011229272811,1107.6182338594783
Nyamirambo,786.7774191005857,487.10311276752276,374.8576128689197,374.8576128689197,637.4697258392364,1593.6743145980909,4219.795444301257,7317.135889616484,9196.718553012903,9948.55161837147,10605.081900797264,10885.69565054377,10695.090084678217,10564.842948003425,10735.329037472056,10790.392867610994,10975.703834424727,11065.712018305681,10123.273387081561,8619.607256364425,7211.243908580065,4830.792174881389,2696.0098371872023,1423.1882251294578
Gatenga,621.148725402254,392.05782919354334,325.9338659696655,325.9338659696655,585.7437687154531,1464.3594217886327,4062.4584492465087,7463.67726625424,9884.75151027811,10853.181207887661,11502.705964752131,11668.015872811824,11030.205991321664,11058.582022783881,11474.329933289913,11349.110932066744,11195.515899381358,10723.015925950895,9116.776346851186,7179.916951632088,5561.96249715807,3476.454349967183,1903.5370830432862,1048.611511282598
Kanombe,725.1420515077774,451.2473865846318,354.70544332297226,354.70544332297226,612.868943384285,1532.1723584607125,4113.8073590738395,7262.195285531084,9282.464745526748,10090.572529525018,10735.981279678297,10977.336137832446,10651.938070142478,10572.204768787982,10815.714581032791,10814.637103987463,10893.292928296627,10809.249718760808,9675.743867072571,8059.52829907604,6606.011764924491,4348.697354956002,2415.70353563215,1288.6625462159016
Rusororo,959.3176202133437,584.8246454776533,420.66334148392616,420.66334148392616,677.165378974125,1692.9134474353125,4257.933822337301,6874.25460473733,8028.513773443224,8490.21744092558,9131.472534651079,9541.875794635398,9900.978647121676,9582.91612063383,9449.535061138926,9721.427220878537,10311.381907105995,11080.888019576592,10978.28720458051,10054.879869615796,8951.92110840794,6299.690040759284,3560.2482803639605,1826.294506930216
Cyuve,1028.8418104936718,622.4727848877237,432.2075185635516,432.2075185635516,674.149770802931,1685.3744270073273,4104.796949401121,6306.941235560521,6952.903559500613,7211.288489076649,7816.1441196750975,8291.807285485527,8984.748687530351,8560.76250763513,8240.13029957032,8638.277986507941,9460.411853340782,10629.016421196038,11063.572893664827,10546.803034512754,9683.562474338267,6969.346236837269,3960.3362842290658,2006.0066350721363
Gisenyi,793.8174475825977,487.6746722552005,363.0637938556067,363.0637938556067,601.5167093116196,1503.7917732790493,3888.3209278391782,6530.533071682418,7953.558534887656,8522.768720169752,9118.901008809786,9430.42820480877,9484.272411524642,9286.587252582078,9316.58616775235,9457.350308166706,9795.799607523626,10161.171010238486,9645.805031672264,8507.384661108073,7342.042187185945,5044.432966324298,2833.7436791611335,1473.7928581087763
Rugarika,954.8662249121808,579.5257276982732,408.3704609687314,408.3704609687314,645.5856552079209,1613.9641380198022,3986.116080411698,6260.679493527978,7086.428587398575,7416.728224946813,8009.766210544787,8437.65437736864,8963.131073468112,8601.302834153905,8371.594449858994,8700.392725418376,9391.019240291966,10344.384103215292,10539.561161766524,9878.961886670048,8955.624263523834,6386.793900591851,3621.2851171197804,1843.672522314714
Rweru,830.6178347645907,508.3562704570173,372.18941229888765,372.18941229888765,608.2119664396456,1520.5299160991142,3880.7554575066947,6399.842333432094,7648.038533214948,8147.3170131280895,8737.373398479986,9077.790543875308,9259.346354752815,9018.78490534012,8977.93484789268,9168.568449314062,9599.76350014814,10121.736456420971,9804.013787385333,8805.45682755905,7716.121962294012,5364.974211430307,3022.9042511104776,1561.379973546553
Nyamabuye,729.9738954741315,450.43186902811294,341.7796851641888,341.7796851641888,574.9071864644533,1437.2679661611335,3768.5429791637785,6450.564119688316,8006.50558764257,8628.882174824272,9211.700928074933,9483.331387734745,9404.215719872664,9257.060577649194,9358.856070298403,9443.773553803703,9675.846179532473,9868.360971330205,9166.86871628642,7922.115541923017,6716.920201490653,4549.678339855389,2546.469629587505,1335.4724735119228
Mageregere,940.8275826646386,570.3972103959829,399.9336762546547,399.9336762546547,629.4038183679812,1573.509545919953,3868.2109670532177,6031.786592693153,6769.369192343131,7064.4022322031215,7638.0775874864385,8064.236422839759,8621.521053686409,8254.368826305086,8005.229814867761,8342.878738263084,9047.67988903973,10031.1233552397,10293.374946226359,9703.308866506377,8834.60047136307,6320.263342778478,3586.2905067425595,1822.6485573572788
Murundi (2),1100.4614667418189,661.4172546220258,444.7460850044656,444.7460850044656,672.8210003913711,1682.0525009784276,3962.801654847482,5758.891613519363,5901.438435636178,5958.457164482905,6528.644452950169,7070.322376994069,8096.659496235143,7566.3853179605885,7058.918631224724,7583.490936614606,8638.337420279044,10206.352463564019,11175.670853958367,11061.633396264913,10434.427378950924,7651.913411230677,4367.634629659239,2189.5191877142925
Nyakiriba,1079.2027644779212,648.6400035204085,436.15448512579195,436.15448512579195,659.8234518569673,1649.558629642418,3886.2482969541716,5647.641409962178,5787.434514169162,5843.351755851955,6402.524172679895,6933.737968666436,7940.248318956725,7420.217971306742,6922.554520329877,7436.99314381158,8471.462114943266,10009.186261220097,10959.779369827593,10847.944886462004,10232.855227951271,7504.093833830932,4283.260712902008,2147.2220806192836
Muyumbu,809.6489394150635,494.60795509649495,359.13394155585297,359.13394155585297,582.7938695710639,1456.9846739276597,3693.583954079769,6032.427772753117,7134.751703685228,7575.681276058072,8134.831096096101,8473.516129947706,8709.956625278071,8459.457505901035,8385.330215473137,8591.736377612888,9048.641659129677,9623.767188311647,9419.278111269168,8537.418966523479,7537.339574112607,5270.705960769884,2974.038014236548,1531.1119643555583
Mukarange (2),882.6104225968114,535.7329639343092,377.7110105436136,377.7110105436136,597.4000676965318,1493.5001692413296,3690.3907407705105,5800.561947634066,6571.400744661849,6879.7362634729625,7428.9589063552585,7824.013789831997,8305.788037974362,7972.400258259845,7762.3466860697745,8064.900913903179,8700.8429214511,9577.672053070204,9751.110782401454,9134.439744779229,8276.88158308582,5900.7709912476785,3345.440379100578,1703.5537414314003
Nyarugunga,558.9978970727321,350.6265513567247,284.51041128143464,284.51041128143464,502.9046824875792,1257.2617062189477,3441.2044182803934,6221.247435807885,8124.724074943565,8886.114730597836,9432.100408613198,9597.390758801424,9166.580803523602,9153.568584466233,9445.112627670569,9381.985781162512,9331.871153711827,9066.351548622231,7874.150937690137,6351.369626381593,5043.99329271196,3227.73368942028,1779.1571948983653,965.7176630146099
Nyundo,861.7435887593376,523.2014646038834,369.3186808968589,369.3186808968589,584.7545780866933,1461.8864452167331,3616.2454171150766,5693.662997159908,6463.076915695031,6770.84248310908,7309.432226083666,7694.139185351226,8155.7875364723,7832.633690687549,7632.586071868417,7924.9633609117645,8540.494495739862,9386.849806128497,9540.732589835521,8925.201455007424,8078.8461446187885,5755.2161106427175,3262.3150145889203,1661.9340640358653
Kinazi (2),438.7908998321409,280.8261758925702,245.72290390599892,245.72290390599892,456.34253582542664,1140.8563395635665,3247.0526587578433,6143.072597649974,8337.02709681068,9214.60889647496,9741.15797627353,9828.916156239959,9126.850716508532,9214.608896474962,9653.399796307101,9477.883436374244,9214.60889647496,8600.301636709964,7020.654397314255,5265.490797985691,3861.3599185228395,2281.712679127132,1228.6145195299941,702.0654397314254
Kigarama (1),537.2144631166602,336.66513580624286,272.23161699165087,272.23161699165087,480.02971516870986,1200.0742879217746,3278.0552696923637,5911.77535123881,7703.832593269646,8420.655490081981,8940.15073552463,9101.23453256111,8706.579229821735,8688.860012147723,8957.869953198642,8903.906881191422,8867.663026858214,8634.091521155318,7522.613321603607,6088.967527978937,4852.649385723954,3115.3606346855195,1718.7641143792396,931.0643468708535
Tabagwe,855.8152115129731,518.6758857654381,363.07312003580665,363.07312003580665,570.5434743419819,1426.3586858549547,3501.0622289167068,5446.0968005371005,6094.441657743898,6353.779600626617,6872.455486392056,7261.462400716133,7780.1382864815705,7442.998960734038,7209.5948121395895,7520.800343598854,8169.14520080565,9076.828000895168,9336.165943777887,8817.490058012449,8039.47622936429,5757.302331996362,3267.658080322261,1659.7628344494024
Muhazi,937.6498641817551,564.94385122248,384.47567652641,384.47567652641,588.4831783567499,1471.207945891875,3511.2829641952744,5217.884181429849,5512.125770608225,5629.822406279574,6139.841160855426,6591.0115975956005,7375.655835404599,6948.024725798695,6567.4722704613305,6983.333716500099,7826.8262721447745,9062.64094669395,9729.5885488316,9494.195277488901,8866.4798872417,6457.622077168069,3679.9814753242104,1851.76040122924
Rwimbogo (2),983.6774660208462,591.2258344995759,397.5484059566114,397.5484059566114,601.4193833702583,1503.5484584256455,3542.2582325621142,5147.742179694584,5275.161540578112,5326.129284931524,5835.806728465642,6320.000299823053,7237.419698184463,6763.419675697734,6309.806750952371,6778.709999003758,7721.613269541875,9123.226239260697,9989.677893268696,9887.742404561874,9327.097216674343,6839.871292227852,3904.1292174713376,1957.16138317101
Gahini,981.6023640324639,589.9786229417917,396.7097637022393,396.7097637022393,600.1506681649261,1500.3766704123152,3534.7857150391833,5136.882837682842,5264.033402972021,5314.893629087693,5823.4958902444105,6306.668038343291,7222.152108425382,6749.152005549635,6296.4959931201565,6764.410073384336,7705.324256524263,9103.980474705235,9968.604318671654,9866.88386644031,9307.421379167921,6825.442344723142,3895.8933204604527,1953.0326828417935
Shyogwe,853.3061760375641,516.4747907595784,359.2868109631849,359.2868109631849,561.3856421299764,1403.464105324941,3424.4524169928554,5277.025036021778,5838.410678151754,6062.964935003744,6568.212012920724,6961.181962411707,7522.567604541682,7174.508506421098,6916.271111041308,7241.874783476695,7915.537554032667,8869.893145653628,9206.724530931613,8757.616017227632,8027.814682458662,5771.044401096156,3278.492150039062,1661.70150070473
Kimisagara,422.3294135338878,270.1770658970999,236.04943652062414,236.04943652062414,437.9712436647725,1094.9281091619312,3114.146180603415,5887.016067442072,7984.443289537979,8823.414178376343,9328.218696236714,9413.537769677903,8745.205027721919,8827.680132048403,9245.74359191023,9079.37139869991,8830.524101163108,8247.510432648314,6740.206801853967,5062.265024177241,3718.4896174785063,2201.232094782688,1185.9351208325336,676.864649300103
Kigabiro,772.413428719328,469.77190986438654,334.2607820188905,334.2607820188905,533.0104361922848,1332.5260904807121,3320.022632214655,5284.9339859743495,6075.415565073076,6391.608196712568,6888.482332146054,7227.260151759794,7588.623159347784,7313.083866061942,7164.021625431897,7407.941655553789,7927.400978961526,8627.541806163254,8672.712182111753,8040.326918832771,7227.260151759793,5122.320632559753,2899.938135893617,1481.5883311107577
Busasamana (1),947.4780782410687,569.4686895127666,382.9186015689293,382.9186015689293,579.2871151940212,1448.217787985053,3411.9029242359725,4958.304969033572,5081.0352900492535,5130.127418455527,5621.048702518257,6087.42392237785,6971.082233690764,6514.525439512425,6077.605496696596,6529.253078034307,7437.457453550357,8787.490984722865,9622.057167629506,9523.87291081696,8983.859498347956,6588.163632121834,3760.457035920511,1885.1377308008828
Jali,880.5282901353265,531.149772869835,363.5425112086871,363.5425112086871,559.4777607562262,1398.6944018905654,3358.0468973659567,5040.021178120434,5394.121026700324,5535.76096613228,6025.599090001128,6444.6172441539975,7141.0136130277815,6750.323446761304,6416.289256267606,6792.81542859089,7560.0317671806515,8675.446290207305,9230.202719649133,8946.92284078522,8315.444777484416,6036.222085458525,3437.1291968821324,1732.7285923842617
Rugarama (2),926.2199485250641,556.6917825331991,374.3272330826684,374.3272330826684,566.2899167148059,1415.724791787015,3335.351628108391,4847.057761711475,4967.034438981561,5015.025109889595,5494.93181896994,5950.843192596267,6814.675268940886,6368.362029496166,5941.24505841466,6382.759230768575,7270.586642567212,8590.330092538159,9406.171497974743,9310.190156158675,8782.292776170296,6440.3480358582165,3676.0853915554358,1842.8417628685213
Ntarama,614.719385433928,378.228112553438,283.4736793458961,283.4736793458961,472.19292548425034,1180.482313710626,3067.6747750941686,5187.805218112918,6362.365379748072,6832.189444402134,7303.9875597480195,7540.873642766874,7544.821744150521,7401.90047406248,7446.908829836061,7542.847693458699,7781.707827169376,8022.542011571879,7556.666048301465,6617.0179189933415,5675.395738993393,3880.1940398488396,2176.9831029432744,1135.4739579370435
Nyamyumba,610.7277098032934,375.8324368020266,281.87432760151995,281.87432760151995,469.79054600253335,1174.4763650063333,3053.638549016466,5167.696006027867,6342.1723710342,6811.9629170367325,7281.7534630392665,7516.648736040534,7516.648736040534,7375.711572239773,7422.690626840026,7516.648736040534,7751.544009041799,7986.439282043067,7516.648736040534,6577.0676440354655,5637.486552030399,3852.2824772207728,2161.036511611653,1127.49731040608
Mukingo,741.5436789512836,450.55818467926093,319.1453808144765,319.1453808144765,506.87795776416857,1267.1948944104217,3144.520663907342,4974.9132891668405,5678.910452728185,5960.509318152724,6429.840760526954,6758.372770188915,7133.8379240883,6861.625687511246,6702.052997104007,6946.105347138607,7462.369933750259,8166.367097311606,8260.23338578645,7697.035654937375,6946.105347138606,4937.366773776901,2797.215396550412,1426.7675848176598
Mbuye,386.1297274693369,247.12302558037564,216.2326473828287,216.2326473828287,401.5749165681105,1003.9372914202763,2857.3599832730943,5405.816184570718,7336.464821917404,8108.724276856077,8572.079949819283,8649.30589531315,8031.498331362211,8108.724276856078,8494.854004325414,8340.40211333768,8108.724276856077,7568.142658399006,6178.075639509392,4633.556729632043,3397.941601730165,2007.8745828405515,1081.1632369141432,617.8075639509391
Byumba,739.2731421825939,448.87404031513285,316.9498768953433,316.9498768953433,501.9755903708971,1254.9389759272428,3105.1961106827807,4891.150587167667,5554.919962864721,5820.427713143544,6282.991996832428,6612.802405381902,7006.915472202028,6730.206613708318,6559.700855326138,6809.858938791965,7336.7258807515,8060.649356121101,8189.254672662404,7658.239172104762,6930.167138137054,4935.955020027218,2797.7879185630827,1425.4447343094237
Gahara,888.1770408422549,533.8266152212516,358.95237920049675,358.95237920049675,543.0305223802386,1357.5763059505966,3198.3577377480156,4647.973115288483,4763.021954775822,4809.041490570758,5269.236848520113,5706.422438572,6534.774082880838,6106.792399987939,5697.218531413013,6120.598260726419,6971.959672932725,8237.496907293451,9019.829015807354,8927.789944217484,8421.575050473193,6175.821703680341,3525.096441892058,1767.1501745255225
Cyanzarwe,565.043790074626,348.99763504609257,265.9029600351181,265.9029600351181,448.7112450592618,1121.7781126481545,2949.860962889591,5068.775175669438,6315.195300834055,6813.763350899901,7270.784063460261,7478.520750987696,7395.426075976722,7287.402998462457,7378.807140974528,7436.973413482208,7603.162763504158,7727.80477602062,7146.1420509437985,6149.005950812106,5193.4171881859,3506.5952854631196,1961.0343302589963,1030.3739701360828
Katabagemu,878.0940725576294,527.7663855786788,354.8773971994564,354.8773971994564,536.8658060196905,1342.164515049226,3162.048603251567,4595.20732271091,4708.950078223556,4754.447180428615,5209.418202479201,5641.640673427256,6460.5885131183095,6037.465462611265,5632.541252986244,6051.114593272782,6892.810984066365,8143.981294705475,8917.43203219147,8826.437827781352,8325.969703525709,6105.711115918853,3485.0780289074823,1747.088724674247
Mugina,690.3866378345617,420.2353447688636,300.1681034063312,300.1681034063312,480.2689654501298,1200.6724136253247,3001.6810340633115,4802.689654501299,5553.109913017127,5853.278016423457,6303.530171532954,6603.6982749392855,6903.866378345616,6663.731895620552,6543.664654258018,6753.782326642451,7204.034481751947,7804.370688564611,7804.370688564611,7204.034481751948,6453.614223236121,4562.555171776234,2581.4456892944486,1320.7396549878574
Gitoki,720.1424249634878,437.22932944211743,308.6324678414947,308.6324678414947,488.66807408236656,1221.6701852059164,3022.026247614635,4758.083879223043,5401.068187226157,5658.261910427403,6108.350926029582,6429.843080031138,6815.633664833007,6545.580255471699,6378.404335390889,6622.738372432073,7137.125818834564,7844.408557637989,7973.005419238612,7458.617972836122,6751.3352340326965,4809.522623863291,2726.253465933203,1388.8461052867262
Rukomo (2),859.8933668655285,516.8271013285041,347.5216715829597,347.5216715829597,525.7379134203749,1314.344783550937,3096.5072019250892,4499.960106394734,4611.345257543118,4655.899318002473,5101.439922596011,5524.703496959872,6326.67658522824,5912.323822956249,5515.792684868001,5925.690041094055,6749.940159592101,7975.176822224331,8732.595850033345,8643.487729114639,8153.3930640617455,5979.1549136452795,3412.8410311865014,1710.8759216391861
Nyamiyaga (1),720.4010038262189,437.0972382765822,307.5869454538912,307.5869454538912,485.66359808509134,1214.1589952127283,2994.9255215247294,4694.748114822549,5301.827612428914,5544.659411471459,5989.85104304946,6313.626775106187,6718.346440177097,6443.137067928878,6265.060415297678,6515.986607641642,7042.122172233824,7770.617569361461,7932.505435389825,7446.841837304734,6758.818406684188,4824.25840764524,2735.904935879348,1392.2356478439285
Mpanga,504.2661673028238,312.9927934983044,243.43883938757008,243.43883938757008,417.32372466440586,1043.3093116610146,2782.158164429372,4868.7767877514025,6172.9134273276695,6694.568083158178,7129.280296350267,7303.165181627102,7129.280296350267,7059.726342239533,7198.834250461001,7216.222738988684,7303.165181627103,7303.165181627103,6607.625640519759,5564.316328858745,4607.949459836148,3060.3739808723094,1704.071875712991,904.2014034395461
Cyanika (2),838.3546282346455,503.8815382135693,338.81689638498625,338.81689638498625,512.5691509413895,1281.4228773534735,3018.9454229175053,4387.244427549181,4495.839586646933,4539.277650286033,4973.658286677041,5386.3198912484995,6168.205036752313,5764.231044908676,5377.632278520679,5777.262464000406,6580.866641323771,7775.413391399044,8513.860473263758,8426.984345985555,7949.165645955446,5829.388140367327,3327.3556747551215,1668.0216437414708
Muyira,684.6881804706476,416.0130716783682,294.67592577217744,294.67592577217744,468.0147056381642,1170.0367640954107,2903.4245627552777,4593.47766644865,5243.498090946099,5503.50626074508,5936.853210410047,6240.196075175523,6586.873634907497,6335.532404101816,6188.194441215727,6413.53485504151,6890.216499672973,7540.236924170424,7626.906314103417,7106.889974505457,6413.534855041509,4558.809910475451,2582.747820003203,1317.3747269814994
Musanze,526.7235071080457,325.7034246851684,249.36668452458204,249.36668452458204,422.3966288885778,1055.9915722214446,2786.2910158614013,4809.21463011694,6017.879682659556,6501.345703676603,6933.920564586593,7124.7624149880585,7022.980094773943,6928.831448575887,7028.069210784649,7073.871254881001,7213.8219451754085,7302.88147536276,6717.633134131597,5750.701092097504,4834.660210170468,3251.945130840978,1816.8144158219552,956.7538100126823
Shyrongi,662.6517066569272,403.3532127476948,288.1094376769249,288.1094376769249,460.9751002830797,1152.4377507076995,2881.0943767692484,4609.751002830798,5330.02459702311,5618.134034700034,6050.298191215422,6338.407628892346,6626.517066569271,6396.029516427731,6280.785741356961,6482.462347730809,6914.6265042461955,7490.845379600047,7490.845379600047,6914.626504246196,6194.352910053885,4379.263452689258,2477.741164021554,1267.6815257784697
Gasaka,830.7314007986802,499.29970203443986,335.7360065403993,335.7360065403993,507.9083175867578,1269.7707939668946,2991.49390443048,4347.350853920554,4454.958548324528,4498.0016260861175,4928.432403702015,5337.341642437116,6112.11704214573,5711.816418962946,5328.733026884798,5724.729342291423,6521.026280880831,7704.710919324547,8436.44324127157,8350.357085748392,7876.883230370905,5776.38103560533,3297.099756537767,1652.8541860450425
Rilima,535.8177726304987,330.65334667904375,250.9778414551778,250.9778414551778,422.2801776864896,1055.700444216224,2768.723806529342,4740.6925608200245,5886.027948413098,6344.162103450328,6772.417944028607,6971.606707088271,6911.850078170372,6804.288146118153,6879.979876080824,6941.728392629321,7111.038841230037,7250.470975371803,6732.580191416673,5816.311881342216,4929.921885726707,3338.403668879984,1868.3905974996571,980.0087142535514
Busasamana (2),826.4483805766705,496.72545153830964,334.0050449998979,334.0050449998979,505.28968346138396,1263.22420865346,2976.070593268321,4324.937121152524,4431.990020190952,4474.811179806324,4903.022775960039,5309.823792306069,6080.604665382756,5682.367880959801,5301.259560382995,5695.214228844412,6487.405681728786,7664.987571151503,8392.94728461282,8307.304965382076,7836.272209612988,5746.599620382858,3280.100826537459,1644.3325292302666
Mamba,427.7595212810182,268.87741337664,219.99061094452367,219.99061094452367,391.0944194569309,977.7360486423273,2688.7741337663997,4888.680243211636,6416.3928192152725,7027.477849616726,7455.237370897746,7577.454376978036,7210.803358737164,7210.803358737164,7455.237370897745,7394.1288678576,7333.020364817455,7088.586352656873,6110.850304014544,4888.680243211636,3849.8356915291633,2444.340121605818,1344.3870668831999,733.3020364817454
Kibilizi,674.059692450947,409.5552561727273,290.10163978901517,290.10163978901517,460.7496631943182,1151.8741579857958,2858.354392038826,4522.172620240532,5162.102708010418,5418.074743118373,5844.69480163163,6143.32884259091,6484.624889401516,6237.185255463827,6092.134435569319,6313.976865996214,6783.2589303607965,7423.1890181306835,7508.513029833334,6996.568959617425,6313.976865996213,4488.0430155594695,2542.6555487390156,1296.9249778803032
Musenyi,613.8810349631748,375.1495213663846,272.8360155391888,272.8360155391888,443.3585252511818,1108.3963131279545,2813.6214102478843,4604.107762223812,5456.720310783777,5797.7653302077615,6224.0716044877445,6479.855369055735,6650.377878767727,6462.803118084535,6411.646365170937,6565.116623911731,6906.161643335718,7332.467917615701,7161.945407903706,6479.855369055735,5712.504075351765,3990.226727260636,2250.8971281983077,1159.5530660415525
Kiziguro,285.590559482665,187.55200921249644,179.0269178846557,179.0269178846557,349.5287444414706,873.8218611036765,2578.8401266718256,5072.429340065244,7097.138530427421,7907.022206572292,8333.27677296433,8354.589501283932,7587.331281778264,7727.995288687637,8192.612766054957,7970.960391531098,7608.644010097866,6862.698518911801,5285.556623261263,3665.789270971521,2429.6510284346127,1270.2386078482714,656.4320322437376,409.2043837363559
Bugarama,594.7847521526428,364.15392988937316,267.04621525220705,267.04621525220705,436.98471586724776,1092.4617896681195,2791.8467958185274,4612.616445265394,5523.001269988827,5887.1551998782,6312.001451415803,6554.770738008717,6676.155381305174,6506.216880690135,6481.9399520308425,6615.463059656946,6918.924667898091,7283.078597787464,7040.309311194548,6312.001451415803,5523.001269988827,3835.754728168064,2160.6466506769475,1116.738718327411
Kigoma (1),670.1165955821336,407.15945048028374,288.40461075686767,288.40461075686767,458.0543817903192,1145.1359544757981,2841.633664810314,4495.718932386467,5131.90557376191,5386.380230312087,5810.504657895717,6107.3917572042565,6446.6912992711605,6200.699131272655,6056.496825894221,6277.041528237708,6743.5783985797,7379.765039955144,7464.589925471869,6955.640612371514,6277.041528237707,4461.788978179776,2527.7815883984285,1289.3382598542319
Jenda,659.8528135976496,400.92322851502763,283.98728686481127,283.98728686481127,451.0386320794061,1127.5965801985155,2798.110032344464,4426.860648186765,5053.303192741495,5303.880210563388,5721.508573599875,6013.848427725416,6347.951118154605,6105.7266675934425,5963.733024161037,6180.899772940011,6640.290972280146,7266.733516834877,7350.259189442174,6849.105153798389,6180.89977294001,4393.450379143845,2489.0650436974634,1269.590223630921
Byimana,659.4267900859369,400.66437878639204,283.80393497369437,283.80393497369437,450.74742613469107,1126.868565336728,2796.3034769466944,4424.002515766413,5050.040607620151,5300.455844361645,5717.8145722641375,6009.965681795881,6343.852664117875,6101.78460193443,5959.882634447582,6176.909172956878,6636.003773649619,7262.041865503357,7345.513611083854,6844.683137600865,6176.909172956877,4390.613817534213,2487.4580182988507,1268.770532823575
Musambira,536.3083265663557,330.03589327160347,247.52691995370262,247.52691995370262,412.5448665895044,1031.362166473761,2681.541632831778,4537.993532484548,5569.355698958309,5981.900565547813,6394.445432137318,6600.7178654320705,6600.7178654320705,6476.954405455219,6518.208892114169,6600.7178654320705,6806.9902987268215,7013.262732021575,6600.7178654320705,5775.62813225306,4950.538399074052,3382.8679060339355,1897.70638631172,990.1076798148106
Mukura (2),784.8261237526434,471.7089655715369,317.18361478086103,317.18361478086103,479.8418787710462,1199.6046969276154,2826.187336829467,4107.121165752175,4208.78258074604,4249.447146743587,4656.09280671905,5042.40618369574,5774.3683716515725,5396.187907874392,5034.27327049623,5408.387277673655,6160.6817486282625,7278.957313560785,7970.254935519072,7888.92580352398,7441.61557755097,5457.184756870712,3114.905755412046,1561.5193343057774
Rukoma,784.7787289840069,471.6804795966051,317.1644604184069,317.1644604184069,479.81290165861554,1199.532254146539,2826.0166665486254,4106.873141315269,4208.528417090399,4249.190527400451,4655.8116305009735,5042.101678446468,5774.019664027407,5395.862038143922,5033.969256384458,5408.060671236937,6160.309711972903,7278.517745499338,7969.773620770225,7888.44940015012,7441.166186739546,5456.8552036090005,3114.717649749996,1561.4250359060031
Rwempasha,650.1014954643533,394.7044793890716,278.61492662757996,278.61492662757996,441.14030049366824,1102.8507512341705,2728.1044898950536,4295.313452175191,4875.7612159826485,5107.940321505633,5514.253756170853,5804.477638074582,6152.746296359057,5908.958235559924,5758.041816969985,5978.61196721682,6442.970178262786,7081.46271845099,7197.552271212482,6733.194060166516,6094.701519978311,4341.749273279787,2461.098518543623,1253.76716982411
Butaro,381.6940896251956,241.0699513422288,200.89162611852402,200.89162611852402,361.6049270133432,904.0123175333581,2511.14532648155,4620.507400726052,6127.1945966149815,6729.869474970554,7131.652727207602,7232.098540266864,6830.315288029817,6850.4044506416685,7111.56356459575,7031.206914148339,6930.761101089079,6629.423661911293,5624.965531318672,4419.615774607529,3415.157644014908,2129.4512368563546,1165.1714314874393,642.8532035792769
Gacurabwenge,774.2330711162356,465.3421567330742,312.9024846998258,312.9024846998258,473.36529736640307,1183.4132434160076,2788.0413700817808,4051.6860198310774,4151.975277747688,4192.090980914332,4593.248012580776,4974.347192663897,5696.429849663495,5323.353810213703,4966.324052030568,5335.388521163695,6077.529029746615,7180.710866829335,7862.6778206622885,7782.446414329,7341.1736794959115,5383.527364963668,3072.862862564956,1540.4430015991422
Rubengera,614.8429751555262,374.25224574684205,267.3230326763158,267.3230326763158,427.7168522821051,1069.292130705263,2673.230326763157,4277.168522821052,4945.476104511841,5212.799137188156,5613.78368620263,5881.106718878946,6148.429751555261,5934.571325414209,5827.642112343682,6014.768235217103,6415.752784231577,6950.398849584209,6950.398849584209,6415.752784231578,5747.445202540789,4063.3100966799993,2298.9780810163156,1176.2213437757894
Gatsibo,660.9923494856367,400.6014239306888,280.42099675148216,280.42099675148216,440.6615663237577,1101.6539158093942,2704.059611532149,4206.314951272233,4707.066731185594,4907.367443150938,5307.968867081628,5608.419935029643,6009.021358960332,5748.630433405385,5568.359792636574,5808.720646994989,6309.472426908349,7010.524918787054,7210.825630752399,6810.22420682171,6209.322070925676,4446.675805630645,2523.78897076334,1281.9245565782044
Mururu,570.02464645706,348.512478144731,254.000619664804,254.000619664804,413.48938084968086,1033.7234521242021,2628.6110639729714,4312.103543146672,5124.314826958545,5449.199340483295,5847.921243445488,6084.2008896453035,6231.87566852019,6060.572925025323,6019.223986940354,6158.038279082747,6468.155314720008,6852.109739794712,6674.900005144848,6025.13097809535,5301.524561608408,3697.7764630271454,2085.1678777133907,1075.0723902091704
Nyamugari,767.9086761747386,461.54096599103457,310.3465116146612,310.3465116146612,469.498568852949,1173.7464221323723,2765.26699451525,4018.589445266767,4118.0594810406965,4157.847495350268,4555.727638445988,4933.713774386922,5649.8980319592165,5279.869498880197,4925.756171525008,5291.805903173069,6027.88416790015,7122.054561413379,7798.450804676102,7718.874776056958,7281.206618651666,5339.551520344555,3047.7618961132116,1527.8597494875628
Juru,763.5471252790538,458.9195157117629,308.58381228894405,308.58381228894405,466.83192115506915,1167.079802887673,2749.5608915489242,3995.7647488696603,4094.6698169109877,4134.231844127519,4529.852116292833,4905.691374849879,5617.807864747442,5249.881011633702,4897.778969406573,5261.74961979866,5993.6471233044895,7081.602871759101,7754.157334440132,7675.033280007069,7239.850980625225,5309.224052458499,3030.4512847862966,1519.1818451148015
Gishali,542.7000339671501,332.6439768638698,245.17583952117891,245.17583952117891,402.883541699667,1007.2088542491673,2584.2858760340478,4293.890378641187,5171.884939088653,5523.082763267638,5917.352018713858,6136.022362070586,6222.165224605054,6073.734446084125,6065.782797234789,6179.093793337821,6440.835567961781,6745.648773852977,6480.593812208458,5778.198163850487,5032.731084225281,3482.822196008963,1960.0814413612088,1015.160503098503
Nyamirama,660.6602689627808,400.03282340865627,278.81075570906347,278.81075570906347,436.3994437185341,1090.9986092963352,2666.8854893910416,4121.550301786156,4576.133055659628,4757.966157209017,5151.9378772326945,5454.993046481676,5879.270283430251,5612.581734491147,5418.626426171799,5667.131664955963,6182.325452679233,6909.657858876791,7152.101994275975,6788.435791177198,6212.630969604131,4460.972091345015,2533.54121492149,1284.9539176156838
Ngororero,759.6228945865266,456.5609107359434,306.9978537707206,306.9978537707206,464.4326505762183,1161.0816264405457,2735.429594495523,3975.2286193388177,4073.6253673422534,4112.984066543628,4506.571058557372,4880.47870097043,5588.93528659517,5222.8993840223875,4872.606961130155,5234.706993782799,5962.842929008227,7045.207157046024,7714.305043469389,7635.58764506664,7202.641953851521,5281.9374328244485,3014.876358825282,1511.3740493327782
Gihundwe,440.6416132055735,274.2582654806474,215.74983551144263,215.74983551144263,372.9912410536805,932.4781026342013,2504.8921580565793,4424.700016421111,5658.862211084025,6152.52708894919,6545.630602804785,6691.901677727797,6490.778949708655,6443.240850358676,6593.168702154763,6591.340313718227,6637.050024631668,6582.198371535538,5887.410765651231,4900.0810099209,4013.31261820014,2640.192902360365,1466.3675261031947,782.5502508381139
Kanama,757.4006128347348,455.225238802224,306.0997295394265,306.0997295394265,463.0739498160554,1157.6848745401385,2727.427077306428,3963.5990619848812,4061.7079496577744,4100.9515047269315,4493.387055418504,4866.200828575498,5572.584819820328,5207.619757677166,4858.352117561666,5219.392824197913,5945.398592977322,7024.596357379146,7691.736793554819,7613.249683416505,7181.570577655774,5266.485090280901,3006.0563182974447,1506.9525146556382
Ntongwe,617.980870935982,375.48204816363466,265.96645078257455,265.96645078257455,422.417304184089,1056.0432604602227,2620.551794475367,4145.947615140134,4732.638315395812,4967.314595498085,5358.441729001871,5632.23072245452,5945.13242925755,5718.278691825354,5585.295466434066,5788.681575856035,6218.921422710199,6805.612122965879,6883.837549666636,6414.484989462093,5788.681575856034,4114.65744445983,2331.1177156825656,1189.02648585151
Bwishyura,710.1168597502035,428.10872884462026,292.2011958780742,292.2011958780742,448.4948587896022,1121.2371469740056,2684.1737760892856,4009.27222251311,4264.0988468253845,4366.029496550294,4756.763653829114,5096.53248624548,5674.1395013533,5354.756798881917,5076.146356300498,5385.335993799389,6013.908333769666,6931.284181293852,7406.960546676763,7203.0992472269445,6710.434440223215,4879.080433499005,2779.309049165868,1399.847589555425
Murambi (3),751.7978605698628,451.8577814824045,303.8354047898927,303.8354047898927,459.6484328872736,1149.121082218184,2707.251363191993,3934.2789594588676,4031.66210201973,4070.6153590440754,4460.147929287528,4830.203871018807,5531.362497457021,5169.0972071306105,4822.413219613938,5180.783184237914,5901.418439188301,6972.633007357795,7634.838376771663,7556.931862722972,7128.446035455175,5227.527092667128,2983.819488064844,1495.8050697348565
Mbazi (1),750.6527172130517,451.1695087912642,303.3726007389535,303.3726007389535,458.9482934255963,1147.3707335639908,2703.127660430419,3928.2862403377317,4025.521048266883,4064.414971438544,4453.3542031551515,4822.8464732859275,5522.93709037582,5161.223604879376,4815.067688651596,5172.891781830874,5892.429360506597,6962.012247727267,7623.208941645498,7545.4210953021775,7117.587940413909,5219.564489636867,2979.2745149492102,1493.5266497917712
Ngarama,581.6137561491369,354.5074323194739,254.80221697962185,254.80221697962185,409.89921861939166,1024.7480465484791,2575.718062946177,4154.383972493834,4846.781301242807,5123.740232742396,5511.482736841821,5760.745775191451,5982.312920391121,5788.441668341409,5705.353988891532,5871.5293477912855,6231.575958740752,6702.406142290053,6647.014355990135,6093.096492990957,5428.395057391944,3822.0332546943273,2160.2796656967935,1107.8357259983559
Kabare,747.5833157024185,449.32468715793027,302.1321172268842,302.1321172268842,457.0716645227222,1142.6791613068056,2692.0746342651855,3912.2235692199106,4009.060786279809,4047.7956731037684,4435.144541343364,4803.125966170979,5500.35392900225,5140.1194815394265,4795.378988806187,5151.739947586614,5868.335353829865,6933.544741488752,7592.037817496063,7514.568043848145,7088.48428878459,5198.2218117753655,2967.0923307152984,1487.419654040045
Rwinkwavu,745.4425339862556,448.0379997015836,301.2669308338235,301.2669308338235,455.7627927998868,1139.406981999717,2684.36560166035,3901.020514643099,3997.5804283718885,4036.204393863404,4422.444048778563,4789.371720947963,5484.6030997952475,5125.400220724151,4781.64692784966,5136.987410371605,5851.530771964648,6913.689822981334,7570.297236337103,7493.049305354071,7068.185684947397,5183.336168961424,2958.595756650113,1483.160274874208
Remera (1),267.7708491205937,175.0672262559408,164.72720678257568,164.72720678257568,319.11439409178627,797.7859852294655,2341.657858321571,4579.915521909491,6380.505119857558,7100.740959036786,7486.708927309813,7512.5589759932245,6844.023234180823,6962.220353333257,7368.511808157379,7178.291105087024,6869.873282864236,6227.1875897352475,4838.4160087436185,3397.9443303851644,2291.740522932911,1226.1836885828513,638.9418929748387,391.494530405342
Musheri,410.1221903185726,256.32636894910786,205.0610951592863,205.0610951592863,358.856916528751,897.1422913218775,2435.1005050165245,4357.5482721348335,5639.180116880372,6151.832854778588,6536.32240820225,6664.485592676803,6408.1592237276955,6382.526586832785,6561.95504509716,6536.32240820225,6536.32240820225,6408.159223727696,5639.180116880373,4613.874641083942,3716.7323497620646,2409.467868121614,1332.897118535361,717.713833057502
Busoro,604.6332274909662,367.37208758944786,260.2218953758589,260.2218953758589,413.29359853812883,1033.2339963453223,2563.951027968021,4056.400133800154,4630.419020658665,4860.026575402071,5242.705833307747,5510.581313841718,5816.7247201662585,5594.770750580967,5464.659802893037,5663.653017003988,6084.60020070023,6658.619087558743,6735.154939139877,6275.939829653068,5663.653017003987,4025.785793167699,2280.768377117822,1163.3449440332515
Kiramuruzi,737.5249159285008,443.2792240813787,298.0670644685133,298.0670644685133,450.92196932416107,1127.3049233104027,2655.853971866881,3859.586347605108,3955.1206631398877,3993.3343893537995,4375.47165149292,4738.502050525083,5426.349122375498,5070.961468586117,4730.859305282301,5082.42558645029,5789.379521407662,6840.256992290241,7489.890337926744,7413.46288549892,6993.111897145888,5128.282057906985,2927.171427985656,1467.4070866142192
Kanjongo,617.4861216644108,374.65450078514806,263.64575981177086,263.64575981177086,416.2827786501645,1040.7069466254113,2567.077135009348,4024.0668602849237,4544.42033359763,4752.561722922712,5134.1542700186965,5411.676122452139,5758.578437993943,5522.684863425517,5370.047844587122,5585.127280223041,6036.1002904273855,6660.524458402632,6799.285384619354,6383.00260596919,5793.268669548123,4135.075601258301,2345.059653062594,1193.343965463805
Kabarondo,549.4001240740554,335.7445202674783,244.17783292180243,244.17783292180243,396.7889784979289,991.9724462448223,2518.083902006087,4120.500930555416,4883.556658436049,5188.778949588301,5570.306813528618,5799.223531892808,5951.834677468934,5783.962417335195,5738.179073662357,5875.529104680871,6180.751395833124,6562.279259773441,6409.668114197313,5799.223531892808,5112.473376800238,3571.10080648136,2014.46712160487,1037.7557899176604
Nyakaliro,458.037821983886,283.44941450123883,217.72201403718347,217.72201403718347,369.71662761031155,924.2915690257789,2444.2377047570594,4231.2014048735655,5309.541568736974,5740.877634282338,6120.864168215157,6285.182669375296,6182.48360615021,6104.432318099144,6198.915456266223,6233.833137762753,6346.802107310348,6408.421545245401,5874.38641647495,5011.714285384223,4200.39168590604,2818.0622948963746,1573.3496486083259,829.8084308586994
Kagano,466.5109787701342,288.13913394625934,219.53457824476905,219.53457824476905,370.46460078804773,926.1615019701193,2435.461727402907,4184.87789779091,5213.946233313265,5625.573567522206,6002.898623880405,6174.410013134129,6105.805457432639,6016.619535020703,6092.084546292342,6140.107735283384,6277.316846686364,6380.2236802386005,5899.991790328168,5076.737121910284,4287.784731343145,2895.112250602891,1619.0675145551716,850.69649069848
Mugombwa,727.7506460857576,437.4045333986936,294.11684142325953,294.11684142325953,444.9459908710849,1112.3649771777123,2620.656471655966,3808.4360235575914,3902.704241962482,3940.4115293244386,4317.484402944002,4675.703632882587,5354.434805397802,5003.757032931608,4668.162175410196,5015.069219140194,5712.654035336387,6749.604437790187,7390.628322943445,7315.213748219532,6900.433587238012,5060.317963974542,2888.3782119258567,1447.9598346991238
Rwankuba,595.7409242991088,361.9691691943952,256.3948281793633,256.3948281793633,407.2153153436946,1018.0382883592367,2526.2431600025498,3996.742909854781,4562.319736721023,4788.55046746752,5165.601685378349,5429.537537915929,5731.178512244592,5512.488805856311,5384.291391766629,5580.35802508026,5995.114364782171,6560.691191648414,6636.101435230578,6183.639973737585,5580.358025080259,3966.578812421914,2247.2252587485373,1146.2357024489183
Kigarama (2),725.2796831103893,435.91939503007853,293.1182138995356,293.1182138995356,443.4352466685282,1108.5881166713204,2611.7584443612463,3795.5050774170636,3889.4532228976836,3927.032481089932,4302.825063012414,4659.828015838771,5336.254663299237,4986.767562111329,4652.312164200322,4998.041339569004,5693.257616125595,6726.68721641242,7365.5346056806375,7290.376089296142,6877.004249181411,5043.136449399702,2878.5711775262084,1443.0435145823292
Mwiri,724.1115270334677,435.2172908594935,292.64610937103873,292.64610937103873,442.72103725362274,1106.8025931340567,2607.5518719598963,3789.3919290352455,3883.18875896186,3920.707490932506,4295.894810638966,4652.322764360103,5327.659939831731,4978.735732504723,4644.819017965974,4989.991352095917,5684.087893552868,6715.853022745633,7353.671466246615,7278.634002305323,6865.927950628216,5035.013830460692,2873.934868951483,1440.7193076728063
Kinigi,316.00063231470057,202.00953663953464,176.03688192873733,176.03688192873733,326.10110914667735,815.2527728666935,2315.8950450460934,4372.063542984213,5923.208199323499,6543.666061859211,6918.826629904062,6983.758266681055,6493.163677699327,6552.3236134294775,6859.666694173913,6738.460972190191,6558.095314476322,6132.432362271587,5021.379910754146,3780.4641856827197,2784.845755102156,1653.592349920762,891.7278117373742,507.90969212225855
Kabaya,590.1079398561166,358.5465963682734,253.9705057608603,253.9705057608603,403.36492091430756,1008.4123022857691,2502.3564538202413,3958.9520015663525,4519.1810583917795,4743.272681121951,5116.758719005569,5378.198945524101,5676.987775830996,5460.365873858497,5333.380620978067,5527.593360677549,5938.4280023495285,6498.657059174956,6573.354266751679,6125.171021291338,5527.593360677548,3929.073118535662,2225.976785786364,1135.3975551661993
Cyeza,578.2621729149768,351.7264763091096,250.38155940648483,250.38155940648483,399.4182019103448,998.5455047758622,2488.911929814462,3964.3746906026768,4560.521260618117,4798.979888624292,5171.571494883942,5424.933787140505,5693.199743647453,5487.529176992126,5377.242061539269,5559.066765393979,5946.562035904015,6468.190284667525,6497.997613168296,6021.0803571559445,5410.030122890118,3833.2224451992797,2169.9735148562017,1108.8326202287185
Rukara,712.7041709894943,428.3610561387634,288.03588257606503,288.03588257606503,435.7465915894317,1089.3664789735792,2566.473569107246,3729.695402587509,3822.014595720863,3858.9422729742046,4228.219045507622,4579.031979414367,5243.730169974517,4900.30277151844,4571.646443963699,4911.381074694442,5594.543103881263,6610.054228348159,7237.8247416549675,7163.969387148284,6757.764937361525,4955.694287398452,2828.660077605972,1418.0228065283202
Ngeruka,708.1841844207736,425.64438027362553,286.2091522529551,286.2091522529551,432.9830764852398,1082.4576912130995,2550.1969335359463,3706.041586865188,3797.775289510366,3834.468770568437,4201.403581149149,4549.991651200825,5210.474310246106,4869.224936406044,4542.652954989211,4880.2329807234655,5559.062380297782,6568.133109394739,7191.922287381949,7118.535325265807,6714.907033627023,4924.265157993151,2810.7206490482517,1409.029672629933
Gahengeri,706.5299063572785,424.6500991577425,285.5405839164131,285.5405839164131,431.97165259149665,1079.9291314787417,2544.239818229578,3697.3844840458614,3788.9039019677884,3825.5116691365592,4191.589340824269,4539.363128927593,5198.302937965468,4857.850703295899,4532.0415754938385,4868.83303344653,5546.076726068792,6552.7903232099925,7175.122365079097,7101.9068307415555,6699.221391885076,4912.762354049055,2804.1549651278515,1405.7382592808028
Mwulire,699.7645239220896,420.5838589376289,282.80638790633674,282.80638790633674,427.8353047813812,1069.588261953453,2519.8774307038975,3661.980151094873,3752.623224141775,3788.8804533605366,4151.452745548148,4495.896423126379,5148.526549064079,4811.3343173296,4488.644977282626,4822.211486095228,5492.970226642309,6490.04403015824,7106.416926877179,7033.902468439656,6635.0729470332835,4865.720161157741,2777.3037581571016,1392.277602000427
Muganza (1),568.8050733756353,345.603082557348,244.8021834781215,244.8021834781215,388.8034678770165,972.0086696925415,2412.0215136814913,3816.0340365707184,4356.038853066574,4572.040779664917,4932.043990662155,5184.046238360221,5472.048807158011,5263.246944779613,5140.845853040552,5328.047522759116,5724.051054856077,6264.055871351933,6336.05651355138,5904.052660354696,5328.047522759115,3787.2337796909383,2145.6191375435355,1094.4097614316022
Kigina,238.99667726895044,156.95304178856446,149.81881261635698,149.81881261635698,292.5033960605065,731.2584901512663,2158.1043245927613,4244.8663574634475,5939.245785862723,6616.997557222433,6973.709015832807,6991.544588763326,6349.463963264653,6467.178744606077,6855.994234491383,6670.5042760139895,6367.299536195172,5743.054483627018,4423.222086768635,3067.718544049215,2033.2553140791306,1063.000146658914,549.3356462599756,342.44300026595886
Gatsata,404.9982272169094,251.66556506071328,196.66580580903423,196.66580580903423,338.3318523663894,845.8296309159736,2262.490096489525,3974.9826004622596,5058.311191783211,5491.642628311592,5845.807744704979,5983.307142834177,5824.974502564192,5774.14139174067,5896.640855528501,5904.140822699184,5962.47390069339,5941.640658552602,5349.976581754236,4483.313708697475,3695.8171557757064,2444.9892976428237,1359.9940469506093,723.3301671281428
Kamembe,424.6529348384792,262.88038823334426,202.21568325641869,202.21568325641869,343.76666153591174,859.4166538397794,2274.9264366347097,3943.205823500164,4954.284239782257,5358.715606295094,5712.593051993827,5864.254814436141,5763.146972807932,5692.371483668186,5783.368541133574,5813.700893622036,5914.808735250245,5965.362656064351,5459.823447923303,4650.960714897629,3892.6519026860597,2608.5823140078005,1455.9529194462145,768.419596374391
Rurenge,360.79374417063184,226.38038849921998,183.93406565561622,183.93406565561622,325.4218084676287,813.5545211690717,2228.4319492891964,4032.400670142356,5270.418419747464,5765.625519589508,6119.34487661954,6225.460683728549,5942.485198104525,5935.410810963924,6126.41926376014,6083.972940916537,6048.601005213533,5871.741326698519,5093.5587412324485,4103.144541548362,3254.218084676287,2079.8698193365835,1146.0507167773012,622.546068372855
Ntyazo,557.5625165166729,338.772161934181,239.9636147033782,239.9636147033782,381.1186821759536,952.7967054398842,2364.3473801656382,3740.609288023249,4269.9407910454065,4481.67339225427,4834.561060935709,5081.582429012716,5363.8925639578665,5159.217716122632,5039.235908770943,5222.737496485291,5610.913932034873,6140.2454350570315,6210.822968793318,5787.357766375592,5222.73749648529,3712.378274528733,2103.210505341374,1072.7785127915731
Gatunda,680.1569101988005,408.7989719329577,274.8820673342302,274.8820673342302,415.84723006973286,1039.6180751743323,2449.2697025293587,3559.3703590714426,3647.4735857811315,3682.714876465007,4035.127783303764,4369.920044800583,5004.2632771103445,4676.519273750301,4362.871786663808,4687.091660955463,5339.055538607164,6308.191032413744,6907.292974039631,6836.8103926718795,6449.156195149247,4729.381209776114,2699.482866384876,1353.2655622608256
Tumba (1),517.2369722590233,315.6845370594978,228.2642037199446,228.2642037199446,369.10807410033584,922.7701852508397,2331.2088890547534,3788.214444713974,4456.00865772445,4723.12634292864,5075.236018879619,5293.786852228502,5463.770833722077,5298.643537414033,5240.363315187664,5378.77884297529,5682.321667070961,6070.85648191342,5973.722778202805,5439.487407794424,4820.260046639254,3380.252889129392,1908.6772779135788,981.0504074772086
Bigogwe,671.7327876162183,403.7357687227011,271.477499658368,271.477499658368,410.69673025240286,1026.741825631007,2418.934131571356,3515.2855724993806,3602.297591620652,3637.1023992691607,3985.1504757542484,4315.796148415081,4942.282686088238,4618.597974957107,4308.835186885379,4629.039417251659,5272.92835874907,6230.060569083061,6821.742299107708,6752.132683810691,6369.279799677095,4670.8051864298695,2666.048265875768,1336.5046137027348
Mimuri,669.2824830660663,402.2630468169103,270.48722113550866,270.48722113550866,409.19861658961565,1022.9965414740391,2410.110496015109,3502.462735216202,3589.1573573750184,3623.835206238545,3970.613694873813,4300.053259077317,4924.2545386207985,4601.750544189999,4293.117689304612,4612.153898849057,5253.694102824303,6207.334946571289,6796.858377251243,6727.502679524189,6346.046342025395,4653.76731748529,2656.323222946149,1331.6293963594273
Karama (3),668.8588531097633,402.0084298483551,270.31601317389396,270.31601317389396,408.93960967332674,1022.3490241833169,2408.5849891776447,3500.245811610678,3586.8855594228235,3621.541458547682,3968.100449796264,4297.331491482417,4921.137675729864,4598.837813868683,4290.400311657445,4609.23458360614,5250.368717416017,6203.405943349619,6792.556228472207,6723.244430222491,6342.029539849051,4650.82166255597,2654.641872964138,1330.786526394555
Nyabirasi,547.1075864733914,332.41979937623785,235.46402455816846,235.46402455816846,373.97227429826756,934.930685745669,2320.0131831466597,3670.4686181126267,4189.874554637998,4397.636929248147,4743.907553598395,4986.296990643567,5263.313490123766,5062.476528000622,4944.744515721538,5124.805240383667,5505.702927168939,6025.108863694311,6094.36298856436,5678.838239344063,5124.805240383666,3642.766968164606,2063.772921127477,1052.6626980247531
Kivumu,543.786065511167,330.40166005741787,234.03450920733766,234.03450920733766,371.70186756459515,929.254668911488,2305.9282524840623,3648.1849964673233,4164.437590307039,4370.938627842925,4715.107023736069,4956.024900861269,5231.359617575784,5031.74194795776,4914.724693354092,5093.6922592185265,5472.277494700984,5988.5300885407,6057.363767719328,5644.361692647556,5093.692259218526,3620.651524795871,2051.243639523136,1046.2719235151567
Muhura,663.583382580992,398.83768072225416,268.18395772703303,268.18395772703303,405.71419245884476,1014.2854811471119,2389.58782846523,3472.638426978248,3558.5948236856298,3592.9773823685828,3936.802969198113,4263.437276686166,4882.323332979318,4562.565537227856,4256.560764949575,4572.880304832742,5208.957640467372,6154.478004248578,6738.981501858778,6670.216384492872,6292.008238980389,4614.139375252285,2633.703995114196,1320.2902534253933
Rugabano,662.7831196277788,398.3566936622919,267.86053539361006,267.86053539361006,405.2249125185383,1013.0622812963458,2386.706052545628,3468.4505224044383,3554.303258107518,3588.64435238875,3932.055295201071,4258.295690872776,4876.435387934953,4557.063211119495,4251.4274720165295,4567.365539403864,5202.675783606657,6147.05587634054,6730.8544791214845,6662.1722905590195,6284.420253465467,4608.574852541342,2630.5278219423762,1318.6980203993112
Bugeshi,364.06702871896476,227.54189294935298,182.03351435948238,182.03351435948238,318.55865012909413,796.3966253227353,2161.6479830188528,3868.212180139,5005.921644885764,5461.00543078447,5802.3182702085005,5916.089216683176,5688.547323733823,5665.793134438888,5825.072459503435,5802.3182702085005,5802.3182702085005,5688.547323733824,5005.921644885765,4095.754073088354,3299.3574477656184,2138.8937937239184,1183.2178433366355,637.1173002581884
Kinazi (1),658.555289114485,395.81561418279927,266.15187850222713,266.15187850222713,402.640021323882,1006.600053309705,2371.4814815262544,3446.325606246787,3531.630695510321,3565.752731215735,3906.9730882698723,4231.132427471302,4845.32907016875,4527.994138108402,4224.30802033022,4538.230748820026,5169.48840937018,6107.844391269058,6687.9189982610915,6619.674926850264,6244.332534090712,4579.177191666522,2613.747935034692,1310.2861710878874
Gishubi,537.6381040289524,326.66618978974327,231.38855110106815,231.38855110106815,367.4994635134612,918.7486587836531,2279.8577829075834,3606.939178928416,4117.35510047489,4321.521469093479,4661.7987501244625,4899.992846846149,5172.214671670936,4974.853848672966,4859.1595731224315,5036.103759258543,5410.408768392623,5920.824689939098,5988.880146145293,5580.547408908114,5036.103759258542,3579.7169964459363,2028.0525949446562,1034.4429343341872
Kavumu,535.8122479500745,325.5568088810579,230.6027396240827,230.6027396240827,366.25140999119014,915.6285249779755,2272.11522864905,3594.6897647283486,4103.372278605001,4306.845284155663,4645.966960073431,4883.352133215869,5154.649473950084,4957.958901917778,4842.657532105737,5019.000803582977,5392.0346470925215,5900.717160969175,5968.5414961527285,5561.595485051406,5019.000803582976,3567.5600306549263,2021.1651884699013,1030.9298947900168
Nyakabuye,650.1961650580593,390.7914774442221,262.77357966077005,262.77357966077005,397.52926153808795,993.82315384522,2341.3799726183993,3402.5809674022785,3486.803268575602,3520.492189044932,3857.381393738227,4177.426138196857,4783.826706644788,4470.519746280023,4170.688354102991,4480.626422420822,5103.871451103418,6030.316764009979,6603.02841198858,6535.650571049921,6165.072445887296,4521.053126984018,2580.571307950639,1293.6545460222526
Ngoma (2),336.6429436072471,211.59148855261554,173.08006699596797,173.08006699596797,307.6487124352883,769.1217810882209,2114.8082354814246,3844.502255396373,5045.217553929783,5525.503673343147,5861.925286941448,5958.203840833066,5670.474829202941,5670.253499193995,5862.146616950394,5814.339335018004,5766.7533830945595,5575.3029253560535,4807.287794312563,3846.7155554858355,3030.0078224741706,1924.2430977787023,1058.4001027809702,577.2286633318215
Bweramana,642.6570126344135,386.2601733968495,259.7266683185712,259.7266683185712,392.91983155886413,982.2995788971604,2314.23121130009,3363.127371817397,3446.3730988425796,3479.671389652653,3812.6542977533854,4128.988060449081,4728.3572950304,4418.683190496718,4122.328402287067,4428.67267773974,5044.691057726095,5960.394055003109,6526.464998774354,6459.868417154207,6093.587218243401,4468.630626711828,2550.64907605161,1278.6543671068123
Nasho,369.268982625302,230.0364154059258,181.60769637309934,181.60769637309934,314.7866737133721,786.9666842834305,2118.7564576861582,3753.225725044052,4812.603953887132,5236.355245424364,5569.302688775046,5690.374486357112,5508.766789984013,5472.445250709393,5605.624228049665,5599.570638170561,5629.838587566079,5569.302688775046,4963.943700864714,4116.441117790251,3359.7423829023373,2203.5067159936048,1222.8251555788688,653.7877069431576
Sovu,524.7320727099178,318.82455050729186,225.83405660933172,225.83405660933172,358.6776193207033,896.6940483017585,2225.129675415474,3520.354411851348,4018.5177720189913,4217.783116086049,4549.892022864478,4782.368257609378,5048.055383032121,4855.432217100632,4742.515188795966,4915.21182032075,5280.531617777021,5778.694977944665,5845.11675930035,5446.586071166236,4915.211820320749,3493.7856993090727,1979.369084399437,1009.6110766064243
Kazo,430.99368119093464,265.2268807328829,198.92016054966214,198.92016054966214,331.5336009161036,828.8340022902589,2154.968405954673,3646.8696100771394,4475.703612367399,4807.237213283502,5138.770814199605,5304.537614657657,5304.537614657657,5205.077534382826,5238.230894474436,5304.537614657657,5470.304415115708,5636.071215573761,5304.537614657657,4641.47041282545,3978.4032109932427,2718.575527512049,1525.0545642140764,795.6806421986487
Mushikiri,519.0137519962705,315.3501277952023,223.3730071882683,223.3730071882683,354.7688937696026,886.9222344240067,2200.8811002373495,3481.9909944053593,3974.7255690853626,4171.819398957365,4500.3091154107005,4730.251916928035,4993.043690090703,4802.519654547768,4690.833150953635,4861.64780350937,5222.986491608038,5715.7210662880425,5781.419009578709,5387.231349834707,4861.647803509369,3455.7118170890917,1957.7987100618811,998.6087380181407
Mugesera,426.3368600368891,262.3611446380856,196.7708584785642,196.7708584785642,327.95143079760703,819.8785769940175,2131.6843001844454,3607.4657387736775,4427.344315767695,4755.295746565302,5083.247177362909,5247.2228927617125,5247.2228927617125,5148.83746352243,5181.632606602191,5247.2228927617125,5411.1986081605155,5575.174323559319,5247.2228927617125,4591.320031166498,3935.417169571284,2689.201732540377,1508.5765816689923,787.0834339142568
Mukindo,632.4875367421221,380.14794954448786,255.61672469370737,255.61672469370737,386.7022245366342,966.7555613415855,2277.610559770854,3309.9088710339033,3391.837308435732,3424.6086833964637,3752.3224330037815,4063.6504951307325,4653.535244423903,4348.761457289098,4057.096220138586,4358.592869777318,4964.863306550855,5866.076117970977,6423.189492303416,6357.646742381952,5997.161617813903,4397.918519730196,2510.2873219920493,1258.420798492098
Remera (4),485.9573846023161,296.399539544675,213.68338897406807,213.68338897406807,344.65062737752913,861.6265684438227,2171.2989524784334,3515.436399250797,4118.574997161473,4359.830436325743,4687.248532334396,4894.038908760913,5066.364222449678,4907.8249338560145,4845.78782092806,4980.201565605296,5273.154598876195,5652.270288991478,5583.340163515972,5100.829285187431,4532.155750014507,3184.5717969683687,1799.076274910702,923.6636813717781
Nyange (2),480.93992569304146,293.45486991439816,211.9396282715098,211.9396282715098,342.3640149001312,855.9100372503281,2160.153903536542,3505.1553906442005,4116.519702965863,4361.0654278945285,4687.126394466082,4890.914498573303,5053.94498185908,4899.066022737592,4842.0053535875695,4972.429740216191,5257.733085966301,5624.551673359299,5543.03643171641,5053.94498185908,4483.338290358861,3146.4883274154913,1777.0322678149669,912.97070640035
Sake,628.4521065480342,377.7225096350878,253.98582544428322,253.98582544428322,384.23496669776176,960.5874167444044,2263.07882927919,3288.790816650334,3370.196529933758,3402.7588152471276,3728.381668380824,4037.7233788578355,4623.844514498489,4321.0152610841515,4031.210921795162,4330.7839466781625,4933.1862249755,5828.649071093167,6382.20792142045,6317.08335079371,5958.898212346644,4369.858689054206,2494.2710550041147,1250.3917560333944
Bushekeri,498.395040608011,303.37089428313715,216.69349591652656,216.69349591652656,346.7095934664424,866.773983666106,2166.934959165265,3467.095934664424,4008.8296744557406,4225.523170372267,4550.563414247056,4767.256910163583,4983.950406080109,4810.5956093468885,4723.918210980277,4875.603658121847,5200.643901996636,5634.030893829689,5634.030893829689,5200.6439019966365,4658.91016220532,3293.741137931203,1863.5640648821284,953.4513820327168
Fumbwe,626.1875829391986,376.36144881319706,253.07062937439113,253.07062937439113,382.8504393099763,957.1260982749408,2254.9241976307926,3276.9402008735265,3358.0525820832668,3390.4975345671633,3714.9470594061263,4023.174108003141,4607.183252713275,4305.445194613038,4016.685117506362,4315.178680358207,4915.4103013102895,5807.646494617437,6359.210686843675,6294.320781875882,5937.426304553022,4354.112623338883,2485.2833602664564,1245.886175381618
Muhanda,509.6885727259802,309.6841960866715,219.35963889472563,219.35963889472563,348.39472059750545,870.9868014937638,2161.3376185215616,3419.429665123665,3903.311221509089,4096.8638440632585,4419.4515483202085,4645.262941300073,4903.333104705633,4716.232236236602,4606.552416789239,4774.2980230028525,5129.144497685497,5613.026054070921,5677.543594922311,5290.438349813971,4774.2980230028525,3393.622648783108,1922.622717371419,980.6666209411266
Ndora,342.19722697626435,213.87326686016524,171.09861348813217,171.09861348813217,299.4225736042313,748.5564340105782,2031.7960351715692,3635.845536622808,4705.211870923634,5132.958404643964,5453.768304934212,5560.704938364294,5346.831671504129,5325.444344818113,5475.155631620229,5453.768304934212,5453.768304934212,5346.83167150413,4705.211870923635,3849.718803482974,3101.162369472396,2010.4087084855532,1112.1409876728592,598.8451472084627
Rukira,619.0845678229757,372.0922791060372,250.19998077819744,250.19998077819744,378.5076632285551,946.2691580713877,2229.345982574964,3239.7689818715307,3319.961283403004,3352.0382040155937,3672.807410141488,3977.5381559610873,4554.9227269876965,4256.607365290615,3971.1227718385694,4266.230441474392,4859.653472807296,5741.768789653505,6287.076440067525,6222.922598842347,5870.076472103862,4304.722746209499,2457.092118924349,1231.7537515234335
Gacaca,615.6366191450835,370.01993689549056,248.8065092917954,248.8065092917954,376.3995909798956,940.998977449739,2216.929794330741,3221.7253126245305,3301.4709886795927,3333.369259101618,3652.3519633218684,3955.3855323311063,4529.554399927557,4232.900485002724,3949.0058782467013,4242.469966129332,4832.587968936795,5709.790405542484,6252.0610027169105,6188.26446187286,5837.383487230584,4280.747890635762,2443.407514327119,1224.893584205762
Zaza,523.9657422651973,317.5549953122407,222.2884967185685,222.2884967185685,349.3104948434648,873.2762371086619,2143.496218357625,3334.3274507785277,3731.2711949188288,3890.048692574949,4207.60368788719,4445.76993437137,4763.32492968361,4556.914182730655,4414.014434840145,4604.547432027491,5001.491176167791,5557.212417964212,5715.989915620333,5398.434920308092,4922.102427339731,3524.8604479658716,2000.596470467117,1016.1759849991705
Nzahaha,612.765623097537,368.2943641415248,247.6462103710253,247.6462103710253,374.6442669715511,936.6106674288777,2206.5912334341356,3206.700929163276,3286.074714538605,3317.824228688736,3635.319370190051,3936.9397546162995,4508.431009318666,4213.1605277224435,3930.5898517862734,4222.6853819674825,4810.051393744914,5683.163032873529,6222.904773425764,6159.405745125501,5810.161089474054,4260.78479894764,2432.0127839000693,1219.1813433650477
Mukamira,610.8740652388261,367.1574692627141,246.8817465732043,246.8817465732043,373.48777045689883,933.719426142247,2199.779664979192,3196.8021030632867,3275.9308679905957,3307.5823739615194,3624.097433670756,3924.78674039453,4494.513847871155,4200.154842341566,3918.4564392003454,4209.650294132843,4795.203154594929,5665.61956879533,6203.695170301032,6140.392158359185,5792.225592679024,4247.632101297951,2424.50535737275,1215.4178292834674
Mudende,610.4994947466665,366.93233881146796,246.7303657525388,246.7303657525388,373.2587584461484,933.1468961153711,2198.4308230514675,3194.8419155136435,3273.922160947149,3305.5542591205517,3621.875240854576,3922.3801735018988,4491.757940623142,4197.5794276105,3916.0537538672183,4207.06905706252,4792.262873270465,5662.145573039032,6199.891241986872,6136.627045640067,5788.673965732641,4245.027574870603,2423.0187200826244,1214.6725698586527
Macuba,610.3411155802374,366.83714718812195,246.66635759201304,246.66635759201304,373.16192558791715,932.9048139697929,2197.8604939288343,3194.013091896579,3273.072821894019,3304.6967138929954,3620.9356338827556,3921.362607873028,4490.592663854596,4196.490468264119,3915.0378294732327,4205.977635863812,4791.019637844869,5660.67666781671,6198.282831799303,6135.03504780135,5787.1722358126135,4243.926306262583,2422.390127121564,1214.3574527606797
Rubona,605.5633605398855,363.9655431224182,244.7354514099019,244.7354514099019,370.24081110728747,925.6020277682187,2180.6556247420745,3169.010332358986,3247.451182169852,3278.8275220941982,3592.5909213376626,3890.6661506189535,4455.440269257188,4163.640307960767,3884.390882634084,4173.053209938071,4753.515498538479,5616.364846458006,6149.762625171894,6087.0099453232015,5741.87020615539,4210.704817847286,2403.4276382049343,1204.8514530949017
Mwogo,422.9969443216123,259.56630674280757,192.27133832800558,192.27133832800558,317.24770824120924,793.1192706030229,2042.882969735059,3412.816255322099,4133.833774052119,4422.2407815441275,4734.681706327136,4902.919127364142,4950.986961946143,4840.430942407541,4845.23772586574,4926.9530446551435,5119.224382983148,5335.529638602155,5095.190465692147,4518.376450708131,3917.528518433114,2701.4123035084785,1518.9435727912442,788.312487144823
Kibirizi (1),599.3860239180608,360.252739764223,242.2389112207707,242.2389112207707,366.463993898089,916.1599847452223,2158.4108115184054,3136.683337602287,3214.324014275611,3245.3802849449403,3555.9429916382364,3850.977562996867,4409.9904350448,4121.167117820034,3844.766308863001,4130.483999020833,4705.02500640343,5559.0724498099935,6087.029051188596,6024.916509849937,5683.297532487311,4167.7515238240285,2378.9103332706454,1192.5607937022558
Kibungo,488.98006065736433,297.1314244185898,210.5655763596306,210.5655763596306,334.5653046603018,836.4132616507546,2076.4105446574677,3287.1626087253435,3755.086111746745,3942.255512955305,4252.254833706984,4468.669453854382,4714.329292940617,4535.348553034932,4431.235573612669,4591.4993733975,4930.743913088016,5392.81837232165,5451.308810199324,5076.9700077822035,4579.8012858219645,3254.4079635138455,1843.6186019043212,940.5262410730166
Ruhango (2),598.231497472196,359.55882749624215,241.77231504057661,241.77231504057661,365.75811762548767,914.3952940637192,2154.25331991283,3130.641515269005,3208.1326418845742,3239.129092530802,3549.09359899308,3843.5598801322435,4401.495991764344,4113.229000754425,3837.3605900029984,4122.527935948293,4695.962272903507,5548.3646656747715,6075.304326660643,6013.311425368188,5672.350468259682,4159.723676723766,2374.3281195010472,1190.2637048151464
Musaza,495.22659499649893,300.67328981930285,212.2399692842138,212.2399692842138,336.04661803333846,840.1165450833462,2078.183032574593,3272.0328597982957,3714.199462473741,3891.0661035439193,4200.582725416732,4421.666026754453,4686.9659883597205,4501.256015236034,4386.292698540417,4554.316007557088,4908.049289697444,5394.432552640434,5482.865873175522,5129.132591035167,4642.749328092176,3307.4061880123313,1874.7863953438884,955.0798617789621
Kacyiru,248.1538790683047,159.40754126511607,141.32240692385494,141.32240692385494,264.55967950644873,661.3991987661218,1893.7719245920598,3606.692505771508,4921.094233788166,5446.854924994828,5754.948106451314,5800.1609423044665,5364.82592280411,5424.765225192289,5695.0088040631335,5582.493432554288,5410.038758657262,5019.916575010057,4058.8208643030366,3007.2994818897105,2173.4456092265627,1263.892531392136,677.1591015492208,391.15561989527674
Rambura,594.6189311169092,357.387544090992,240.3123141301498,240.3123141301498,363.5493982994573,908.8734957486433,2141.244337441719,3111.7363752750166,3188.7595528808333,3219.5688239231604,3527.6615343464296,3820.349609248535,4374.916488010419,4088.390267316779,3814.1877550400695,4097.633048629476,4667.604562912525,5514.859516576515,6038.617124296072,5976.998582211418,5638.096600745821,4134.604173880269,2359.99016184224,1183.0760080253528
Ruhuha,593.8200371328794,356.9073798311606,239.9894450588839,239.9894450588839,363.060955345491,907.6523883637275,2138.3674912297984,3107.5556347368297,3184.475328665959,3215.2432062376106,3522.9219819541286,3815.2168188848204,4369.038615174552,4082.897353758191,3809.0632433704905,4092.127717029686,4661.333452105244,5507.450085325669,6030.504004043749,5968.968248900445,5630.521595612275,4129.049170115668,2356.8194219885263,1181.4864987514284
Gatore,537.0124852734746,324.4450431860576,223.75520219728108,223.75520219728108,346.82056340578566,867.0514085144641,2097.70502059951,3188.5116313112558,3468.2056340578565,3580.0832351564973,3887.746638177759,4139.471240649699,4531.042844494942,4301.693762242729,4117.095720429972,4335.257042572321,4782.767446966883,5426.063653284066,5705.757656030668,5482.002453833386,5062.461449713484,3658.3975559255455,2080.923380434714,1051.649450327221
Remera (3),592.3668694775318,356.03397336473415,239.402154503873,239.402154503873,362.17249014688474,905.4312253672118,2133.1345817973297,3099.9509749860476,3176.68243476293,3207.3750186736825,3514.3008577812125,3805.8804049333653,4358.346915326918,4072.905884956916,3799.741888151215,4082.1136601301414,4649.926462479071,5493.972520024778,6015.746446507577,5954.361278686071,5616.742855667789,4118.944760823045,2351.0519275636757,1178.595222172913
Mushubati,591.9203030902506,355.76557076926974,239.22167689657795,239.22167689657795,361.8994599204641,904.7486498011601,2131.5264800400214,3097.614021353125,3174.287635743053,3204.9570814990248,3511.6515390587406,3803.01127374047,4355.061297347957,4069.8354518174224,3796.8773845892756,4079.0362855442136,4646.421032029687,5489.830790318904,6011.21136817042,5949.872476658477,5612.50857334279,4115.839620451379,2349.2795449074197,1177.706717029307
Mareba,297.13719821766904,187.2371386029147,154.67415797632086,154.67415797632086,276.78533532604786,691.9633383151196,1913.0751118123897,3500.52041735884,4619.872876398004,5067.613860013669,5372.891803387987,5454.2992549544715,5169.373174471776,5177.513919628424,5364.751058231339,5311.836214713123,5250.78062603826,5047.261997122048,4314.594933023687,3419.112965792356,2666.0940388023723,1676.9935022695843,919.9042027012766,504.72619971220496
Jarama,503.68766397290364,305.26525089266875,213.68567562486814,213.68567562486814,335.7917759819357,839.4794399548391,2060.540443525514,3205.2851343730226,3586.8666979888585,3739.4993234351928,4044.764574327862,4273.713512497363,4578.978763390031,4380.556350309797,4243.186987408096,4426.346137943698,4807.9277015595335,5342.141890621704,5494.774516068039,5189.509265175369,4731.611388836366,3388.444284908623,1923.1710806238139,976.8488028565404
Karengera,589.0070928799553,354.01462577240835,238.04431732972284,238.04431732972284,360.1183262167602,900.2958155419005,2121.035904412274,3082.3687243976933,3158.6649799520915,3189.1834821738507,3494.3685043914447,3784.294275498158,4333.627315489826,4049.8052448274643,3778.1905750538062,4058.960795493992,4623.55308659654,5462.811897694922,5981.626435464831,5920.589431021312,5584.885906581959,4095.582998160103,2337.7172701867657,1171.9104853155586
Musha (1),481.68652220846593,292.67029197476415,207.30812348212459,207.30812348212459,329.25407847160966,823.1351961790243,2042.5947460738748,3231.5678072213545,3688.8651384319232,3871.784070916151,4176.648958389864,4390.054379621462,4633.9462896004325,4457.124654865679,4353.470593124617,4512.000334610948,4847.351710832031,5304.649042042601,5365.622019537343,4999.784154568888,4512.000334610947,3207.1786162234566,1816.9947293433274,926.7892579200865
Muhanga,415.7803277462984,254.83310410257,187.77176091768314,187.77176091768314,308.4821786504794,771.2054466261985,1978.3096239541617,3286.0058160594554,3956.6192479083234,4224.864620647871,4526.640664979861,4694.294022942078,4761.355366126965,4647.351082712657,4640.644948394169,4727.824694534522,4929.008724089183,5163.723425236287,4962.539395681626,4426.0486502025315,3856.027233130993,2669.041458758496,1502.1740873414653,777.9115809446873
Niboye,222.8599804240264,144.5496690901945,132.47871551272522,132.47871551272522,252.88647744798118,632.2161936199531,1836.2938129725126,3551.8780901703326,4906.088194642666,5447.7722364316,5748.79164126974,5778.969025213413,5297.639751311826,5375.79917572594,5670.632216855626,5538.304388262619,5327.817135255499,4876.665245297585,3853.651929607064,2770.2838460291973,1927.580399402124,1072.5042253581446,566.4294966227454,337.38315249026607
Nyagihanga,474.08631024201117,288.0524416660321,204.03714618010608,204.03714618010608,324.05899687428615,810.1474921857155,2010.3659991275158,3180.579043395772,3630.6609834989467,3810.6937595402173,4110.748386275667,4320.786624990482,4560.830326378843,4386.798642872282,4284.780069782229,4440.808475684662,4770.868565093657,5220.950505196833,5280.961430543923,4920.895878461382,4440.808475684662,3156.574673256935,1788.325575343283,912.1660652757685
Nyakabanda,242.1417575460155,155.50388099285402,137.73200887938498,137.73200887938498,257.6921456453009,644.2303641132523,1843.8317317724113,3509.9447424101327,4787.29805056572,5298.239373827954,5598.139715742744,5642.569396026417,5220.487433331527,5278.246017700302,5540.38113137397,5431.528414678972,5264.9171136152,4887.264831203983,3954.2415452468585,2932.3588987223898,2121.5172335453653,1235.1451118860973,662.0022362267213,382.0952504395841
Nyarubaka,578.7067373540543,347.8237385133176,233.88147934516186,233.88147934516186,353.8206995221679,884.5517488054198,2083.9439505754804,3028.4653094694036,3103.4273220800324,3133.412127124284,3433.260177566799,3718.1158254871884,4257.842316283715,3978.9836293721764,3712.1188644783383,3987.9790708854516,4542.697964204105,5367.280102921022,5877.021788673298,5817.052178584795,5487.219323098027,4023.9608369385537,2296.8360663896665,1151.4165136992583
Twumba,473.56508971694547,287.73575071409346,203.81282342248286,203.81282342248286,323.70271955335517,809.256798883388,2008.1557601921106,3177.082247468116,3626.669357958887,3806.5042021551953,4106.228942482377,4316.036260711402,4555.816052973148,4381.975703583382,4280.069291872141,4435.926156842274,4765.623371202173,5215.210481692945,5275.155429758381,4915.485741365764,4435.926156842274,3153.1042682419406,1786.3594523499971,911.1632105946294
Gitesi,469.25661320272366,285.11794219912326,201.95854239104563,201.95854239104563,320.75768497401367,801.8942124350343,1989.8856382647143,3148.177278448653,3593.674063134783,3771.872777009235,4068.8706334666554,4276.769132986849,4514.367418152785,4342.108661407481,4241.129390211959,4395.568275569817,4722.2659176729785,5167.762702359109,5227.162273650593,4870.764845901689,4395.568275569816,3124.417449932059,1770.1072244862237,902.8734836305571
Karambi,572.4928355136735,344.08895813257055,231.37016150293542,231.37016150293542,350.0215263762356,875.053815940589,2061.567464673591,2995.94696305083,3070.104066096643,3099.7669073149677,3396.3953194982187,3678.1923110723064,4212.1234530021575,3936.2590296717344,3672.2597428286413,3945.1578820372315,4493.920444576245,5309.648578080184,5813.91687879171,5754.59119635506,5428.299942953484,3980.7532914992216,2272.173637323699,1139.053102783682
Kanyinya,450.01174998028176,274.09806589708063,196.36876362775928,196.36876362775928,315.00822498619715,787.5205624654928,1973.915176049872,3170.53732940653,3681.9143180204865,3886.465113466069,4183.063766862164,4377.387022535467,4561.482738436492,4408.069641852305,4336.47686344635,4469.434880485979,4755.8059941097945,5134.224965684123,5113.769886139564,4704.6682952484,4203.518846406721,2965.9865339609473,1677.3165226537772,859.1133408714469
Kirehe,452.96441372581535,275.7174692244093,196.94104944600667,196.94104944600667,315.1056791136106,787.7641977840266,1969.4104944600663,3151.0567911361063,3643.409414751123,3840.350464197129,4135.76203836614,4332.703087812146,4529.644137258152,4372.091297701348,4293.314877922944,4431.173612535149,4726.585186704159,5120.467285596173,5120.467285596173,4726.585186704159,4234.232563089144,2993.5039515793014,1693.6930252356576,866.5406175624294
Kagarama,315.85119842608486,197.27406501023145,157.3938631887561,157.3938631887561,274.9075245560368,687.268811390092,1862.405425062899,3326.0088319110446,4296.427076233611,4684.594373962638,4978.37852738084,5078.079031934528,4889.312743312878,4867.245698304996,5000.445572388722,4983.695887623703,4989.013247866566,4899.947463798605,4323.013877447928,3546.679281989875,2864.7278308426467,1861.60782102647,1030.5044150669232,554.0689373063644
Gataraga,566.7300847458922,340.62533590944815,229.04117414600825,229.04117414600825,346.4981865285766,866.2454663214414,2040.8155901471248,2965.7895626598506,3039.2001953989557,3068.5644484945974,3362.2069794510185,3641.1673838596184,4169.723939581176,3896.6363857917045,3635.29453324049,3905.445661720397,4448.684343989776,5256.201304119933,5755.393606745848,5696.665100554565,5373.658316502501,3940.6827654351673,2249.3017871261836,1127.5873188726562
Cyato,463.5629224088815,281.65848450159893,199.50809318863256,199.50809318863256,316.86579506429877,792.1644876607471,1965.741506417409,3109.979099705155,3550.0704817389033,3726.1070345524026,4019.5012892415684,4224.877267523984,4459.592671275316,4289.4240035556,4189.669956961284,4342.23496939965,4664.968649557732,5105.060031591481,5163.738882529314,4811.665776902315,4342.234969399649,3086.507559330021,1748.6297579474267,891.9185342550633
Gahunga,561.680714761358,337.59048141097156,227.00049612117056,227.00049612117056,343.41100695254005,858.5275173813502,2022.6326256950454,2939.36539849208,3012.121967761686,3041.2245954695286,3332.2508725479524,3608.725835772455,4132.573134513617,3861.9186968306835,3602.9053102308867,3870.649485143036,4409.04809773812,5209.370359703787,5704.115030737106,5645.909775321422,5325.780870535155,3905.572638392447,2229.2612824207263,1117.5409039811475
Gikonko,459.471456084758,279.17253027934663,197.74720894787055,197.74720894787055,314.06909656426495,785.1727414106626,1948.391617574607,3082.5300218344532,3518.737100395932,3693.219931820524,3984.02465086151,4187.5879541902,4420.231729422989,4251.564992379217,4152.691387905282,4303.909841806595,4623.795032751679,5060.002111313159,5118.163055121356,4769.197392272172,4303.909841806594,3059.2656443111737,1733.1961254842772,884.0463458845978
Shangi,458.3341669060562,278.48151913279366,197.25774271906218,197.25774271906218,313.29170902439284,783.2292725609823,1943.568935614289,3074.9001070912636,3510.027480736254,3684.07843019425,3974.163345957577,4177.222786991905,4409.290719602567,4241.041468459837,4142.412597100306,4293.256753297236,4612.350160636895,5047.477534281886,5105.49451743455,4757.392618518558,4293.256753297235,3051.693313830197,1728.9060979494275,881.8581439205134
Busanze,455.4186316466242,276.7100546713666,196.002955392218,196.002955392218,311.29881150528746,778.2470287632187,1931.205589893913,3055.3401869963404,3487.6996474203506,3660.6434315899546,3948.8830718726285,4150.650820070499,4381.242532296639,4214.063540932688,4116.062063236579,4265.946676183569,4583.01028049451,5015.369740918521,5073.017668975055,4727.130100635847,4265.946676183568,3032.281015773726,1717.9082560847346,876.2485064593277
Ruharambuga,192.73526146546135,126.57241051463134,120.81911912760263,120.81911912760263,235.88494686817657,589.7123671704414,1740.3706445761807,3423.2083752820745,4789.61507970139,5336.177761469116,5623.842330820551,5638.225559288123,5120.42933445554,5215.358642341514,5528.913022934577,5379.327446871832,5134.812562923112,4631.3995665581015,3567.040659957792,2473.91529642234,1639.6880453031788,857.2404166672759,443.0034368012097,276.15798657737747
Muko (1),306.5829571430208,191.61434821438797,153.2914785715104,153.2914785715104,268.26008750014313,670.6502187503578,1820.3363080366853,3257.443919644595,4215.5156607165345,4598.7443571453105,4886.165879466893,4981.973053574086,4790.358705359698,4771.1972705382595,4905.327314288331,4886.165879466893,4886.165879466893,4790.358705359698,4215.515660716535,3449.0582678589835,2778.4080491086256,1801.174873215247,996.3946107148175,536.5201750002864
Rugera,552.8764022152141,332.29877024334104,223.44227654293624,223.44227654293624,338.02805938546766,845.070148463669,1990.927976888983,2893.2910167739183,2964.9071310505,2993.5535767611327,3280.018033867462,3552.1592681184734,4067.795290909865,3801.3833458009794,3546.4299789763472,3809.977279514169,4339.936525160877,5127.713782203281,5614.703359284039,5557.410467862773,5242.2995650458115,3844.353014366928,2194.3177414344764,1100.0235152883015
Save,552.0586792997916,331.80728911282813,223.11179785172928,223.11179785172928,337.5281044423596,843.8202611058991,1987.9833270122028,2889.0117414134174,2960.5219330325613,2989.126009680219,3275.166776156795,3546.9055043095423,4061.7788839673785,3795.7609711441632,3541.184688980011,3804.34219413846,4333.517612120126,5120.12971993071,5606.399022940889,5549.190869645574,5234.54602652134,3838.6670861156495,2191.072271210572,1098.3965432700518
Karenge,410.59061032776594,250.9164840891903,182.48471570122933,182.48471570122933,296.53766301449764,741.3441575362441,1881.873630668927,3079.429577458245,3649.694314024586,3877.800208651123,4162.932576934294,4334.0119979041965,4448.064945217465,4322.60670317287,4288.390818978889,4391.038471560831,4619.144366187367,4904.276734470538,4790.22378715727,4334.0119979041965,3820.773734994488,2668.8389671304785,1505.498904535142,775.5600417302246
Kitabi,449.84784131969815,273.3252706752596,193.60540006164223,193.60540006164223,307.49092950966707,768.7273237741679,1907.5826182544163,3017.9665303726592,3445.037265802752,3615.8655599747894,3900.579383594852,4099.879060128895,4327.650119024945,4162.516101325308,4065.7134012944875,4213.76458957692,4526.949795558988,4954.020530989082,5010.963295713093,4669.306707369019,4213.764589576919,2995.1894244830532,1696.8943887755704,865.5300238049889
Rongi,341.1970314880056,211.2172099687654,162.4747768990503,162.4747768990503,276.2071207283855,690.5178018209638,1827.8412401143155,3168.2581495314807,3980.632034026732,4305.581587824832,4589.912447398171,4711.768530072458,4630.531141622933,4573.664969708266,4646.778619312839,4671.149835847696,4752.38722429722,4793.005918521983,4386.818976274358,3736.9198686781565,3127.6394553067184,2095.9246219977485,1169.8183936731623,617.4041522163911
Rukomo (1),548.4856150071948,329.65974787997203,221.66776150549845,221.66776150549845,335.34353663652325,838.3588415913082,1975.1165929015565,2870.3133220583773,2941.3606815152675,2969.779625298024,3253.969063125586,3523.94902906177,4035.4900171513814,3771.1938399717487,3518.265240305219,3779.7195231065753,4305.469983087565,5086.990937113362,5570.112981420217,5513.275093854704,5200.666712244386,3813.822255645883,2176.891093759126,1091.2874412578385
Kabacuzi,369.25830309845446,227.23587882981815,170.4269091223636,170.4269091223636,284.0448485372727,710.1121213431817,1846.291515492272,3124.49333391,3834.6054552531814,4118.650303790454,4402.695152327727,4544.717576596363,4544.717576596363,4459.504122035181,4487.908606888908,4544.717576596363,4686.740000864999,4828.762425133636,4544.717576596363,3976.6278795218172,3408.538182447272,2329.1677580056357,1306.6063032714544,681.7076364894544
Masoro,548.0301392174706,329.3859904105004,221.48368320706064,221.48368320706064,335.06505921068145,837.6626480267037,1973.476408062912,2867.9297440914265,2938.918104093689,2967.313448094594,3251.2668881036466,3521.0226561122463,4032.13884812854,3768.062148920121,3515.343587312065,3776.580752120393,4301.89461613714,5082.766576162033,5565.487424177421,5508.696736175611,5196.347952165654,3810.655164921479,2175.083350469339,1090.3812096347601
Rutare,302.44342963301386,189.02714352063367,151.22171481650693,151.22171481650693,264.6380009288871,661.5950023222177,1795.7578634460194,3213.461439850772,4158.59715745394,4536.651444495207,4820.1921597761575,4914.705731536475,4725.67858801584,4706.775873663777,4839.094874128221,4820.1921597761575,4820.1921597761575,4725.678588015841,4158.597157453941,3402.488583371406,2740.8935810491885,1776.8551490939567,982.9411463072951,529.2760018577743
Gitambi,540.5462650397782,324.88791059385625,218.4591122958689,218.4591122958689,330.48942629375034,826.2235657343758,1946.5267057131905,2828.7654284465075,2898.784374695183,2926.791953194653,3206.867738189357,3472.939733934326,3977.0761469247923,3716.605666879718,3467.3382182344317,3725.007940429559,4243.148142669761,5013.356551405196,5489.485385896192,5433.470228897251,5125.3868654030775,3758.617034628923,2145.38051305943,1075.4910143796621
Rusatira,442.06360779097463,268.59560979704787,190.25522360624225,190.25522360624225,302.17006102167886,755.4251525541973,1874.5735267085633,2965.743191509071,3385.423831816958,3553.296087940113,3833.083181478705,4028.9341469557185,4252.763821786592,4090.487307534209,3995.3596957310874,4140.848984371155,4448.614787263606,4868.295427571494,4924.252846279212,4588.508334032902,4140.848984371155,2943.360224025983,1667.5310774900058,850.5527643573184
Mutete,538.242770439898,323.503426792892,217.5281662917722,217.5281662917722,329.0810720824246,822.7026802060616,1938.2317381125856,2816.710871213974,2886.4314373331313,2914.319663780794,3193.2019282574256,3458.140079510225,3960.1281555681608,3700.767649604894,3452.5624342206925,3709.1341175391926,4225.066306820961,4991.992534131696,5466.092383741969,5410.315930846642,5103.545439922348,3742.5999892763884,2136.238145890994,1070.9078955902633
Muganza (3),537.6993286190193,323.1767985482188,217.3085369548368,217.3085369548368,328.74881231629155,821.8720307907289,1936.2747844052765,2813.8669528767327,2883.5171249776417,2911.3771938180057,3189.9778822216426,3454.648536205098,3956.129775331644,3697.031135116262,3449.0765224370252,3705.3891557683705,4220.800429315099,4986.952322425101,5460.5734927112835,5404.8533550305565,5098.392597786556,3738.8212383768073,2134.081273171859,1069.8266434699658
Boneza,536.1173464933423,322.22596991309695,216.66918666570314,216.66918666570314,327.7815900840124,819.453975210031,1930.578009393124,2805.5881863123095,2875.033438448753,2902.81153930333,3180.5925478491035,3444.484505967588,3944.4903213499797,3686.1539834024106,3438.9288857966726,3694.4874136587837,4208.382279468465,4972.280052969341,5444.507767497155,5388.951565788001,5083.39245638765,3727.8211346842763,2127.802525460623,1066.6790728157694
Nyarusange,295.7090256301297,184.81814101883108,147.85451281506485,147.85451281506485,258.74539742636347,646.8634935659087,1755.772339678895,3141.9083973201277,4065.999102414283,4435.635384451944,4712.862595980191,4805.271666489607,4620.453525470775,4601.971711368893,4731.344410082074,4712.862595980191,4712.862595980191,4620.453525470776,4065.9991024142832,3326.726538338959,2679.8630447730507,1737.2905255770122,961.0543332979216,517.490794852727
Murama (2),533.073539114844,320.3965312814606,215.4390468961546,215.4390468961546,325.9206094070031,814.8015235175077,1919.6171486259927,2789.659453398925,2858.710429968205,2886.330820595917,3162.5347268730384,3424.9284378363036,3922.0954691351217,3665.225836297399,3419.404359710761,3673.5119534857126,4184.489180098387,4944.049922360471,5413.596563031577,5358.355781776152,5054.531484871319,3706.656422238967,2115.7219220827487,1060.6230001041456
Matyazo,435.0707318088899,264.3467737573002,187.245631411421,187.245631411421,297.39012047696275,743.475301192407,1844.9201918478243,2918.828960236857,3331.870794232638,3497.0875278309513,3772.4487504948056,3965.2016063595033,4185.490584490587,4025.7810753455515,3932.1582596398407,4075.3460954250454,4378.243440355285,4791.285274351067,4846.357518883837,4515.924051687212,4075.3460954250445,2896.800062423748,1641.1528870765721,837.0981168981174
Gihombo,529.8991229964104,318.4885920600186,214.15612224725393,214.15612224725393,323.9797746817431,809.9494367043578,1908.1859610492497,2773.047223970852,2841.687006742408,2869.14291985103,3143.7020509372533,3404.5332254691652,3898.739661424366,3643.399669514179,3399.0420428474404,3651.6364434467655,4159.570835956278,4914.608446443392,5381.35896928997,5326.447143072726,5024.43209887788,3684.583539177112,2103.122944120468,1054.3070633710963
Murambi (2),528.7683484219119,317.8089555281958,213.69912526895922,213.69912526895922,323.2884202786819,808.2210506967048,1904.1140007939314,2767.1296989954976,2835.623008376574,2863.020332129005,3136.9935696533116,3397.268145301403,3890.419972845155,3635.62486194755,3391.788680550917,3643.844059073279,4150.694548493247,4904.12095168509,5369.875455476411,5315.08080797155,5013.710246694813,3676.7208475761954,2098.6349994361894,1052.0572320933377
Gikondo,184.75325478232858,121.2059865371452,115.31743658392355,115.31743658392355,224.74632321462548,561.8658080365639,1656.154674343583,3253.42384915495,4547.678057623454,5065.379741010856,5338.951957587611,5353.673332470665,4865.4143988493715,4954.233360643798,5250.132995793185,5109.543865660018,4880.135773732425,4406.5982149941865,3400.6375979854906,2365.2342312106875,1573.960331246531,827.3412684276387,428.39200909687344,265.96617288717687
Murundi (1),431.8186163152357,262.3708048497635,185.84598676858246,185.84598676858246,295.1671554559839,737.9178886399599,1831.1295755139743,2897.010970216139,3306.965352793894,3470.9471058249965,3744.2500275435004,3935.5620727464525,4154.204410121256,3995.688715524523,3902.765722140232,4044.883241433854,4345.5164553242075,4755.470837901963,4810.131422245664,4482.16791618346,4044.8832414338535,2875.146736478658,1628.8854134422818,830.8408820242511
Hindiro,526.2682331865706,316.30629559400097,212.68871600286272,212.68871600286272,321.75985241458716,804.399631036468,1895.1109951537126,2754.046194396043,2822.2156546533706,2849.483438756302,3122.1612797856133,3381.2052287634588,3872.0253426162185,3618.4349504589595,3375.7516719428722,3626.6152856898384,4131.069291594064,4880.93335442467,5344.4856841744995,5289.950115968637,4990.004490836394,3659.3366266133557,2088.7122622845236,1047.082909552555
Ruheru,290.7402490160849,181.71265563505304,145.37012450804244,145.37012450804244,254.39771788907422,635.9942947226855,1726.2702285330035,3089.115145795901,3997.678423971166,4361.103735241271,4633.6727186938515,4724.529046511378,4542.8163908763245,4524.64512531282,4651.843984257356,4633.6727186938515,4633.6727186938515,4542.816390876325,3997.6784239711665,3270.8278014309544,2634.8335067082694,1708.0989629694986,944.9058093022758,508.7954357781485
Rusenge,430.43612884125594,261.53081246050994,185.25099215952787,185.25099215952787,294.22216401807367,735.5554100451843,1825.2671286306422,2887.7360542514643,3296.377948721011,3459.83470650883,3732.2626361551947,3922.9621869076495,4140.904530624742,3982.89633142985,3890.2708353500857,4031.9333587661954,4331.604081377196,4740.245975846743,4794.731561776016,4467.818046200378,4031.933358766195,2865.941819879755,1623.6704606923327,828.1809061249483
Rusebeya,524.7074020049431,315.3681794433855,212.05791376365576,212.05791376365576,320.80556184758177,802.0139046189545,1889.4903854582146,2745.8781141191325,2813.8453941715857,2841.0323061925674,3112.9014264023826,3371.177090601707,3860.541506979374,3607.703225184246,3365.7397081975105,3615.8592987905404,4118.817171178698,4866.45725175569,5328.634756112376,5274.260932070412,4975.204899839616,3648.483593215718,2082.5174608071834,1043.9774216056899
Gihango,524.0882714541629,314.99605952685437,211.80769519909174,211.80769519909174,320.4270260704208,801.067565176052,1887.260873889343,2742.63810450106,2810.52518629564,2837.6800190134722,3109.2283461917955,3367.199257011202,3855.9862459321826,3603.4463016563427,3361.7682904676353,3611.592751471692,4113.9571567515895,4860.715056491977,5322.347212695126,5268.037547259461,4969.334387363306,3644.1785507330906,2080.0601861859523,1042.7455763647592
Kibeho,522.7599074905456,314.1976646057165,211.2708434417749,211.2708434417749,319.6148657196082,799.0371642990204,1882.4773870773531,2735.6865625152905,2803.401576438936,2830.4875820083944,3101.347637702978,3358.6646906128317,3846.2127908630814,3594.3129390671193,3353.24748949894,3602.4387407379563,4103.529843772935,4848.39499693304,5308.857091613831,5254.685080474914,4956.739019210872,3634.9419474213064,2074.7880266205075,1040.1026138671996
Buruhukiro,522.2678962135104,313.9019479832498,211.0719995059783,211.0719995059783,319.3140505346851,798.2851263367128,1880.705636623781,2733.1117884748473,2800.763070367789,2827.823583124966,3098.428710696733,3355.503581889912,3842.5928115190923,3590.930042877349,3350.0914793384763,3599.0481967045016,4099.667682712271,4843.831783534631,5303.860500406635,5249.739474892281,4952.073834563337,3631.5208120131138,2072.8352771997356,1039.1236898755856
Matimba,180.88171358764103,118.78799101277919,113.38853687583467,113.38853687583467,221.37761961472484,553.4440490368121,1633.3348764257137,3212.675211481982,4495.045569006303,5007.993712016031,5277.966418863257,5291.465054205618,4805.514181880612,4894.6051751401965,5188.875425603672,5048.489618043115,4819.012817222973,4346.560580240329,3347.661564905595,2321.7652788861387,1538.844429029185,804.5186664047318,415.7579685447272,259.1737985733364
Musha (2),520.9183573421697,313.0908261745683,210.52659001393386,210.52659001393386,318.4889438672332,796.2223596680831,1875.845898201077,2726.04943479581,2793.525905954122,2820.5164944174467,3090.422379050696,3346.8329694522818,3832.663561792129,3581.651089083208,3341.434851759617,3589.748265622205,4089.074152193715,4831.315334935149,5290.155338811671,5236.174161885021,4939.277688788447,3622.136971778195,2067.4790762906837,1036.4385969916743
Butare,519.8280224659075,312.43549536811014,210.0859365406258,210.0859365406258,317.8223142537672,794.555785634418,1871.919562765832,2720.343537256821,2787.678773327534,2814.6128677558195,3083.9538120386733,3339.827709107384,3824.6414088165207,3574.1543306334665,3334.4408902217274,3582.234558961952,4080.515305885231,4821.202902663079,5279.08250794393,5225.214319087359,4928.93928037622,3614.5554722758943,2063.1516332066585,1034.2692260461577
Gashonga,519.5742966347299,312.2829969410811,209.9833944948649,209.9833944948649,317.66718654351354,794.1679663587838,1871.0058868452704,2719.015749228379,2786.318119258784,2813.239067270946,3082.448547392568,3338.1975535081087,3822.7746177270274,3572.4098012139193,3332.813363905676,3580.486085617568,4078.5236238425678,4818.849694177028,5276.505810383785,5222.66391435946,4926.533486225676,3612.7912232321623,2062.144617731622,1033.7644036670272
Nyabitekeri,518.9921385377222,311.93309881023714,209.7481181655043,209.7481181655043,317.31125568627573,793.2781392156893,1868.9095144234036,2715.969222399479,2783.196183349961,2810.0869677301534,3078.994811532082,3334.4572631439146,3818.491381987386,3568.407087251592,3329.079106267876,3576.47432256565,4073.953833599218,4813.450404054522,5270.5937385178,5216.812169757414,4921.013541575293,3608.743263821881,2059.834083522773,1032.6061201994057
Maraba,518.2619071797444,311.4942032790173,209.45299875658063,209.45299875658063,316.86479299072454,792.1619824768113,1866.2799248182503,2712.1478044121336,2779.2801758084734,2806.1331243670093,3074.6626099523696,3329.765621258461,3813.1186953121087,3563.386273717724,3324.395031546754,3571.4421582852847,4068.2217066182,4806.67779197794,5263.177917473052,5209.472020355979,4914.089586212083,3603.6656965555276,2056.9358595838557,1031.1532246477816
Mwendo,517.9024065244303,311.27813034628963,209.30770833629822,209.30770833629822,316.644994662605,791.6124866565125,1864.9853499195804,2710.2664797392463,2777.352283693188,2804.1866052747646,3072.5298210905316,3327.4558761155104,3810.4736645838907,3560.9144738752275,3322.089011799195,3568.9647703497003,4065.3997196088694,4803.3435631022285,5259.527029989033,5205.858386825879,4910.680849428535,3601.1659562475925,2055.509033148775,1030.4379487325452
Mutuntu,422.47950969219744,256.69641095222124,181.82662442449003,181.82662442449003,288.78346232124886,721.9586558031224,1791.5270347707108,2834.35620426411,3235.4443463769553,3395.879603222094,3663.2716979639913,3850.446164283319,4064.359840076837,3909.2724251265363,3818.359112914291,3957.4030021800777,4251.5343063961645,4652.622448509011,4706.1008674573895,4385.230353767113,3957.4030021800772,2812.9648366847578,1593.656884661707,812.8719680153673
Rugarama (1),515.2485617403838,309.68307337764,208.23517002979244,208.23517002979244,315.02243671173727,787.5560917793431,1855.4287585987915,2696.3784837191074,2763.1205253953226,2789.8173420658086,3056.785508770671,3310.40526714029,3790.9479672090415,3542.66757217352,3305.0659038061926,3550.6766171746654,4044.5677255786604,4778.730184017031,5232.576067415297,5179.182434074324,4885.517450698976,3582.712797179249,2044.9761569592438,1025.1577601466704
Huye,421.6700902521798,256.2046117987928,181.47826669081155,181.47826669081155,288.2301882736419,720.5754706841049,1788.094686512408,2828.925921945004,3229.245627880618,3389.3735102548635,3656.2533142119396,3843.0691769818923,4056.573020147553,3901.782733852449,3811.0436005070433,3949.821098564723,4243.388882917506,4643.70858885312,4697.0845496445345,4376.8287848960435,3949.821098564722,2807.575537628438,1590.603631584172,811.3146040295106
Nyagisozi (1),514.8485836994695,309.4426720680749,208.07352087336074,208.07352087336074,314.77789055200725,786.9447263800181,1853.9884231664832,2694.2853343858246,2760.9755654349788,2787.6516578546402,3054.412582051257,3307.835460038042,3788.0051235919514,3539.9174640890983,3302.50024155411,3547.9202918149967,4041.4280015787367,4775.020543119432,5228.5141142536795,5175.161929414357,4881.724912798079,3579.9316027185905,2043.388679346081,1024.3619489150067
Nyankenke,419.7933287577727,255.06430101738087,180.6705465539781,180.6705465539781,286.9473386445535,717.3683466113839,1780.1362675171374,2816.3349904002475,3214.872960739905,3374.2881488757685,3639.9801291022072,3825.9645152607136,4038.5180994418647,3884.41675091053,3794.081477633541,3932.241307351289,4224.502485600371,4623.0404559400295,4676.178851985316,4357.34847571359,3932.2413073512885,2795.079631982132,1583.524202149573,807.7036198883728
Kigoma (2),419.7787978708629,255.0554721240686,180.66429275454857,180.66429275454857,286.93740613957715,717.343515348943,1780.0746491992288,2816.237504703258,3214.761679897115,3374.171349974658,3639.8541334372294,3825.832081861029,4038.3783086310864,3884.282294222795,3793.9501478455204,3932.105195246058,4224.356257054887,4622.880432248744,4676.016988941257,4357.197648786172,3932.105195246057,2794.9828820262514,1583.469389436926,807.6756617262173
Uwinkingi,418.8806725311801,254.5097757151474,180.27775779822943,180.27775779822943,286.3234976795408,715.8087441988522,1776.2661430119665,2810.212106854753,3207.883631409671,3366.9522412316383,3632.066590934917,3817.6466357272116,4029.738115489835,3875.971792661933,3785.832913762818,3923.692375608523,4215.31816028213,4612.989684837047,4666.0125547777025,4347.875335133769,3923.6923756085225,2789.0029588784905,1580.0815242315402,805.9476230979669
Kagogo,510.11991603818916,306.60057129756444,206.16245311387954,206.16245311387954,311.88678804407414,779.7169701101855,1836.9603194121316,2669.5394569874147,2735.617166318786,2762.048250051335,3026.3590873768217,3277.454382836034,3753.2138900219093,3507.404811309207,3272.1681660895238,3515.3341364289713,4004.3091854811214,4731.16398812621,5180.4924115795375,5127.63024411444,4836.888323056404,3547.0514369080297,2024.6210139132272,1014.9536153298685
Mukura (1),417.1982233646016,253.48752812026424,179.55366575185383,179.55366575185383,285.1734691352973,712.9336728382433,1769.1317066726776,2798.9247896612515,3194.9990523491642,3353.4287574243294,3617.4782658829386,3802.312921803964,4013.5525285708513,3860.403813664858,3770.626980788931,3907.9327251874074,4198.387184491877,4594.46144717979,4647.271348871512,4330.411938721181,3907.932725187407,2777.8008289845625,1573.7350704133073,802.7105057141702
Karago,507.12649415543206,304.8014161763218,204.95267639442332,204.95267639442332,310.05661300694806,775.1415325173701,1826.1808986426179,2653.8743994662505,2719.5643598490783,2745.84034400221,3008.6001855335217,3258.222034988268,3731.1897497446294,3486.8230971205094,3252.9668381576416,3494.7058923664486,3980.8115991993755,4703.401163410484,5150.092894013714,5097.540925707452,4808.505100023008,3526.2370733502057,2012.7403861298494,1008.9977914802379
Busogo,340.024553684486,209.24587919045294,156.9344093928397,156.9344093928397,261.55734898806617,653.8933724701654,1700.12276842243,2877.130838868728,3531.0242113388936,3792.5815603269593,4054.138909315026,4184.917583809059,4184.917583809059,4106.450379112639,4132.606114011446,4184.917583809059,4315.696258303092,4446.474932797126,4184.917583809059,3661.802885832926,3138.6881878567942,2144.7702617021423,1203.1638053451045,627.7376375713588
Kabagali,413.09661906064593,250.99541411279753,177.78841832989824,177.78841832989824,282.36984087689723,705.9246021922431,1751.7388276622328,2771.4076974954733,3163.588032046719,3320.4601658672177,3581.9137222347154,3764.931211691963,3974.0940567859616,3822.450994092813,3733.5567849278636,3869.512634238962,4157.111546243209,4549.291880794456,4601.5825920679545,4287.838324426958,3869.5126342389617,2750.4914129860726,1558.2631959502849,794.8188113571922
Kinihira (1),413.07398552580946,250.98166209163108,177.77867731490534,177.77867731490534,282.35436985308496,705.8859246327125,1751.6428500145087,2771.25585226176,3163.4146992799338,3320.278238087203,3581.7174694326527,3764.7249313744665,3973.876316450826,3822.2415622704652,3733.3522236130125,3869.300623912646,4156.88377839264,4549.042625410814,4601.330471679903,4287.603394065364,3869.3006239126457,2750.340713754124,1558.1778188188764,794.7752632901652
Nyarugenge (2),504.5628619646348,303.2605802481743,203.91659706342753,203.91659706342753,308.4892109421083,771.2230273552708,1816.9491661420786,2640.45850043669,2705.8163841108653,2731.959537580535,2993.3910722772375,3241.7510302391042,3712.327792693168,3469.196465425235,3236.52239954517,3477.039411466136,3960.6877506550345,4679.624471070965,5124.058080055358,5071.771773116018,4784.197084949646,3508.41119562974,2002.565555776737,1003.8970932353355
Mushonyi,503.33783973971737,302.524297460141,203.4215103611293,203.4215103611293,307.74023362324687,769.3505840581171,1812.537816679293,2634.047762368469,2699.246964407292,2725.3266452228218,2986.1234533781158,3233.880421125645,3703.314675805174,3460.7736442207506,3228.664484962539,3468.597548465409,3951.0716435527033,4668.262865979762,5111.6174398437615,5059.458078212702,4772.581589241879,3499.8931654440444,1997.7035504695518,1001.4597433163289
Gatumba,411.2969161546217,249.901923739517,177.01386264882456,177.01386264882456,281.13966420695664,702.8491605173917,1744.1071760987124,2759.3337412905007,3149.805497133496,3305.994199470694,3566.3087033660245,3748.528856092755,3956.7804592090197,3805.798046949728,3717.291115625316,3852.6546576508877,4139.00061193575,4529.472367778746,4581.535268557812,4269.157863883416,3852.654657650887,2738.508580978874,1551.474443216168,791.356091841804
Ndego,501.70465159982905,301.5426921532651,202.76146541340242,202.76146541340242,306.7417040869421,766.8542602173552,1806.6566469527522,2625.501026506877,2690.4886756778396,2716.4837353462244,2976.434332030074,3223.3873988797304,3691.2984729106593,3449.5444179946794,3218.1883869460535,3457.3429358951944,3938.2515397603156,4653.115680640902,5095.031695003445,5043.041575666675,4757.095919314441,3488.5370074972566,1991.2215705982853,998.2102912659811
Muringa,408.2870395416835,248.07313794937735,175.71847271414228,175.71847271414228,279.0822801930495,697.7057004826239,1731.3437752716961,2739.1408981910417,3126.755176236944,3281.8008874553047,3540.2104061525733,3721.0970692406604,3927.824684198475,3777.9471633540593,3690.0879269969882,3824.4608767195678,4108.711347286562,4496.325625332465,4548.007529071918,4237.916106635196,3824.4608767195673,2718.46813669526,1540.1207314357177,785.564936839695
Ndaro,407.99513951947307,247.89578097385706,175.5928448564821,175.5928448564821,278.8827535955892,697.2068839889731,1730.1059713800441,2737.182581586339,3124.51973935799,3279.454602466651,3537.6793743144194,3718.436714607856,3925.0165320860706,3775.2461644143655,3687.449741986124,3821.7266233469636,4105.773872379507,4493.11103015116,4544.755984520712,4234.8862583033915,3821.7266233469627,2716.5245998385167,1539.019640212696,785.0033064172142
Kageyo (3),496.7056948231535,298.53813782117,200.74116163837294,200.74116163837294,303.6853470939488,759.2133677348719,1788.6552222906305,2599.3406827532904,2663.680798663025,2689.4168450269194,2946.777308665859,3191.269749122852,3654.518583672943,3415.173352488729,3186.122539850073,3422.894166397897,3899.0110241299353,4606.75229913702,5044.265087323217,4992.792994595429,4709.696484592595,3453.77742203457,1971.3811514742779,988.2641803735283
Musasa,494.3595369104178,297.12801182180544,199.79297346638646,199.79297346638646,302.25090857735387,755.6272714433846,1780.2066225530587,2587.062861551927,2651.0990709962816,2676.7135547740236,2932.858392551442,3176.19598843999,3637.2566964393427,3399.0419973063435,3171.0730916844414,3406.726342439666,3880.5942923278903,4584.992596215791,5020.438820437403,4969.20985288192,4687.450531326758,3437.463722972956,1962.0694573750259,983.5961770652872
Nyarugenge (1),171.56760464729894,112.67126275345005,107.54984171920232,107.54984171920232,209.9782624041569,524.9456560103922,1549.229862859938,3047.2455153773985,4263.583011011235,4750.118009264768,5006.189060977155,5018.992613562775,4558.064720480479,4642.568167545567,4921.685613912067,4788.528667021627,4570.8682730660985,4122.743932569422,3175.281041233592,2202.2110447265236,1459.604994760603,763.0917341029117,394.3494196370752,245.82820964389103
Nyange (1),487.835598882956,293.206888447787,197.1563560252361,197.1563560252361,298.2621796279213,745.6554490698031,1756.713685096655,2552.922045967801,2616.1131857194787,2641.38964162015,2894.1542006268633,3134.2805316832405,3589.2567378953236,3354.1856980190805,3129.2252405031063,3361.768634789282,3829.383068951701,4524.485606220162,4954.185356531573,4903.632444730231,4625.591429822846,3392.1003818700874,1936.1765219914212,970.6159065857777
Mukama,487.27757871364395,292.87149808695693,196.93083492054004,196.93083492054004,297.9210066746631,744.8025166866578,1754.7042342278887,2550.001836791608,2613.120694137935,2638.3682370764654,2890.8436664617734,3130.6953243778157,3585.1510972713695,3350.3489479430336,3125.6458157901097,3357.9232108245924,3825.002755187412,4519.310185997008,4948.518415952031,4898.02333007497,4620.300357751131,3388.220262350829,1933.9617890914574,969.5056488395817
Ruhashya,485.02647531790353,291.51850329987985,196.02106256371232,196.02106256371232,296.5446843912571,741.3617109781427,1746.5979292535903,2538.2214511455054,2601.0487147877207,2626.179620244607,2877.488674813469,3116.232276653888,3568.588574877839,3334.871154128798,3111.2060955625107,3342.4104257658632,3807.3321767182583,4498.432076782628,4925.657469549694,4875.395658635922,4598.955698610173,3372.567512314127,1925.0273579974826,965.0267695444298
Kageyo (1),396.8292642167806,241.1114516760186,170.78727827051316,170.78727827051316,271.2503831355209,678.1259578388024,1682.7570064888796,2662.2722789227055,3039.0089221664844,3189.7035794639964,3440.8613416265157,3616.671775140279,3817.5979848702946,3671.9264828160335,3586.5328436807768,3717.134880005287,3993.4084183840578,4370.145061627837,4420.37661406034,4118.987299465318,3717.1348800052865,2642.1796579497036,1496.9002624886155,763.5195969740589
Gakenke,484.5099130635705,291.2080306496071,195.81229647128754,195.81229647128754,296.2288587642555,740.5721469106388,1744.7377698403184,2535.5181978974415,2598.278549330546,2623.382689903788,2874.424095636208,3112.9134310820073,3564.7879614003627,3331.3194540692125,3107.892602967359,3338.850696241185,3803.277296846162,4493.641162610317,4920.411552355431,4870.203271208947,4594.057724903284,3368.9756649290753,1922.9771679103367,963.9989980124926
Murama (1),483.24687083751775,290.44889646192775,195.30184417267557,195.30184417267557,295.45663605609894,738.6415901402473,1740.189508974481,2528.90849505644,2591.5052399835795,2616.5439379544355,2866.930917662994,3104.7985483861244,3555.4951118615295,3322.63522073257,3099.790808791953,3330.1468301238265,3793.36274258466,4481.926936783196,4907.584802287745,4857.507406346033,4582.081728666619,3360.1932676888537,1917.9642645675576,961.4860020808643
Ngera,395.2016556467707,240.12252494993663,170.08678850620512,170.08678850620512,270.1378405686787,675.3446014216969,1675.8551220464328,2651.3528796555506,3026.5443248898264,3176.6209029835372,3426.7485331397215,3601.83787424905,3801.9399783739973,3656.8659528834105,3571.822558630308,3701.8889263115234,3977.0293194833257,4352.220764717602,4402.246290748838,4102.093134561418,3701.888926311523,2631.3426692430553,1490.7606757308567,760.3879956747994
Ntarabana,480.96855581542223,289.079546500461,194.38107437099964,194.38107437099964,294.0636766125379,735.1591915313447,1731.9852139467275,2516.9857065988417,2579.287332999803,2604.2079835601876,2853.4144891640335,3090.160669487687,3538.732379574609,3306.9703293630323,3085.1765393756095,3314.4465245311476,3775.478559898262,4460.796450308838,4884.447509835376,4834.6062087146065,4560.479052550376,3344.3513052036087,1908.9218329254581,956.9529815187675
Rugengabari,479.84266697136667,288.40284646983696,193.9260519366145,193.9260519366145,293.37530934000654,733.4382733500164,1727.930847383937,2511.0937494356494,2573.2495353127692,2598.1118496636172,2846.734993172098,3082.9269795051537,3530.448637820418,3299.229114357531,3077.954516634984,3306.6878086627858,3766.6406241534737,4450.354268801794,4873.013612766211,4823.288984064515,4549.803526205186,3336.522585883803,1904.4532792749578,954.7128710725638
Shingiro,392.7249108773094,238.6176673684918,169.02084771934835,169.02084771934835,268.4448757895533,671.1121894738833,1665.3524701759325,2634.736743860431,3007.576849123699,3156.712891229007,3405.2729614045193,3579.2650105273774,3778.1130666677873,3633.9482259659903,3549.4378021063158,3678.6890385975826,3952.105115790646,4324.945221053915,4374.6572350890165,4076.385150878402,3678.6890385975817,2614.851938246389,1481.4180182460534,755.6226133335574
Kirimbi,391.35107335868014,237.78293064831198,168.42957587588765,168.42957587588765,267.505796979351,668.7644924483776,1659.5267034830108,2625.5198592417787,2997.055688379766,3145.670020034961,3393.3605727936197,3566.7439597246803,3764.8964019316068,3621.235881331585,3537.021093393641,3665.8201808281437,3938.2797888626674,4309.815618000655,4359.353728552386,4062.1250652419967,3665.820180828143,2605.7046150210854,1476.2356944416038,752.9792803863214
Kigeyo,390.5544638143077,237.29891472261735,168.08673126185397,168.08673126185397,266.9612790629445,667.4031976573614,1656.148675668267,2620.1755167289,2990.95507098299,3139.266892684626,3386.4532621873523,3559.4837208392605,3757.232816441442,3613.8647221298606,3529.8213564989333,3658.358268640351,3930.26327509335,4301.04282934744,4350.4801032479845,4053.8564598447133,3658.3582686403506,2600.4006071686817,1473.2307622362496,751.4465632882883
Rurembo,389.3454732002248,236.56433814697203,167.56640618743853,167.56640618743853,266.13488041534356,665.337201038359,1651.021943317409,2612.0645670394833,2981.696345394127,3129.549056735985,3375.9702423057474,3548.465072204581,3745.602020660391,3602.6777330299287,3518.8945299362094,3647.0335464324858,3918.0968505592245,4287.728628913868,4337.012866027821,4041.3074433441056,3647.0335464324853,2592.350872193902,1468.6702659957848,749.1204041320782
Cyanika (1),474.3207299912749,285.08396206729475,191.69438828662925,191.69438828662925,289.99920279259294,724.9980069814824,1708.0461520411195,2482.196566275584,2543.637075341811,2568.213278968302,2813.9753152332114,3047.449249684875,3489.820914961712,3261.2622212353463,3042.534008959577,3268.6350823232933,3723.2948494133752,4399.140449141876,4816.935910792222,4767.78350353924,4497.44526364784,3298.1265266750825,1882.537197789205,943.7262192572516
Cyahinda,385.57494987181707,234.27338726388888,165.9436493119213,165.9436493119213,263.55756067187497,658.8939016796876,1635.0330152792244,2586.7686510387734,2952.8208186385996,3099.2416856785303,3343.276464078415,3514.1008089583333,3709.328631678241,3567.788460206308,3484.816635550347,3611.714720318287,3880.1529765581595,4246.205144157986,4295.0120998379625,4002.170365758102,3611.7147203182867,2567.245868766782,1454.4472792633103,741.8657263356482
Ngoma (1),384.29478948902675,233.49556829713018,165.39269421046723,165.39269421046723,262.68251433427145,656.7062858356787,1629.6044870737212,2578.180233280813,2943.017058745079,3088.9517889307854,3332.176339240296,3502.433524456953,3697.013164704562,3555.9429255250457,3473.2465784198116,3599.7233445807574,3867.270349921219,4232.107175385485,4280.752085447387,3988.8826250759744,3599.723344580757,2558.7222692560517,1449.6183198446834,739.4026329409123
Kayenzi,469.4054744724896,282.1297152269885,189.70791196297503,189.70791196297503,286.9940206619366,717.4850516548415,1690.346138644457,2456.4742446487794,2517.2780625856303,2541.5995897603707,2784.814861507775,3015.8693696678083,3453.6568588131354,3227.4666560880496,3011.00506423286,3234.7631142404716,3684.711366973169,4353.55336427853,4767.019326249117,4718.376271899636,4450.839472977491,3263.94894685016,1863.028981585114,933.946643510031
Simbi,467.06613338597754,280.7236863874269,188.76247877775256,188.76247877775256,285.5637499458308,713.909374864577,1681.9220865453592,2444.2320969939756,2504.732891474024,2528.933209266044,2770.9363871862397,3000.8394062104253,3436.4451264667773,3211.3821710009956,2995.9993426520214,3218.642266338601,3666.348145490963,4331.856884771501,4743.262287235833,4694.861651651794,4428.658155939579,3247.6826476890246,1853.7443428686984,929.2922032135511
Mutenderi,462.83222024682533,278.17895102918,187.0513636230693,187.0513636230693,282.9751398400279,707.4378496000697,1666.6756117696557,2422.075349478205,2482.027709613804,2506.0086536680437,2745.8180942104404,2973.637062725717,3405.2940557020306,3182.271275997602,2968.840873914869,3189.4655592138733,3633.113024217307,4292.588985708898,4700.265034630972,4652.303146522492,4388.5127619258565,3218.242692078961,1836.9403145547574,920.8682516828027
Gishyita,462.62905067014617,278.056838744751,186.9692536387119,186.9692536387119,282.8509221713847,707.1273054284617,1665.9439907551894,2421.0121304499876,2480.938173282908,2504.908590416076,2744.612761747758,2972.331724512856,3403.7992329098834,3180.8743535714193,2967.5376410862223,3188.0654787113695,3631.518195674981,4290.704666837107,4698.201758100966,4650.2609238346295,4386.586335369779,3216.8299792711714,1836.1339524006837,920.4640179136586
Buyoga,378.34636242790117,229.8813341334083,162.8326116778309,162.8326116778309,258.61650090008436,646.541252250211,1604.3801444727455,2538.273064389717,2897.4626489731677,3041.138482806548,3280.5982058621817,3448.220012001125,3639.7877904456323,3500.9011510733644,3419.484845234449,3544.0039012233783,3807.4095965845754,4166.599181168026,4214.491125779153,3927.1394581123923,3544.003901223378,2519.116286545266,1427.1799494115767,727.9575580891263
Ruvune,461.7380731578685,277.5213289446256,186.6091694627655,186.6091694627655,282.3061794436709,705.7654486091772,1662.735548418231,2416.349502017861,2476.1601332559267,2500.084385751153,2739.3269107034166,2966.607309408067,3397.243854322141,3174.7483061165362,2961.822458909022,3181.9255818651036,3624.5242530267915,4282.441196645516,4689.153489064364,4641.304984073911,4378.138206626421,3210.6346848593753,1832.597741134338,918.6912958166918
Kibirizi (2),461.69953562224913,277.4981664879839,186.59359470743746,186.59359470743746,282.28261763432846,705.7065440858212,1662.596773354731,2416.1478289039983,2475.9534682333046,2499.8757239650276,2739.0982812822554,2966.3597107336213,3396.9603139046308,3174.4833355996093,2961.575259587277,3181.6600123191256,3624.2217433559968,4282.083775978373,4688.7621234176595,4640.9176119542135,4377.772798905264,3210.366719197193,1832.444789049963,918.6146200981538
Kinyababa,310.78196531357366,191.25044019296843,143.43783014472632,143.43783014472632,239.06305024121053,597.6576256030263,1553.909826567868,2629.693552653316,3227.3511782563423,3466.4142284975524,3705.4772787387633,3825.0088038593685,3825.0088038593685,3753.289888787005,3777.1961938111262,3825.0088038593685,3944.5403289799733,4064.0718541005795,3825.0088038593685,3346.882703376947,2868.756602894526,1960.317011977926,1099.6900311095685,573.7513205789053
Kamabuye,309.7481898520831,190.614270678205,142.96070300865375,142.96070300865375,238.26783834775625,595.6695958693906,1548.7409492604154,2620.946221825319,3216.6158176947097,3454.883656042465,3693.151494390222,3812.2854135641,3812.2854135641,3740.8050620597733,3764.631845894549,3812.2854135641,3931.4193327379776,4050.5532519118565,3812.2854135641,3335.749736868587,2859.214060173075,1953.796274451601,1096.0320563996788,571.842812034615
Kisaro,373.711114866562,227.06498118474656,160.83769500586214,160.83769500586214,255.44810383283988,638.6202595820998,1584.7243478518772,2507.1758339149105,2861.964867016077,3003.8804802565433,3240.406502323988,3405.974717771199,3595.1955354251545,3458.0104426260364,3377.5915951231054,3500.5851265981764,3760.763750872365,4115.552783973532,4162.857988387021,3879.0267619060874,3500.585126598176,2488.253752149514,1409.6950915219684,719.0391070850309
Rwaza,373.08038998464065,226.68175594003483,160.566243790858,160.566243790858,255.0169754325392,637.5424385813482,1582.0497549981599,2502.9443885045516,2857.134632160856,2998.810729623378,3234.9375587275813,3400.226339100523,3589.1278023838854,3452.174241503448,3371.8911196080185,3494.6770707422043,3754.416582756827,4108.606826413132,4155.832192233972,3872.479997308929,3494.677070742204,2484.054242176215,1407.3159014610499,717.825560476777
Bushoki,453.59167628420994,272.6250489583852,183.31684326512112,183.31684326512112,277.3254808369781,693.3137020924452,1633.4000778110149,2373.7180986893886,2432.473497171799,2455.9756565647635,2690.997250494406,2914.2677647275664,3337.3066338009226,3118.7365514463554,2909.5673328489734,3125.787199264244,3560.5771480340827,4206.8865313405995,4606.423241020992,4559.418922235063,4300.895168912456,3153.989790535801,1800.2654095010612,902.482920689827
Kiyumba,281.4194985695273,174.2120705430407,134.00928503310826,134.00928503310826,227.815784556284,569.5394613907101,1507.6044566224675,2613.1810581456107,3283.227483311152,3551.2460533773683,3785.762302185308,3886.269265960139,3819.264623443585,3772.361373681997,3832.665551946896,3852.766944701862,3919.771587218416,3953.273908476693,3618.250695893922,3082.2135557614897,2579.678736887334,1728.7197769270963,964.8668522383795,509.2352831258114
Murunda,450.1724900673755,270.5699940301324,181.9349959857787,181.9349959857787,275.2349939272037,688.0874848180091,1621.0874642322588,2355.8249480209806,2414.1374467343708,2437.462446219727,2670.71244107329,2892.299936184174,3312.1499269205865,3095.227431706773,2887.634936287103,3102.22493155238,3533.7374220314705,4175.174907878768,4571.699899129823,4525.049900159111,4268.474905820192,3130.2149309348074,1786.6949605782881,895.6799802376797
Rutunga,449.4224700348976,270.11920478781406,181.6318790814612,181.6318790814612,274.77643245656947,686.9410811414236,1618.3866148925065,2351.8999727214846,2410.115318580927,2433.4014569247042,2666.262840362475,2887.481154628357,3306.6316448163443,3090.0705582192177,2882.823926959602,3097.0563997223508,3527.8499590822266,4168.218763536096,4564.0831153803065,4517.510838692752,4261.3633169112045,3124.999765734883,1783.7181971333239,894.1877124010397
Tare,447.34475179340626,268.87042076702136,180.792179481273,180.792179481273,273.5061176767976,683.7652941919939,1610.90467614724,2341.026939436996,2398.973150809199,2422.15163535808,2653.9364808468918,2874.132084061263,3291.3448059411235,3075.7848996365287,2869.4963871514865,3082.7384450011928,3511.540409155494,4148.948734249726,4542.982971580705,4496.6260024829435,4241.662672445251,3110.55262645985,1775.4719164442963,890.0538066770363
Muhima,157.38810616463718,103.17664737459548,97.93037716910757,97.93037716910757,190.61448413272723,476.53621033181815,1403.3772799680148,2754.2918578811505,3847.2648173577977,4284.454001148457,4516.164268557506,4529.279944071225,4118.322111308006,4192.6442725524175,4441.842107313094,4323.801027689616,4131.437786821726,3733.5956295722267,2885.448613018348,2011.0702454370307,1342.1707942373225,708.2464777408672,367.2389143841534,227.33837557114256
Manyagiro,364.2232038068689,221.30017446493304,156.75429024599424,156.75429024599424,248.96269627304966,622.4067406826243,1544.4908009531785,2443.522759716969,2789.304282318427,2927.6168913590104,3158.1379064266494,3319.502616973996,3503.919429028107,3370.2172402888764,3291.840095165879,3411.711023001051,3665.2841395754535,4011.0656621769117,4057.169865190439,3780.544647109273,3411.7110230010508,2425.0810785115577,1373.905249803126,700.7838858056214
Kaduha,353.4088487749418,215.11842968909502,153.65602120649646,153.65602120649646,245.84963393039428,614.6240848259857,1536.5602120649642,2458.496339303943,2842.6363923201843,2996.29241352668,3226.776445336425,3380.4324665429212,3534.0884877494177,3411.163670784221,3349.7012623016217,3457.2604771461697,3687.744508955914,3995.0565513689075,3995.0565513689075,3687.7445089559146,3303.6044559396737,2335.571522338746,1321.4417823758697,676.0864933085844
Kamubuga,364.00124809203925,221.1653152964289,156.65876500163714,156.65876500163714,248.8109797084825,622.0274492712064,1543.5495963396602,2442.033689731403,2787.604494882073,2925.832816942341,3156.2133537094546,3317.479729446434,3501.784158860125,3368.163447535199,3289.8340650343803,3409.631944153279,3663.0505345971037,4008.6213397477745,4054.6974471011968,3778.2408029806606,3409.6319441532787,2423.603246790033,1373.0679991319962,700.356831772025
Shyira,443.955189386514,266.8331708229825,179.42230451890202,179.42230451890202,271.4337427337236,678.5843568343089,1598.6987389825244,2323.2888149242444,2380.7959638085076,2403.798823362213,2633.8274188992673,2852.3545846594684,3266.406056626165,3052.479462776705,2847.7540127487273,3059.3803206428165,3484.933222386366,4117.511860113264,4508.5604725262565,4462.554753418845,4209.523298328086,3086.9837521072627,1762.019041813833,883.3098068622869
Ruli,362.9348154369524,220.5173562148572,156.19979398552383,156.19979398552383,248.08202574171432,620.2050643542859,1539.0273819161907,2434.8791415390483,2779.4375106247626,2917.2608582590487,3146.966437649525,3307.760343222858,3491.524806735239,3358.295570688763,3280.195673696001,3399.6425749790487,3652.3187123085722,3996.877081394287,4042.818197272382,3767.1715020038105,3399.6425749790483,2416.50269518781,1369.0452531672383,698.3049613470478
Rwaniro,362.55573726975257,220.28703023984968,156.03664641989351,156.03664641989351,247.8229090198309,619.5572725495774,1537.4198985489509,2432.335958898341,2776.5344436481055,2914.2138375480117,3143.6794940478558,3304.305453597746,3487.8779787976205,3354.7878980277114,3276.7695748177644,3396.091716197683,3648.5039383475105,3992.702423097276,4038.595554397244,3763.2367665974325,3396.0917161976827,2413.978706378353,1367.615312739067,697.575595759524
Nyarubuye,441.7909556250276,265.5323878368041,178.5476400971614,178.5476400971614,270.11053245468,675.2763311367002,1590.9052547118868,2311.9630320273463,2369.1898397507953,2392.080562840175,2620.987793733972,2838.4496630830786,3250.4826786919125,3037.5989539606817,2833.871518465203,3044.4661708874955,3467.9445480410195,4097.43943299896,4486.581725518415,4440.800279339655,4189.002325356479,3071.935038594751,1753.4293886464825,879.0037666321792
Rwimbogo (1),441.5695370666314,265.3993072524831,178.45815487666968,178.45815487666968,269.97515737752593,674.9378934438148,1590.1079184523774,2310.80431314662,2368.0024397096554,2390.8816903348693,2619.67419658701,2837.027077526544,3248.853588780397,3036.076557965906,2832.451227401501,3042.94033315347,3466.2064697199303,4095.3858619133175,4484.333122541956,4438.574621291528,4186.902864414174,3070.395433903727,1752.5505978913973,878.56322400822
Kanzenze,440.6313500762612,264.8354228437632,178.07899122253042,178.07899122253042,269.4015508238281,673.5038770595702,1586.7294730725466,2305.894629932766,2362.9712296835764,2385.801869583901,2614.108268587145,2830.9993476402274,3241.9508658460663,3029.6259147730493,2826.433219660162,3036.4751067431466,3458.8419448991485,4086.68454215807,4474.805420463585,4429.1441406629365,4178.007101759367,3063.871874623536,1748.8270163648501,876.6965721724575
Mubuga,440.0954485787449,264.513326606914,177.8624092701663,177.8624092701663,269.0739012035849,672.6847530089623,1584.7996723431484,2303.09017131882,2360.0973537772065,2382.900226760561,2610.928956594108,2827.556249935977,3238.0079636363607,3025.9412448911626,2822.995675339306,3032.7821067861687,3454.63525697823,4081.7142640204834,4469.363104737512,4423.757358770803,4172.925755953902,3060.1455543661946,1746.7000705249666,875.6303225608187
Muhororo,360.2378127208775,218.87867102028002,155.039058639365,155.039058639365,246.23850489781503,615.5962622445377,1527.5907248290378,2416.785325848926,2758.783249318113,2895.5824187057883,3123.581034351914,3283.180065304201,3465.578957821101,3333.3397607463485,3255.820231426666,3374.379511562651,3625.1779887733883,3967.175912242576,4012.7756353718005,3739.177296596451,3374.3795115626504,2398.545436597235,1358.8717492509054,693.1157915642202
Cyabakamyi,436.9230437399154,262.6065962374621,176.58029747001763,176.58029747001763,267.1342961725907,667.8357404314769,1573.375727457208,2286.4884672399717,2343.08471642908,2365.723216104723,2592.108212861156,2807.1739597797673,3214.666953941346,3004.128906957864,2802.6462598446387,3010.9204568605564,3429.7327008599573,4052.2914419401477,4437.145936426084,4391.868937074797,4142.845440642721,3038.0866564713283,1734.1090751542756,869.3183875447021
Rwabicuma,435.885154121864,261.9827869333483,176.16083948966525,176.16083948966525,266.4997315356474,666.2493288391184,1569.63824929894,2281.05702416105,2337.5188316897884,2360.1035547012843,2585.95078481624,2800.5056534254472,3207.030667632367,2996.9927436254584,2795.9887088231485,3003.768160528907,3421.5855362415746,4042.6654190577024,4426.605710253127,4381.436264230136,4133.004311103684,3030.869828142702,1729.9897826805586,867.2533636414289
Kansi,355.4285974503822,215.95661617238414,152.9692697887721,152.9692697887721,242.95119319393214,607.3779829848305,1507.197217036431,2384.520970236742,2721.953183006092,2856.926068113832,3081.8808766267325,3239.3492425857626,3419.3130893960824,3288.8393004586005,3212.3546655642144,3329.3311659909227,3576.7814553551125,3914.213668124463,3959.2046298270425,3689.2588596115625,3329.331165990922,2366.5245855557096,1340.730658736885,683.8626178792165
Kimonyi,433.5349455289506,260.57022632828114,175.21101425522355,175.21101425522355,265.0628164373895,662.6570410934736,1561.1750629151327,2268.7580050996894,2324.915381463543,2347.3783320090847,2572.0078374644995,2785.4058676471436,3189.73897746689,2980.833537393354,2780.9132775380353,2987.5724225570166,3403.137007649534,4020.868147651925,4402.7383069261305,4357.812405835047,4110.719949834091,3014.5279632116662,1720.6620117884775,862.5773009487929
Rusarabuye,291.6161814518024,179.45611166264763,134.59208374698574,134.59208374698574,224.32013957830955,560.8003489457739,1458.0809072590118,2467.5215353614053,3028.321884307179,3252.6420238854885,3476.962163463798,3589.122233252953,3589.122233252953,3521.82619137946,3544.2582053372907,3589.122233252953,3701.2823030421073,3813.4423728312627,3589.122233252953,3140.4819540963335,2691.8416749397143,1839.4251445421382,1031.872642060224,538.368334987943
Muzo,432.84410245760574,260.15500458591845,174.93181342846242,174.93181342846242,264.64043569946875,661.601089248672,1558.6873119587356,2265.1427123429107,2321.21060126229,2343.6377568300413,2567.9093125075574,2780.9672904011973,3184.656090620726,2976.083543840636,2776.4818592876472,2982.8116905109614,3397.714068514366,4014.4608466275354,4395.722491279312,4350.868180143809,4104.169468898541,3009.7242771922633,1717.920116489772,861.2027738016611
Bushenge,353.20157719067817,214.6034899386399,152.01080537320328,152.01080537320328,241.4289261809699,603.5723154524248,1497.7535235300911,2369.5802014058163,2704.898154434941,2839.025335646591,3062.5706376660078,3219.052349079599,3397.8885906951327,3268.232315523871,3192.226912837269,3308.4704698873657,3554.370302108724,3889.688255137849,3934.397315541732,3666.142953118432,3308.470469887365,2351.6965772442622,1332.330000035723,679.5777181390265
Muhondo,429.48198014336594,258.1342471328002,173.57302824446913,173.57302824446913,262.58483760060716,656.4620940015178,1546.580187562898,2247.548186242485,2303.1805670900712,2325.4335194291057,2547.963042819451,2759.366090040279,3159.9192321428995,2952.966775389879,2754.9154995724716,2959.6426610915887,3371.3222793637274,3983.2784686871764,4361.578658450763,4317.072753772693,4072.290278043314,2986.3462038984303,1704.5761491700432,854.513369818925
Gashenyi,429.05516912061273,257.87771822793303,173.4005346705067,173.4005346705067,262.323885783587,655.8097144589676,1545.043225589771,2245.314615605279,2300.891710050954,2323.122547829224,2545.430925611925,2756.623884505491,3156.7789645143525,2950.0321731764407,2752.177716949837,2956.7014245099213,3367.971923407918,3979.319962310346,4357.244204540937,4312.782528984397,4068.2433134234257,2983.3784298438454,1702.8821738154888,853.6641706855714
Gashari,428.63109705082974,257.62283553314114,173.22914803090526,173.22914803090526,262.06460855957465,655.1615213989365,1543.5161266856303,2243.0953783489017,2298.6175411793197,2320.826406311487,2542.915057633161,2753.8992763887504,3153.6588487677627,2947.116403038606,2749.457503362317,2953.7790625782563,3364.6430675233523,3975.3868586579547,4352.937565904799,4308.519835640464,4064.2223191866233,2980.4297007368573,1701.1990691240185,852.820421075226
Nemba (2),426.9225242436656,256.5959213070736,172.53863674096328,172.53863674096328,261.0199889158162,652.5499722895406,1537.36349403807,2234.1541424150373,2289.45498752432,2311.5753255680333,2532.778706005166,2742.921917420442,3141.08800220728,2935.368858400747,2738.4978498116993,2942.0049598138608,3351.231213622556,3959.54050982467,4335.586256567795,4291.345580480369,4048.0218619995226,2968.5493654663164,1694.4178941484342,849.4209808785885
Murambi (1),424.0867542598376,254.89152069503191,171.3925742604525,171.3925742604525,259.2862020863256,648.2155052158139,1527.1517834745448,2219.3141026032954,2274.247619994466,2296.221026950934,2515.955096515617,2724.7024626020657,3120.223787818494,2915.8711031233393,2720.3077812107717,2922.4631252102795,3328.9711539049426,3933.2398452078205,4306.787763467781,4262.840949554844,4021.133473033693,2948.831213558042,1683.1629728654696,843.7788271283816
Munyiginya,422.0647831456251,253.67624271965028,170.57540458735107,170.57540458735107,258.0499710424029,645.1249276060072,1519.8705921565254,2208.7328029900586,2263.404407024466,2285.273048638229,2503.9594647758586,2711.7115601066066,3105.3471091543397,2901.968742146344,2707.337831783854,2908.529334630473,3313.0992044850877,3914.4868488635693,4286.253756297539,4242.5164730700135,4001.9614153186208,2934.7717045669883,1675.1379476142424,839.7558379684975
Rwerere,345.1699622892148,209.72352139091532,148.55416098523168,148.55416098523168,235.93896156477973,589.8474039119495,1463.69540970743,2315.6972153580236,2643.3902175313287,2774.4674184006512,2992.9294198495213,3145.8528208637304,3320.6224220228264,3193.914461182482,3119.637380689866,3233.2376214432784,3473.545823037035,3801.2388252103406,3844.931225500114,3582.7768237614705,3233.237621443278,2298.2202552421136,1302.033528635266,664.1244844045652
Kabatwa,344.2821990448924,209.18412093866883,148.1720856648904,148.1720856648904,235.3321360560024,588.3303401400061,1459.930844051126,2309.741335364469,2636.5915243311383,2767.3315999178067,2985.231725895587,3137.7618140800323,3312.081914862257,3185.699841795144,3111.613798962699,3224.9218644711445,3464.6120030467023,3791.4621920133727,3835.0422172089284,3573.5620660355926,3224.921864471144,2292.309325286246,1298.684750827569,662.4163829724513
Giheke,229.99871333966658,143.7491958372916,114.99935666983329,114.99935666983329,201.24887417220822,503.1221854305205,1365.6173604542698,2443.736329233957,3162.4823084204145,3449.9807000949977,3665.6044938509353,3737.4790917695805,3593.7298959322893,3579.3549763485603,3679.9794134346644,3665.6044938509353,3665.6044938509353,3593.7298959322898,3162.482308420415,2587.485525071249,2084.3633396407286,1351.2424408705413,747.4958183539163,402.4977483444165
Nkungu,340.67231828765796,206.99077566845042,146.61846609848573,146.61846609848573,232.86462262700672,582.161556567517,1444.623121852727,2285.5231480058073,2608.946234987761,2738.3154697805426,2953.9308611018455,3104.8616350267566,3277.353948083799,3152.2970211174434,3078.9877880682,3191.107791555278,3428.2847220087106,3751.7078089906645,3794.8308872549246,3536.0924176693616,3191.1077915552773,2268.2739167001027,1285.0677322749632,655.4707896167598
Kigembe,338.3282466761328,205.56652962600472,145.60962515175336,145.60962515175336,231.26234582925534,578.1558645731384,1434.6830713481581,2269.7970979538027,2590.994800494435,2719.473881510688,2933.6056832044433,3083.497944390071,3254.8033857450755,3130.6069407626974,3057.8021281868205,3169.1506650675733,3404.695646930704,3725.8933494713365,3768.719709810087,3511.761547777581,3169.150665067573,2252.666553818302,1276.2255380947795,650.960677149015
Karama (2),307.77128516274524,188.08245204389985,136.787237850109,136.787237850109,222.2792615064271,555.6981537660678,1410.6183903292488,2308.2846387205896,2735.74475700218,2906.728804314816,3120.4588634556117,3248.696898940089,3334.188922596407,3240.147696574457,3214.5000894775617,3291.4429107682477,3462.426958080884,3676.15701722168,3590.664993565361,3248.696898940089,2863.9827924866568,2000.513353557844,1128.4947122633994,581.3457608629633
Gatebe,337.2044029085403,204.88368784316373,145.1259455555743,145.1259455555743,230.4941488235592,576.2353720588981,1429.9174047387469,2262.2573866016,2582.388148856543,2710.4404537585206,2923.860961928483,3073.255317647456,3243.9917241834264,3120.207829444848,3047.6448566670606,3158.623520915441,3393.3860799023996,3713.516842157343,3756.2009437913352,3500.0963339873806,3158.6235209154406,2245.1837459480025,1271.986228692975,648.7983448366853
Jomba,410.06455600486373,246.4636709666538,165.7255718568879,165.7255718568879,250.71304460400992,626.7826115100248,1476.6573389812447,2145.9336868648306,2199.050857331782,2220.2977255185624,2432.7664073863675,2634.6116551607824,3017.055282522831,2819.459408385773,2630.362281523426,2825.8334688418067,3218.900530297246,3803.18940543371,4164.386164608978,4121.892428235417,3888.176878180832,2851.3297106659434,1627.5101031073866,815.8797383723713
Gasange,335.2579040363124,203.70100498408857,144.2882118637294,144.2882118637294,229.16363060709963,572.9090765177492,1421.6632639514514,2249.1985966993116,2567.48141698695,2694.7945451020055,2906.983091960431,3055.515074761329,3225.2659122480695,3102.1965550701825,3030.0524491383176,3140.390493504699,3373.797895048967,3692.080715336606,3734.5184247082902,3479.89216847818,3140.3904935046985,2232.223512950637,1264.6437392762166,645.0531824496138
Muganza (2),409.3378719078953,246.02690746795778,165.43188605604058,165.43188605604058,250.26875070016396,625.6718767504099,1474.0405231916436,2142.1308322641153,2195.153872666692,2216.363088827723,2428.4552504380317,2629.9428039678246,3011.70869486638,2814.462984568793,2625.7009607356185,2820.825749417102,3213.196248396173,3796.449692824521,4157.006367562046,4114.587935239983,3881.2865574686443,2846.276808810339,1624.6259579349628,814.4339005835844
Nyamiyaga (2),405.3696316652727,243.6418511563297,163.82814129477342,163.82814129477342,247.84257272799056,619.6064318199764,1459.7507461521477,2121.364393688733,2173.8734133344933,2194.8770211927977,2404.9130997758407,2604.4473744297316,2982.5123158792085,2787.1787627969784,2600.2466528580703,2793.47984515447,3182.046590533099,3759.645806636467,4116.70714022764,4074.6999245110314,3843.660238069684,2818.684174584435,1608.8763619461083,806.5385417588845
Mushishiro,320.93101888852715,195.34931584519043,139.53522560370746,139.53522560370746,223.2563609659319,558.1409024148297,1395.3522560370743,2232.563609659319,2581.401673668588,2720.936899272295,2930.2397376778563,3069.7749632815635,3209.310188885271,3097.682008402305,3041.867918160822,3139.5425760834178,3348.8454144889783,3627.9158656963937,3627.9158656963937,3348.845414488979,3000.0073504797106,2120.9354291763534,1200.0029401918844,613.9549926563129
Ruramira,222.58027339710912,139.1126708731932,111.29013669855456,111.29013669855456,194.75773922247043,486.8943480561761,1321.570373295335,2364.915404844284,3060.4787592102493,3338.704100956636,3547.373107266426,3616.9294427030222,3477.816771829829,3463.90550474251,3561.284374353745,3547.373107266426,3547.373107266426,3477.8167718298296,3060.47875921025,2504.0280757174773,2017.1337276613015,1307.659106208016,723.3858885406046,389.515478444941
Musebeya,401.39979172158587,241.25583336634173,162.2237500221953,162.2237500221953,245.41541670024418,613.5385417506104,1445.455208531099,2100.589583620734,2152.5843752945148,2173.382291964027,2381.3614586591493,2578.941667019515,2953.304167070735,2759.8835420442715,2574.7820836856126,2766.1229170451247,3150.884375431101,3722.8270838426874,4076.391667224395,4034.7958338853705,3806.018750520736,2791.0804170485394,1593.1204168846361,798.6400001092693
Kivu,328.2097360826808,199.41857382238834,141.25482312419174,141.25482312419174,224.3458955501869,560.8647388754673,1391.7754631354187,2201.913419288872,2513.5049408863533,2638.1415495253464,2845.869230590334,2991.278607335825,3157.460752187816,3036.978697170123,2966.351285608027,3074.3696797618204,3302.870128933307,3614.461650530789,3656.0071867437864,3406.7339694658012,3074.36967976182,2185.2952048036723,1238.0569791473276,631.4921504375632
Kageyo (2),400.82295363401755,240.90913275412453,161.99062374846307,161.99062374846307,245.0627384912646,612.6568462281615,1443.377993656177,2097.5708972557395,2149.4909689699903,2170.258997655691,2377.939284512695,2575.2355570268487,2949.0600733694555,2755.917406592442,2571.0819512897087,2762.147815198152,3146.3563458836093,3717.4771347403703,4070.5336223972768,4028.997565025876,3800.5492494831715,2787.069449620992,1590.83099732465,797.492301530895
Manihira,327.6435721435193,199.07457547960666,141.01115763138804,141.01115763138804,223.9588974145575,559.8972435363938,1389.3746413680883,2198.1151042539905,2509.1691284408757,2633.5907381156303,2840.960087573554,2986.1186321941004,3152.0141117604394,3031.7398890748436,2961.2343102591494,3069.0663719772697,3297.1726563809857,3608.2266805678714,3649.7005504594554,3400.8573311099476,3069.0663719772692,2181.525556297356,1235.9213227692248,630.4028223520878
Kibangu,298.42998510391567,182.37387978572625,132.63554893507364,132.63554893507364,215.53276701949463,538.8319175487367,1367.8040983929466,2238.224888279368,2652.710978701473,2818.5054148703143,3025.7484600813673,3150.0942872079986,3232.99150529242,3141.804565399557,3116.93539997423,3191.542896250209,3357.3373324190516,3564.580377630104,3481.683159545683,3150.0942872079986,2777.0568058281037,1939.7949031754517,1094.2432787143575,563.701082974063
Ruhunde,327.361443382653,198.9031554730044,140.88973512671143,140.88973512671143,223.76604990712994,559.415124767825,1388.1782725720097,2196.2223416810907,2507.0085221076597,2631.3229942782878,2838.513781229334,2983.547332095066,3149.299961655903,3029.1293052242963,2958.6844376609406,3066.423646875485,3294.3335125216354,3605.119692948205,3646.557850338414,3397.9289059971584,3066.4236468754843,2179.6470787250064,1234.8570902282356,629.8599923311806
Muko (2),326.7878203595492,198.55462502858686,140.64285939524902,140.64285939524902,223.3739531571602,558.4348828929006,1385.7458205120124,2192.373984690647,2502.6155862978135,2626.7122269406805,2833.539961345459,2978.319375428803,3143.7815629526253,3023.821476997854,2953.5000473002297,3061.0504691907145,3288.5609770359697,3598.802578643137,3640.1681255240924,3391.974844238359,3061.050469190714,2175.8277659382643,1232.6932970524767,628.7563125905251
Tumba (2),325.8743603505506,197.99961135223327,140.24972470783192,140.24972470783192,222.74956277126245,556.8739069281562,1381.8722875624615,2186.2457086809095,2495.6201014187736,2619.36985851392,2825.6194536724965,2969.9941702834994,3134.9938464103607,3015.3690812183863,2945.2442188644704,3052.49400834693,3279.3685630213636,3588.7429557592286,3629.9928747909435,3382.493360600652,3052.4940083469296,2169.7457410682227,1229.247587145115,626.9987692820721
Munyaga,397.7816118757852,239.0811760496947,160.76148044720853,160.76148044720853,243.20326529193082,608.008163229827,1432.4260116770502,2081.6550673292386,2133.18118285719,2153.79162906837,2359.8960911801764,2555.695330186392,2926.683361987642,2735.0062122236627,2551.5732409441557,2741.1893460870165,3122.4826009938574,3689.2698718013235,4039.6474573913933,3998.4265649690324,3771.7116566460454,2765.9218815404333,1578.7601797764323,791.4411345093342
Kivuruga,393.88663789644295,236.7401554196237,159.18734588560906,159.18734588560906,240.82188223720343,602.0547055930086,1418.4000691089525,2061.2720428777584,2112.2936280975046,2132.7022621854035,2336.7886030643895,2530.670626899426,2898.026040481601,2708.2257434641438,2526.588900081846,2714.3483336905133,3091.908064316637,3653.145501733849,4000.092281228125,3959.2750130523277,3734.780038085443,2738.8386945959915,1563.3013711330325,783.6915489753061
Rushashi,393.42271476003356,236.46132078841393,158.99985363358869,158.99985363358869,240.5382401123521,601.3456002808803,1416.7294650685146,2058.8442585887765,2109.8057501380035,2130.1903467576944,2334.036312954603,2527.6899808416665,2894.6127199961015,2705.0359714329766,2523.613061517728,2711.151350418884,3088.266387883165,3648.842794924664,3995.380937459408,3954.611744220026,3730.3811814034266,2735.6128663625127,1561.4601010683198,782.768510196129
Busengo,321.7079460227666,195.46811910244045,138.45658436422866,138.45658436422866,219.9016339902455,549.7540849756139,1364.2045812357824,2158.293815089447,2463.71275118701,2585.8803256260353,2789.4929496910777,2932.021786536607,3094.9118857886406,2976.816563830916,2907.5882716488018,3013.466836162624,3237.44072263417,3542.8596587317334,3583.5821835447414,3339.247034666691,3013.4668361626236,2142.004805164243,1213.5312394276511,618.9823771577281
Base,392.02080728398994,235.61872354892657,158.4332796277265,158.4332796277265,239.6811153342529,599.2027883356322,1411.6811454008964,2051.5078515897917,2102.287748906371,2122.5997078330024,2325.7192970993187,2518.682906902319,2884.2981675816873,2695.3969495640135,2514.6205151169925,2701.490537242003,3077.261777384688,3635.840647867057,3981.143949619794,3940.520031766531,3717.088483573583,2725.864887953961,1555.8960537799808,779.9792227826536
Munini,320.8812587632572,194.96582810932085,138.10079491076894,138.10079491076894,219.33655662298594,548.3413915574649,1360.699008679635,2152.747685373751,2457.381791794565,2579.235434362891,2782.3248386434334,2924.487421639813,3086.958945064247,2969.167090581532,2900.1166931261478,3005.72318335203,3229.1215280606266,3533.7556344814407,3574.3735153375487,3330.666230200898,3005.7231833520295,2136.5005330313074,1210.4128495120337,617.3917890128494
Mugano,390.05905048020634,234.43963655805143,157.64044527179323,157.64044527179323,238.4816992573282,596.2042481433205,1404.6167879986704,2041.2416631347585,2091.7674468757177,2111.9777603721013,2314.080895335939,2506.0788735515844,2869.864516486492,2681.908600970123,2502.036810852308,2687.971695019038,3061.8624947021376,3617.646115852691,3961.2214452912144,3920.8008182984468,3698.4873698382253,2712.2240712146986,1548.110013822995,776.0760382611359
Musange,387.57102828481374,232.9442449794735,156.63492334826668,156.63492334826668,236.9605250653265,592.4013126633163,1395.6573298339144,2028.2214433557608,2078.424944428923,2098.506344858188,2299.320349150838,2490.0936532288547,2851.558860955624,2664.80183696346,2486.0773731430018,2670.8262570922393,3042.332165033641,3594.5706768384275,3935.954484135932,3895.7916832774017,3674.8962785554872,2694.9239376073574,1538.235272881696,771.1257764837744
Mugunga,386.84431562122177,232.5074643112006,156.34122600235904,156.34122600235904,236.5162136958765,591.2905342396913,1393.0404111748658,2024.4184392613158,2074.527806569764,2094.5715534931437,2295.0090227269375,2485.424618499041,2846.2120631198695,2659.8052167324417,2481.4158691143653,2665.818340809455,3036.6276588919736,3587.8306992849066,3928.5743969823557,3888.4869031355965,3668.0056869784235,2689.8708371175103,1535.3510143308595,769.6798818577677
Mbogo,385.09364645406896,231.45524864596888,155.6337016757377,155.6337016757377,235.44585638124423,588.6146409531106,1386.7361880081758,2015.2569063140395,2065.139503004981,2085.0925416813575,2284.622928445124,2474.176795870702,2833.3314920454814,2647.7682323551785,2470.1861881354266,2653.7541439580914,3022.885359471059,3571.5939230714166,3910.7955805698193,3870.8895032170662,3651.4060777769228,2677.6977903697434,1528.4027626104498,766.1966851728625
Mahembe,314.8661881592863,191.31110166640184,135.51203034703462,135.51203034703462,215.22498937470206,538.0624734367552,1335.1920637134294,2112.3934142331873,2411.31701058694,2530.886449128441,2730.16884669761,2869.666524996028,3029.092443051363,2913.5086524612448,2845.7526372877273,2949.379484023695,3168.5901213497805,3467.5137177035335,3507.3701972173667,3268.231320134365,2949.3794840236947,2096.4508224276533,1187.7230895122448,605.8184886102725
Bukure,381.7361082373546,229.43724640172607,154.2767691321951,154.2767691321951,233.39306099485927,583.4826524871482,1374.6455711137899,1997.6863695322702,2047.1340519464352,2066.913124912101,2264.703854568762,2452.6050477425892,2808.6283611245776,2624.6829825438836,2448.649233149456,2630.6167044335834,2996.529554298405,3540.4540608542216,3876.698301270544,3837.140155339212,3619.5703527168853,2654.3515919923825,1515.0769891700188,759.516401881576
Gikundamvura,381.6895177380673,229.40924382184355,154.25793981123965,154.25793981123965,233.36457561187535,583.4114390296884,1374.4777970360453,1997.4425539660517,2046.884201341449,2066.660860291608,2264.4274497931974,2452.3057098197073,2808.285570922568,2624.3626426860897,2448.350378029675,2630.2956403711373,2996.1638309490772,3540.021952078448,3876.22515423115,3836.671836330832,3619.1285878790836,2654.027631111328,1514.892075582174,759.4237036861028
Nyagisozi (2),311.52379386589865,189.2802798172549,134.0735315372222,134.0735315372222,212.94031479441173,532.3507869860294,1321.0186195579247,2089.9697563155232,2385.7201935299836,2504.020368415768,2701.187326558742,2839.2041972588236,2996.9377637732027,2882.5809280502776,2815.5441622816666,2918.070980516013,3134.954634473284,3430.705071687745,3470.1384633163398,3233.538113544771,2918.0709805160127,2074.1963996640848,1175.1150705321243,599.3875527546405
Nzige,297.69750091269003,181.20717446859393,129.43369604899567,129.43369604899567,207.09391367839302,517.7347841959826,1294.3369604899565,2070.9391367839303,2394.52337690642,2523.957072955415,2718.1076170289084,2847.5413130779043,2976.9750091268997,2873.4280522877034,2821.6545738681048,2912.2581611024025,3106.4087051758956,3365.276097273887,3365.276097273887,3106.408705175896,2782.824465053407,1967.3921799447342,1113.1297860213629,569.508262615581
Nyakarenzo,373.8318039862184,224.68647286218305,151.08228347629552,151.08228347629552,228.56037756670347,571.4009439167587,1346.1818848208381,1956.321875782801,2004.7456845893057,2024.1152081119078,2217.8104433379276,2401.8209168026465,2750.4723402094824,2570.335771449284,2397.9470120981264,2576.146628506064,2934.482813674201,3467.144710545756,3796.42661042999,3757.687563384786,3544.622804636164,2599.3900567331866,1483.7055018313124,743.7897032679164
Gashanda,240.7859464675096,148.63330028858618,112.9613082193255,112.9613082193255,190.2506243693903,475.6265609234758,1248.5197224241235,2140.319524155641,2660.536075165692,2868.622695569713,3061.8459859448753,3151.0259661180266,3121.2993060603094,3073.736649967962,3109.4086420372228,3136.1626360891682,3210.4792862334607,3269.932606348896,3032.1193258871576,2615.9460850791165,2214.636174299934,1498.2236669089486,838.2918136276261,439.95456885421504
Remera (2),372.4753086752294,223.8711699809669,150.5340625734088,150.5340625734088,227.73101773925944,569.3275443481485,1341.297096006655,1949.223117937729,1997.4712149163856,2016.7704537078482,2209.762841622475,2393.1056101413706,2740.4919083876985,2561.0089876270954,2389.245762383078,2566.798759264534,2923.8346769065934,3454.563743671817,3782.650803126682,3744.052325543757,3531.7606988376674,2589.957845814289,1478.3216914260402,741.0907695921663
Kimihurura,146.1748072862031,94.52680524110002,85.7576063919939,85.7576063919939,162.74601393488166,406.8650348372041,1176.7491102660817,2265.8062320411022,3118.5463407133725,3459.6423841822807,3652.1134030395,3674.036400162265,3376.7863509388876,3423.082562509904,3605.8171914684835,3525.411375550577,3398.709348061653,3123.382295961041,2485.036203268756,1802.8441163309394,1269.2770540048118,716.2372118814046,380.04160306346756,224.1304058786246
Ruganda,249.4479497184926,153.50643059599545,115.12982294699658,115.12982294699658,191.8830382449943,479.70759561248576,1247.2397485924628,2110.7134206949377,2590.421016307423,2782.3040545524173,2974.187092797412,3070.128611919909,3070.128611919909,3012.5637004464106,3031.75200427091,3070.128611919909,3166.070131042406,3262.0116501649036,3070.128611919909,2686.36253542992,2302.5964589399314,1573.4409136089532,882.6619759269738,460.5192917879864
Miyove,302.4139162311537,183.74516429234654,130.1528247070788,130.1528247070788,206.71330982888986,516.7832745722247,1282.3881257903354,2028.8528557279935,2315.9546749347846,2430.7954026175016,2622.1966154220295,2756.1774643851986,2909.298434628821,2798.2857312021947,2733.209318848655,2832.7379495070095,3043.27928359199,3330.3811027987817,3368.6613453596865,3138.979889994254,2832.737949507009,2013.540758703631,1140.751228314985,581.8596869257641
Rusasa,302.0593004596289,183.529701545091,130.00020526110612,130.00020526110612,206.47091423822738,516.1772855955685,1280.884375366781,2026.4737878937135,2313.238946557918,2427.9450100236,2619.121782466403,2752.945523176365,2905.8869411306077,2795.004413113782,2730.004310483229,2829.4162321534864,3039.7106818405696,3326.4758405047746,3364.711194993335,3135.2990680619714,2829.416232153486,2011.1796460982887,1139.4135637591066,581.1773882261216
Gatare,368.19811828687455,221.30042342630801,148.80545713148297,148.80545713148297,225.11594796814092,562.7898699203522,1325.8947782869316,1926.8398936256128,1974.533950398524,1993.6115731076884,2184.3878001993335,2365.625215936396,2709.0224247013566,2531.600533506127,2361.8096913945633,2537.323820318876,2890.2598404384194,3414.8944649404425,3739.2140509962387,3701.05880557791,3491.2049557771,2560.2169675698733,1461.3458995219994,732.5807120319162
Cyabingo,300.79990529245896,182.76449941820292,129.45818708789372,129.45818708789372,205.61006184547827,514.0251546136958,1275.543902189541,2018.0246810759909,2303.594211416933,2417.8220235533095,2608.201710447271,2741.467491273044,2893.771240788213,2783.3510223897156,2718.6219288457687,2817.6193660306285,3027.037021613986,3312.6065519549284,3350.6824893337202,3122.2268650609667,2817.619366030628,2002.7943061244735,1134.6629338880098,578.7542481576426
Nyanza,367.2128298886892,220.70822936315,148.40725767522156,148.40725767522156,224.51354366251465,561.2838591562867,1322.3467190292176,1921.6837211791508,1969.250149921209,1988.2767214180321,2178.5424363862653,2359.294865606086,2701.7731525489053,2524.826037628449,2355.4895513067218,2530.5340090774953,2882.525581768726,3405.7562979313666,3729.208013377362,3691.1548703837157,3481.8625839186593,2553.3658948736834,1457.435376656663,730.6203454780139
Kinoni,366.6047681133458,220.34276218211457,148.1615125017667,148.1615125017667,224.1417753231855,560.3544383079637,1320.1570665221518,1918.5016362408253,1965.9893005042118,1984.9843662095666,2174.9350232631136,2355.3881474639834,2697.299330160368,2520.645219100569,2351.5891343229123,2526.3437388121756,2877.7524543612376,3400.1167612584923,3723.032878249522,3685.0427468388125,3476.0970240799106,2549.1378176586013,1455.0220330301704,729.4105230856206
Karama (1),365.7503806691228,219.82924433999088,147.81621602171802,147.81621602171802,223.61940372516315,559.0485093129079,1317.080386347359,1914.0304895119898,1961.4074818266429,1980.358278752504,2169.866248011117,2349.898818806799,2691.013163472302,2514.7707520617923,2346.108659421627,2520.4559911395504,2871.0457342679842,3392.19264972917,3714.356197468812,3676.454603617089,3467.9958374326147,2543.196947450584,1451.6310445209745,727.7106019530734
Gikomero,318.22350618223965,192.60896426819767,133.98884470831143,133.98884470831143,209.3575698567366,523.3939246418415,1277.0811761260932,1967.961156653324,2177.3187265100605,2261.061754452755,2449.483567323818,2596.0338662235336,2805.39143608027,2675.5897427690934,2579.2852606349948,2700.712651151902,2951.941734979986,3307.8496037364384,3433.46414565048,3265.9780897650908,2993.813248951333,2152.1958181272516,1222.6482079633415,619.6984067759404
Rwezamenyo,125.95107317370957,82.71413760661525,78.95440407904182,78.95440407904182,154.14907463051023,385.37268657627556,1137.3193920909596,2237.0414489061845,3129.978161704872,3487.152846824347,3675.139523203018,3684.5388570219516,3346.1628395403436,3408.1984427453053,3613.1039199980564,3515.3508482811476,3355.5621733592775,3026.5854896966034,2331.03478709552,1616.6854168565708,1071.524055358425,560.2002956084397,289.4994816231534,180.46720932352417
Coko,296.4542135991695,180.1240791488625,127.58788939711094,127.58788939711094,202.6395890424703,506.5989726061759,1257.1159690597697,1988.870040602024,2270.3139142721216,2382.8914637401604,2570.520712853559,2701.861187232938,2851.9645865236566,2743.1396220378856,2679.34567733933,2776.9128868782973,2983.305060903035,3264.7489345731333,3302.2747843958127,3077.1196854597347,2776.912886878297,1973.8597006729515,1118.2703247158547,570.3929173047313
Bwira,296.3894005185854,180.08469904926707,127.5599951598975,127.5599951598975,202.59528643042543,506.4882160760637,1256.841128781343,1988.4352186689907,2269.8175609334703,2382.3704978392625,2569.9587260155827,2701.2704857390063,2851.3410682800622,2742.5398959377967,2678.7598983578478,2776.3057770095343,2982.652828003486,3264.035170267966,3301.552815903229,3076.4469420916457,2776.305777009534,1973.4281604148848,1118.0258399308664,570.2682136560124
Shangasha,361.1904666072408,217.08857060331567,145.97334919878125,145.97334919878125,220.83147699302802,552.0786924825701,1300.659970425038,1890.1677268047315,1936.9540566761357,1955.6685886246973,2142.8139081103145,2320.6019616216504,2657.463536695761,2483.418389574137,2316.8590552319383,2489.0327491587054,2835.2515902070973,3349.901218792544,3668.048261918093,3630.619198020969,3424.7593465867903,2511.4901874969796,1433.5331472598261,718.6380268247692
Kinihira (2),357.0926628588568,214.6256419255305,144.31724198440844,144.31724198440844,218.3260840276948,545.815210069237,1285.9036305021007,1868.723261592981,1914.978787870035,1933.4809983808564,2118.5031034890726,2294.274103341878,2627.313892536666,2455.2433347860256,2290.573661239713,2460.793997939272,2803.0848923894714,3311.8956814370654,3626.4332601210326,3589.4288390993893,3385.9045234803516,2482.9966505522575,1417.269325128934,710.4848836155493
Ruramba,289.8219176858266,176.09432973316046,124.73348356098866,124.73348356098866,198.1061209498055,495.26530237451385,1228.9916762626824,1944.374890803647,2219.52228101171,2329.5812370949357,2513.0128305669778,2641.414945997407,2788.160220775041,2681.7698965612562,2619.403154780762,2714.787583386224,2916.5623362054703,3191.7097264135336,3228.3960451079415,3008.278132941491,2714.7875833862236,1929.7003633258832,1093.2522970933712,557.6320441550082
Nyabimata,352.86030863123403,212.08184352965358,142.60675685614638,142.60675685614638,215.73842703878555,539.3460675969638,1270.6627694233555,1846.574672111639,1892.2819659757884,1910.5648835214483,2093.3940589780464,2267.0817756618144,2596.1742914836905,2426.1431583090543,2263.4251921526825,2431.6280335727524,2769.8620081674585,3272.642240673103,3583.4518389493196,3546.8860038579996,3345.773910855742,2453.567534627544,1400.4714839975402,702.064033753336
Mukarange (1),287.7525617063493,174.83699951778183,123.8428746584288,123.8428746584288,196.69162445750456,491.7290611437615,1220.2165591345192,1930.4918696755083,2203.6746814220423,2312.947806120656,2495.0696806183455,2622.554992766728,2768.2524923648793,2662.6218051562196,2600.7003678270053,2695.403742565804,2895.737804513262,3168.920616259796,3205.344991159334,2986.7987417621066,2695.4037425658034,1915.9221197156926,1085.446372006229,553.6504984729759
Bungwe,284.80739489423047,173.0475310749755,122.57533451144097,122.57533451144097,194.67847245934743,486.6961811483686,1207.7275606274331,1910.7331556195213,2181.1199229241706,2289.27462984603,2469.5324747157965,2595.7129661246327,2739.9192420204454,2635.369691995981,2574.0820247402607,2667.816104072539,2866.0997334292815,3136.4865007339313,3172.538069707884,2956.228655864165,2667.8161040725386,1896.3125280299396,1074.3367554238062,547.9838484040891
Nkomane,284.6217150564865,172.9347129457133,122.49542166988026,122.49542166988026,194.55155206392746,486.3788801598188,1206.940184100291,1909.4874554422515,2179.6979444199283,2287.7821400109992,2467.9224659961174,2594.0206941857,2738.1329549737943,2633.651565902426,2572.403855067486,2666.076824579747,2864.231183163377,3134.4416721410544,3170.4697373380773,2954.301346155936,2666.0768245797467,1895.0762293634416,1073.6363428713037,547.6265909947589
Bweyeye,120.62773658295437,79.21821506940287,75.61738711170274,75.61738711170274,147.63394626570536,369.08486566426336,1089.2504572042894,2142.4926348315776,2997.6892747853585,3339.767930766871,3519.8093286518774,3528.8113985461277,3204.736882353116,3264.1505436551683,3460.395667349825,3366.774140449622,3213.738952247367,2898.666505948605,2232.513333774081,1548.3560218110563,1026.2359679445372,536.5233656973195,277.26375274291007,172.83974196960628
Bwisige,345.12225139136194,207.43099047356466,139.47945911153488,139.47945911153488,211.00738686103992,527.5184671525998,1242.7977446476505,1806.0801756750027,1850.7851305184433,1868.6671124558195,2047.4869318295823,2217.365760234657,2539.2414351074294,2372.9390030898303,2213.7893638471814,2378.303597671043,2709.120263512504,3200.8747667903517,3504.868459725748,3469.1044958509956,3272.4026945398564,2399.7619759958948,1369.759816403022,686.6681063952486
Rugendabari,231.70620246490466,142.58843228609518,106.94132421457138,106.94132421457138,178.235540357619,445.5888508940474,1158.531012324523,1960.5909439338088,2406.1797948278563,2584.415335185475,2762.650875543094,2851.768645721904,2851.768645721904,2798.297983614618,2816.1215376503797,2851.768645721904,2940.886415900713,3030.0041860795227,2851.768645721904,2495.2975650066655,2138.8264842914277,1461.5314309324754,819.8834856450472,427.7652968582856
Nkanka,343.35110901099443,206.36646966463914,138.7636606365677,138.7636606365677,209.92451224506397,524.8112806126599,1236.4197966976224,1796.8115031145305,1841.2870353698406,1859.0772482719647,2036.9793772932055,2205.986399863384,2526.2102321016173,2360.7612521118635,2202.428357282959,2366.0983159825005,2695.2172546717957,3184.4481094802077,3486.881728816317,3451.3013030120683,3255.6089610887034,2387.446571465049,1362.7303083027034,683.1441754415641
Rangiro,280.9568430309148,170.70795525929003,120.91813497533043,120.91813497533043,192.04644966670128,480.11612416675325,1191.3992710804616,1884.9003393213277,2151.6315194139684,2258.3239914510245,2436.144778179452,2560.6193288893505,2702.8759582720922,2599.7399019696045,2539.280834481939,2631.7476435807216,2827.350508981991,3094.081689074632,3129.645846420317,2916.2609023462046,2631.747643580721,1870.674676383053,1059.8118889014256,540.5751916544184
Cyeru,279.8347734061923,170.02619143667383,120.43521893431061,120.43521893431061,191.27946536625802,478.19866341564517,1186.6411277351194,1877.372530446607,2143.0384545664097,2249.304824214331,2426.4154402942,2550.3928715501074,2692.0813644140026,2589.3572070876785,2529.139597620523,2621.2371179820548,2816.05879566991,3081.724719789713,3117.1468430056866,2904.6141037098446,2621.2371179820543,1863.2036811602172,1055.5792718360167,538.4162728828005
Nemba (1),340.7863368515679,204.82494857399936,137.72712059286164,137.72712059286164,208.35641320458555,520.891033011464,1227.183959128703,1783.389638446029,1827.5329463283563,1845.1902694812873,2021.7635010105973,2189.5080709634417,2507.339887716199,2343.126782393941,2185.976606332855,2348.42397933982,2675.0844576690433,3160.6608443746454,3460.835337974472,3425.52069166861,3231.2901369863694,2369.6127671233376,1352.5509535145131,678.0412090725497
Kiyombe,278.71729358412375,169.34721635491064,119.95427825139504,119.95427825139504,190.51561839927447,476.2890459981863,1181.9024474769806,1869.8755139188054,2134.480539473353,2240.3225496951723,2416.725900064871,2540.20824532366,2681.330925619419,2579.0169824049935,2519.0398432792963,2610.7695854715394,2804.8132708782077,3069.418296432756,3104.6989665066953,2893.0149460630573,2610.769585471539,1855.7632458892292,1051.3639682034036,536.2661851238838
Gitega,116.47262944210364,76.48948799182926,73.01269308310975,73.01269308310975,142.5485912575,356.37147814375,1051.7304598876522,2068.692970688109,2894.4317615089935,3224.727277837347,3398.567023273323,3407.2590105451213,3094.3474687603652,3151.7145847542374,3341.1999072794506,3250.8032396527433,3103.0394560321643,2798.819901519207,2155.612843406097,1495.0218107493902,990.8865489850609,518.0424413992073,267.7132079714024,166.88615561853658
Kaniga,273.98571703770426,166.47233440265578,117.9179035352145,117.9179035352145,187.28137620298776,468.20344050746945,1161.8381671852019,1838.1320256959912,2098.245048200141,2202.2902572018006,2375.698938871234,2497.085016039837,2635.8119613753834,2535.2349260071123,2476.2759742395046,2566.44848870761,2757.1980385439865,3017.3110610481363,3051.9927973820227,2843.9023793787032,2566.4484887076096,1824.2593311624362,1033.5157427498214,527.1623922750766
Karembo,331.91856172652865,199.49509409470113,134.1432529257473,134.1432529257473,202.9346646825408,507.336661706352,1195.250779274287,1736.9831468590357,1779.9777792070315,1797.1756321462299,1969.1541615382139,2132.5337644605984,2442.095117366169,2282.155085031624,2129.0941938727588,2287.3144409133834,2605.4747202885533,3078.415676116509,3370.7791760828813,3336.3834702044846,3147.207087873302,2307.9518644404216,1317.3555351425955,660.3975528652176
Giti,269.9732473996107,164.0343781668521,116.1910178681869,116.1910178681869,184.5386754377086,461.3466885942716,1144.8232642894886,1811.2129255923255,2067.516641478032,2170.0381278323143,2340.907271756119,2460.515672502782,2597.2109876418253,2498.1068841660185,2440.0113752319253,2528.8633300723036,2716.819388388488,2973.1231042741947,3007.2969330589553,2802.25396035039,2528.863330072303,1797.5433940784208,1018.3800977858735,519.442197528365
Rukozo,267.7156451998811,162.6626705011936,115.21939160501212,115.21939160501212,182.9955043138428,457.48876078460705,1135.2498878729136,1796.066986784013,2050.2274094421277,2151.8915785053737,2321.3318602774507,2439.940057517904,2575.4922829355655,2477.216919507761,2419.607223705255,2507.716170226735,2694.1004801760187,2948.260902834134,2982.1489591885493,2778.8206210620574,2507.7161702267344,1782.5117642422463,1009.864079361577,515.0984565871131
Kintobo,263.6539945450536,160.19483212864017,113.47133942445345,113.47133942445345,180.21918614472017,450.54796536180055,1118.0264325644678,1768.8179380870688,2019.122363288069,2119.244133368469,2286.113750169136,2402.922481929603,2536.4181753701364,2439.6337976257496,2382.898127913523,2469.6703286498696,2653.2269071306027,2903.531332331603,2936.9052556917363,2736.6617155309364,2469.670328649869,1755.4683687430152,994.5429161319744,507.28363507402725
Cyinzuzi,262.3130999707654,159.38011137464227,112.89424555703827,112.89424555703827,179.30262529647254,448.2565632411815,1112.3403606355241,1759.8220630950086,2008.853487117887,2108.4660567270384,2274.4870060756243,2390.701670619634,2523.518430098503,2427.2262794763233,2370.779156697804,2457.1100503590687,2639.7330946425127,2888.7645186653913,2921.9687085351084,2722.7435693168054,2457.1100503590683,1746.5403871471215,989.4848581175709,504.70368601970057
Kivuye,261.1148742635513,158.6520755019046,112.37855348051575,112.37855348051575,178.48358493964267,446.20896234910674,1107.259276940376,1751.7833336668634,1999.6772016385894,2098.83474882728,2264.0973274750972,2379.7811325285693,2511.991195446823,2416.138899831089,2359.949623090831,2445.886163987696,2627.675000500295,2875.568868472021,2908.621384201584,2710.3062898242038,2445.886163987696,1738.5623273750377,984.9649687409911,502.3982390893646
Ngamba,143.86003530670513,91.54729519517599,78.46911016729372,78.46911016729372,143.86003530670513,359.6500882667629,1013.559339660877,1896.3368290429314,2550.2460804370457,2811.809780994691,2975.28709384322,3007.982556412926,2811.8097809946917,2831.4270585365152,2955.6698163013966,2909.8961687038086,2844.5052435643975,2681.027930715869,2223.2914547399882,1700.1640536246973,1275.1230402185226,771.6129166450547,418.50192089223316,235.40733050188112
Mataba,314.9765301116732,189.31231861634242,127.29621424202335,127.29621424202335,192.57632410972764,481.44081027431906,1134.241908951362,1648.3227741595333,1689.1228428268482,1705.4428702937744,1868.6431449630352,2023.683405898833,2317.4439003035022,2165.6676448610897,2020.4194004054477,2170.5636531011673,2472.4841612392997,2921.284916579767,3198.72538351751,3166.085328583658,2986.5650264474707,2190.1476860614785,1250.1141039665372,626.6890547299612
Cyumba,311.6809076790864,187.33153000401043,125.96430465786909,125.96430465786909,190.56138396959682,476.40345992399205,1122.3742530412694,1631.0762526211254,1671.449427190955,1687.5986970188872,1849.0913952982066,2002.5094586635598,2293.1963155663348,2143.008106166568,1999.2796046979736,2147.852887114947,2446.614378931688,2890.7192991998163,3165.2568862746593,3132.958346618795,2955.316378511544,2167.2320109084653,1237.0340688195863,620.1319613925863
Janja,311.32102230929956,187.1152258439313,125.81885875712625,125.81885875712625,190.3413504274474,475.85337606861845,1121.0782927718299,1629.192914675609,1669.5194719695596,1685.6500948871399,1846.956324062943,2000.1972417799557,2290.548454296401,2140.533661162904,1996.9711171964395,2145.372848038178,2443.7893720134134,2887.3815022468716,3161.602091845736,3129.3408460105757,2951.9039939171926,2164.729595539274,1235.60571548665,619.4159200350831
Kayumbu,254.748186257852,154.78370810603667,109.63845990844264,109.63845990844264,174.13167161929124,435.3291790482282,1080.2612961567143,1709.0701103374884,1950.9196542531706,2047.6594718194438,2208.8925010965654,2321.75562159055,2450.7420450122477,2357.226888031517,2302.4076580772958,2386.248833301399,2563.6051655062324,2805.4547094219147,2837.701315277339,2644.221680144793,2386.2488333013985,1696.1714679953184,960.9488544916444,490.1484090024495
Muyongwe,253.868126031999,154.24898796880953,109.25969981124008,109.25969981124008,173.5301114649107,433.8252786622769,1076.5293951989831,1703.165908822272,1944.179952523537,2040.585570004043,2201.26159913822,2313.7348195321433,2442.2756428394846,2349.083545941662,2294.453696036042,2378.005231185814,2554.748863233408,2795.762906934673,2827.898112761508,2635.086877800496,2378.0052311858135,1690.3118264915377,957.6291336396926,488.4551285678969
Nyabinoni,308.7894722076594,185.59367241496625,124.79574524454628,124.79574524454628,188.79356331867257,471.9839082966814,1111.9620890379445,1615.944906371689,1655.943542668018,1671.9429971865495,1831.9375423718652,1983.9323602979152,2271.9225416314835,2123.12761460914,1980.732469394209,2127.9274509646993,2423.9173595575335,2863.9023588171517,3135.8930856321886,3103.8941765951254,2927.900176891278,2147.1267963869373,1225.5582161195186,614.3790535116125
Nkotsi,308.29407166785825,185.29591872265055,124.59553155488572,124.59553155488572,188.4906759420066,471.2266898550165,1110.1781337262253,1613.3523957748023,1653.2868610167527,1669.260647113533,1828.9985080813353,1980.7494760007473,2268.2776257427913,2119.7214150427353,1977.5547187813913,2124.513550871769,2420.028593662203,2859.3077113236595,3130.862074968923,3098.9145027753625,2923.20285571078,2143.6820941879055,1223.592015013365,613.3933861163605
Gashaki,167.10565688666065,104.44103555416291,83.55282844333033,83.55282844333033,146.21744977582804,365.5436244395701,992.1898377645474,1775.4976044207692,2297.7027821915835,2506.5848532999094,2663.2464066311536,2715.466924408235,2611.025888854072,2600.581785298656,2673.69051018657,2663.2464066311536,2663.2464066311536,2611.0258888540725,2297.702782191584,1879.9386399749324,1514.3950155353623,981.7457342091315,543.0933848816471,292.43489955165614
Rwamiko,246.24681909541394,149.61832046303633,105.9796436613174,105.9796436613174,168.32061052091586,420.80152630228974,1044.2111948982742,1652.0356217793596,1885.8142475028537,1979.3256977922515,2135.1781149412477,2244.274806945545,2368.956740664742,2278.562338718324,2225.5725168876656,2306.6157738051434,2478.053432669039,2711.832058392534,2743.0025418223327,2555.979641243537,2306.6157738051434,1639.5674284074396,928.8804062080172,473.7913481329484
Ngoma (3),298.7776251006156,179.57618917964456,120.74950651734721,120.74950651734721,182.67233037239706,456.6808259309927,1075.9090644814912,1563.5513023400088,1602.253067249415,1617.7337732131773,1772.5408328508022,1919.6075395065454,2198.2602468542696,2054.289681391279,1916.511398313793,2058.9338931804073,2345.326953510013,2771.046367513481,3034.218368897443,3003.256956969918,2832.9691913685306,2077.5107403369225,1185.8220768242047,594.4591090084787
Mata,244.18570259055852,148.3659965107191,105.09258086175936,105.09258086175936,166.91174607455898,417.27936518639757,1035.4710173143937,1638.2078781391904,1870.029747687189,1962.7584955063885,2117.3064085383876,2225.4899476607866,2349.128278086386,2259.4904885278265,2206.944198096947,2287.3091128735864,2457.311817208785,2689.1336867567843,2720.0432693631838,2534.5857737247848,2287.309112873586,1625.8440450966302,921.1055616707146,469.8256556172772
Kamegeri,291.40415673592054,175.1444672609678,117.76955557203006,117.76955557203006,178.1641994551224,445.410498637806,1049.3569374687293,1524.9647580480816,1562.7114104750142,1577.8100714457873,1728.7966811535182,1872.2339603758626,2144.0098578497777,2003.5923108215884,1869.214228181708,2008.12190911282,2287.447137072122,2702.6603137683824,2959.3375502715244,2929.1402283299785,2763.0549576514745,2026.2403022777478,1156.5574303612184,579.7885812776865
Rushaki,289.57512672832553,174.04515388852724,117.03036209745798,117.03036209745798,177.04593240384668,442.6148310096167,1042.7705340735038,1515.3931502363148,1552.9028816778077,1567.9067742544048,1717.9457000203768,1860.48267949805,2130.5527458767992,1991.0165449144454,1857.4819009827306,1995.5177126874244,2273.089725354472,2685.696771210895,2940.7629450130466,2910.7551598598525,2745.712341517283,2013.522383779341,1149.2981713673437,576.1494749413316
Shyara,282.87774799258887,170.01978635823994,114.32364944778203,114.32364944778203,172.95116198510615,432.37790496276534,1018.6530303360065,1480.344691567434,1516.9868869032614,1531.6437650375924,1678.212546380903,1817.4528886570477,2081.276695075006,1944.9677284257275,1814.5215130301815,1949.3647918660267,2220.517037351151,2623.5811860452545,2872.748114328882,2843.43435806022,2682.208698582578,1966.953045627224,1122.716865089757,562.8241203583116
Minazi,222.0590657880059,134.92196402309222,95.56972451635698,95.56972451635698,151.78720952597874,379.4680238149469,941.6428739111644,1489.7633527549767,1700.5789215410582,1784.905149055491,1925.4488615795453,2023.8294603463833,2136.264430365627,2054.749077101675,2006.9642148434966,2080.046945356005,2234.645029132465,2445.4605979185467,2473.569340423357,2304.916885394492,2080.046945356005,1478.519855753052,837.6405266433642,427.25288607312535
Burega,220.82502001603882,134.17216406037804,95.03861620943444,95.03861620943444,150.9436845679253,377.3592114198133,936.4098950047216,1481.4843115000076,1691.1283178443482,1774.9859203820847,1914.7485912783118,2012.5824609056706,2124.3925976226524,2043.3302485028407,1995.8109403981234,2068.4875292641614,2222.2264672500114,2431.870473594352,2459.823007773597,2292.107802698125,2068.4875292641614,1470.3032978283093,832.9855185415137,424.8785195245305
Cyungo,220.66813072324655,134.0768389204536,94.9710942353213,94.9710942353213,150.8364437855103,377.09110946377587,935.7446049656659,1480.431763080009,1689.9268238932175,1773.7248482185012,1913.3882220939738,2011.1525838068044,2122.8832829071825,2041.8785260594084,1994.3929789417477,2067.0179333569936,2220.647644620013,2430.142705433222,2458.0753802083163,2290.4793315577494,2067.017933356993,1469.2586931699707,832.3937082978163,424.57665658143645
Karambo,218.71572922223697,132.8905696540174,94.13082017159567,94.13082017159567,149.50189086076958,373.75472715192404,927.4654340436632,1467.3333732631093,1674.9748883475113,1758.0314943812723,1896.4591711042071,1993.3585448102615,2104.1006861886094,2023.8126336893072,1976.7472236035092,2048.7296154994356,2201.0000598946635,2408.641574979066,2436.3271103236525,2270.213898256131,2048.729615499435,1456.2591591252742,825.0289532686916,420.82013723772184
Kibumbwe,218.68453061989467,132.87161354120184,94.11739292501795,94.11739292501795,149.48056523385205,373.7014130846302,927.3331361729711,1467.1240661841036,1674.7359623422315,1757.7807208054828,1896.1886515775682,1993.0742031180275,2103.800547735696,2023.5239478878864,1976.4652514253773,2048.4373754268618,2200.6860992761553,2408.297995434283,2435.9795815887,2269.890064662198,2048.4373754268613,1456.0514317223367,824.911267401628,420.76010954713917
Mushubi,262.38519384954367,157.7030180650107,106.04168456095547,106.04168456095547,160.42203561785573,401.05508904463926,944.8585996136417,1373.1038641867312,1407.0915835972937,1420.6866713615188,1556.6375490037694,1685.7908827639076,1930.5024625199585,1804.0681463126655,1683.0718652110625,1808.146672641933,2059.6557962800966,2433.520709796286,2664.6372017881117,2637.447026259662,2487.901060853186,1824.460777959003,1041.3837227396398,522.0513701462423
Gishamvu,209.4057757363258,127.23388905498278,90.12400474727947,90.12400474727947,143.13812518685563,357.84531296713914,887.9865173629006,1404.8741916487684,1603.6771432971789,1683.1983239565432,1815.7336250554838,1908.5083358247418,2014.5365767038943,1937.6661020665088,1892.6040996928689,1961.522456264318,2107.3112874731523,2306.114239121563,2332.621299341351,2173.5789380226224,1961.5224562643177,1394.271367560853,789.9103945496848,402.90731534077884
Kicukiro,87.89950683945676,57.72504926770296,55.101183391898275,55.101183391898275,107.57850090799187,268.94625226997965,793.7194274309155,1561.2001961037843,2184.368341607396,2433.63559980884,2564.8288935990745,2571.388558288586,2335.2406294661646,2378.5344164169423,2521.5351066482967,2453.3145938773755,2341.8002941556765,2112.212030022767,1626.7968429989012,1128.2623265960124,747.8017746043338,390.9560154948973,202.03767243696035,125.94556203862463
Mbazi (2),250.76023796393625,150.71599794723627,101.34351586107267,101.34351586107267,153.31454963598173,383.28637408995434,902.9967118390449,1312.268602816454,1344.750498925772,1357.7432573694991,1487.670841806772,1611.102047022181,1844.9716990092718,1724.1390454826083,1608.5034953334355,1728.0368730157263,1968.4029042246807,2325.703761427181,2546.580654970544,2520.5951380830898,2377.6747952020896,1743.628183148199,995.2452967895086,498.921924239127
Rusiga,246.61038496614233,148.22178578275913,99.66637319875183,99.66637319875183,150.77733381349634,376.9433345337409,888.0529406811861,1290.5517555222993,1322.4961059065145,1335.2738460602006,1463.051247597062,1584.4397790570804,1814.4391018234305,1695.6061183941497,1581.884231026343,1699.4394404402553,1935.827633283449,2287.2154875098176,2504.4370701224816,2478.8815898151097,2338.326448124562,1714.7727286246786,978.7748957723577,490.66522190154745
Nkombo,225.77209161870064,135.6972156879237,91.24467951429352,91.24467951429352,138.03682285495685,345.09205713739215,813.0134905440256,1181.5016193517495,1210.746708939664,1222.4447447748298,1339.4251031264882,1450.5564435605636,1661.1210885935486,1552.3293553265064,1448.2168363935305,1555.8387660770559,1772.252429027624,2093.9484144946846,2292.815023692504,2269.418952022172,2140.7405578353478,1569.876409079255,896.069544973703,449.2045760703681
Rubaya,76.85255435408436,50.47033420268227,48.176228102560344,48.176228102560344,94.05835010499877,235.1458752624969,693.9670952868811,1364.9931295725428,1909.8433283514992,2127.7834078630817,2242.4887128691776,2248.2239781194826,2041.7544291085096,2079.6071797605214,2204.635962217166,2144.9892036139963,2047.4896943588146,1846.7554105981465,1422.345782075591,986.465623052426,653.8202385347475,341.82180891816625,176.64616970938795,110.11709280585222
