Sector,Residents,Slow residents,Unmeasured residents,Slow share %,Stressed tiles,Road delay veh-h,Busy & slow sites,Down Mbps,Priority score,Main driver,Recommended action,Tier
Nyarugenge (1),27534.52168950392,3922.0416974607747,0.0,14.244088717748983,2.0,2960296.780539437,0.0,36.933243252728836,90.97457627118644,slow_pop,Add radio capacity / new sites where many residents are below the broadband threshold,High
Muhoza,85173.05924758063,10058.040545599468,56814.76433213262,11.808945967718271,1.0,208756.7191503398,0.0,15.506913228357574,90.38135593220339,slow_pop,Add radio capacity / new sites where many residents are below the broadband threshold · measure first: >30% of residents have no test,High
Gikondo,29416.36737384461,11076.71376376387,10333.796458760926,37.65493414939013,1.0,75333.43635896886,0.0,10.99384705358889,88.95278450363196,slow_pop,Add radio capacity / new sites where many residents are below the broadband threshold · measure first: >30% of residents have no test,High
Kigali,72766.85333603107,4144.893224114107,57354.39940163435,5.696128160129925,1.0,289735.34257757454,0.0,17.325328549194822,88.7590799031477,slow_pop,Add radio capacity / new sites where many residents are below the broadband threshold · measure first: >30% of residents have no test,High
Jabana,72943.0867911942,4828.241341022282,61607.64106633781,6.619189773039813,1.0,138564.48631254848,0.0,12.237583975263414,88.7590799031477,slow_pop,Add radio capacity / new sites where many residents are below the broadband threshold · measure first: >30% of residents have no test,High
Kimihurura,20695.808479270905,2556.062464739677,2353.670677909072,12.35062871450444,1.0,92264.42661791772,0.0,62.075438739726735,87.08837772397095,slow_pop,Add radio capacity / new sites where many residents are below the broadband threshold,High
Remera (1),41501.93207236843,2118.411622146652,5914.880513469053,5.104368679638097,2.0,93311.43890329056,0.0,47.36062581929087,86.10774818401939,slow_pop,Add radio capacity / new sites where many residents are below the broadband threshold,High
Gahanga,84591.29573825617,6671.394841926183,67846.98925816981,7.88662093859979,1.0,19848.27801731277,0.0,11.338615593597789,85.00605326876513,slow_pop,Add radio capacity / new sites where many residents are below the broadband threshold · measure first: >30% of residents have no test,High
Runda,77283.32583027499,3035.202100682217,60900.01930729263,3.9273699314493085,2.0,57199.29973868473,0.0,18.988103559783482,84.94552058111381,slow_pop,Add radio capacity / new sites where many residents are below the broadband threshold · measure first: >30% of residents have no test,High
Nyagatare,94521.26321848335,6784.5012870041355,83906.6311479789,7.177751392638441,0.0,224831.40823490772,0.0,5.9297090457679165,82.37288135593221,slow_pop,Add radio capacity / new sites where many residents are below the broadband threshold · measure first: >30% of residents have no test,High
Kamembe,38051.338247175554,2431.8800499656713,28529.934957859576,6.39104999190451,1.0,14229.344056126036,0.0,20.291713155157666,82.05205811138015,slow_pop,Add radio capacity / new sites where many residents are below the broadband threshold · measure first: >30% of residents have no test,High
Gisenyi,64100.24609032605,2088.247265775639,46201.692799285694,3.2577835392909593,0.0,25916.704744421528,1.0,59.29652340082688,81.85835351089588,slow_pop,Add radio capacity / new sites where many residents are below the broadband threshold · measure first: >30% of residents have no test,High
Nyamata,92565.32463785211,3132.86808290769,79216.85659912555,3.3844942424871993,1.0,12300.188345192078,0.0,18.621401393598667,81.2046004842615,slow_pop,Add radio capacity / new sites where many residents are below the broadband threshold · measure first: >30% of residents have no test,High
Kagarama,31589.693915935677,745.265766382361,16835.677393638172,2.3592054052996243,1.0,70437.59577413187,0.0,43.351640014790846,81.15617433414043,slow_pop,Add radio capacity / new sites where many residents are below the broadband threshold · measure first: >30% of residents have no test,High
Kanombe,69398.79033906257,4588.0875203143005,42643.05804356082,6.611192353495243,0.0,101277.50295169305,0.0,32.08482056424368,80.62953995157386,slow_pop,Add radio capacity / new sites where many residents are below the broadband threshold · measure first: >30% of residents have no test,High
Kicukiro,14106.805783896129,2928.0434678747024,2928.0434678747024,20.756247110293824,0.0,94881.65288556062,0.0,35.805553344212264,80.38740920096853,slow_pop,Add radio capacity / new sites where many residents are below the broadband threshold,High
Rugerero,75977.33816409169,2552.2532736157864,61894.12478755161,3.359229653589034,0.0,167272.7785835659,0.0,17.47851883768259,78.91041162227603,slow_pop,Add radio capacity / new sites where many residents are below the broadband threshold · measure first: >30% of residents have no test,High
Nyarugunga,58708.137421006584,1541.7477661074897,35726.67398852717,2.6261227724724767,0.0,434602.2619807829,0.0,50.14192820544817,78.52300242130752,slow_pop,Add radio capacity / new sites where many residents are below the broadband threshold · measure first: >30% of residents have no test,High
Cyuve,65038.23984929555,2146.7595328787475,57803.2391139972,3.3007651158044062,0.0,152381.39696141842,0.0,14.78930680094256,78.47457627118645,slow_pop,Add radio capacity / new sites where many residents are below the broadband threshold · measure first: >30% of residents have no test,High
Mayange,72956.21269640623,4677.471213240718,66191.57704095864,6.411340501877678,0.0,49201.20585926592,0.0,5.012433479384498,78.35351089588377,slow_pop,Add radio capacity / new sites where many residents are below the broadband threshold · measure first: >30% of residents have no test,High
Rweru,63446.92315611776,2283.832762596404,61163.09039352136,3.5995957707465114,0.0,90841.75383459132,0.0,0.41348103722577095,77.89346246973366,slow_pop,Add radio capacity / new sites where many residents are below the broadband threshold · measure first: >30% of residents have no test,High
Ngoma (2),36174.36705358075,962.6335850865622,30469.357696467523,2.6610930984935512,0.0,534080.8096702032,0.0,40.60686239616108,77.82082324455206,slow_pop,Add radio capacity / new sites where many residents are below the broadband threshold · measure first: >30% of residents have no test,High
Mukarange (2),59056.1981593866,4633.637081476334,50373.80235507102,7.846148627736964,0.0,23612.45116717015,0.0,5.404585213997829,77.45762711864407,slow_pop,Add radio capacity / new sites where many residents are below the broadband threshold · measure first: >30% of residents have no test,High
Nyamabuye,62668.68314523241,3003.0340282346106,50120.049538596606,4.791921383245261,0.0,58887.839556480394,0.0,28.88941956929792,77.40920096852301,slow_pop,Add radio capacity / new sites where many residents are below the broadband threshold · measure first: >30% of residents have no test,High
Rusororo,68952.16061564485,1747.794431694994,63100.94144469779,2.534792842007665,0.0,108539.57009277189,0.0,30.303643173028927,77.28813559322035,slow_pop,Add radio capacity / new sites where many residents are below the broadband threshold · measure first: >30% of residents have no test,High
Rugarama (1),28706.254484393776,1574.9706865071114,27131.283797886666,5.4865070863332175,0.0,72970.79717848945,0.0,1.5220252726488837,77.16707021791768,slow_pop,Add radio capacity / new sites where many residents are below the broadband threshold · measure first: >30% of residents have no test,High
Bigogwe,37424.52435323518,2897.233980321417,32692.55760911742,7.741538550966151,0.0,17141.300158176073,0.0,1.6439358821107346,75.66585956416465,slow_pop,Add radio capacity / new sites where many residents are below the broadband threshold · measure first: >30% of residents have no test,High
Cyeza,40063.61357630646,853.07516534541,39210.538410961046,2.129301601116473,0.0,121721.28328438912,0.0,8.967,75.54479418886199,slow_pop,Add radio capacity / new sites where many residents are below the broadband threshold · measure first: >30% of residents have no test,High
Rugarika,63767.525333115474,2603.14188446803,58489.8654094256,4.082237582326529,0.0,27672.513123809917,0.0,10.615498917402716,75.52058111380146,slow_pop,Add radio capacity / new sites where many residents are below the broadband threshold · measure first: >30% of residents have no test,High
Ruhuha,33083.73932435675,691.9062240409078,26541.645221237806,2.0913785387358437,0.0,119601.98117335404,0.0,70.41569516976429,74.62469733656175,slow_pop,Add radio capacity / new sites where many residents are below the broadband threshold · measure first: >30% of residents have no test,High
Kibeho,29124.73717146056,411.7979415327667,28601.520253674866,1.4139112710561696,0.0,2032513.7535286015,0.0,8.293218289714938,74.57627118644068,slow_pop,Add radio capacity / new sites where many residents are below the broadband threshold · measure first: >30% of residents have no test,High
Musanze,46513.425904299926,1347.053437616127,41967.98545055465,2.8960529383229088,1.0,517.9073356591922,0.0,9.905326376418483,74.52179176755448,slow_pop,Add radio capacity / new sites where many residents are below the broadband threshold · measure first: >30% of residents have no test,High
Kinyinya,148264.44913911296,7286.551952891939,65684.84573860218,4.914564479348075,3.0,0.0,0.0,33.260971234691674,74.07384987893462,slow_pop,Add radio capacity / new sites where many residents are below the broadband threshold · measure first: >30% of residents have no test,High
Kacyiru,33128.29908134242,4433.976497816855,4712.710439293736,13.384256423578455,1.0,0.0,0.0,38.58273869162763,73.96489104116223,slow_pop,Add radio capacity / new sites where many residents are below the broadband threshold,High
Gihundwe,42269.19503823598,6799.277743893082,33635.700348910774,16.085657031657625,0.0,1883.488385734638,0.0,6.6003727196567334,73.72881355932203,slow_pop,Add radio capacity / new sites where many residents are below the broadband threshold · measure first: >30% of residents have no test,High
Ngeruka,39455.355976420615,841.6797921326745,37898.95656687851,2.1332459720694974,0.0,67163.28738779904,0.0,12.47229150338059,73.65617433414045,slow_pop,Add radio capacity / new sites where many residents are below the broadband threshold · measure first: >30% of residents have no test,High
Ntarama,50730.98014471888,1559.0293604779895,42859.77396511644,3.0731307694639236,0.0,18633.43903330891,0.0,20.572521220402383,73.22033898305085,slow_pop,Add radio capacity / new sites where many residents are below the broadband threshold · measure first: >30% of residents have no test,High
Kagano,40572.58670518245,2723.1927249108567,37849.39398027159,6.711903149529817,0.0,4431.950777655635,0.0,5.836,72.78450363196126,slow_pop,Add radio capacity / new sites where many residents are below the broadband threshold · measure first: >30% of residents have no test,High
Ngarama,41692.742376282215,631.6978817292359,40604.1407439407,1.5151267240424808,0.0,74730.08440568383,0.0,3.7330308440564197,72.6634382566586,slow_pop,Add radio capacity / new sites where many residents are below the broadband threshold · measure first: >30% of residents have no test,High
Bumbogo,122038.51515350267,4507.66112273193,101841.51432873063,3.693638124867462,1.0,0.0,0.0,23.848258342382398,72.58474576271186,slow_pop,Add radio capacity / new sites where many residents are below the broadband threshold · measure first: >30% of residents have no test,High
Mwulire,38986.2679771625,1222.919982599798,34632.163149236316,3.1367967390881426,0.0,17104.231750997784,0.0,22.584170710629344,72.42130750605327,slow_pop,Add radio capacity / new sites where many residents are below the broadband threshold · measure first: >30% of residents have no test,High
Masaka,82691.39296603792,3748.0681817637287,68641.83481895337,4.532597707361264,1.0,0.0,0.0,20.733014010997266,72.41525423728814,slow_pop,Add radio capacity / new sites where many residents are below the broadband threshold · measure first: >30% of residents have no test,High
Busogo,28124.44612774905,1673.125524275382,23743.36097223999,5.949007908193395,0.0,6027.843694592792,0.0,65.83088882820611,72.15496368038741,slow_pop,Add radio capacity / new sites where many residents are below the broadband threshold · measure first: >30% of residents have no test,High
Gacurabwenge,43135.16469531649,722.5530174268822,42412.6116778896,1.6750904338272647,0.0,50983.92529564818,0.0,8.483,71.91283292978208,slow_pop,Add radio capacity / new sites where many residents are below the broadband threshold · measure first: >30% of residents have no test,High
Fumbwe,34887.04568160893,1279.7288554776264,29628.18913381983,3.668206437303027,0.0,9554.03881609899,0.0,37.584559073163355,71.86440677966102,slow_pop,Add radio capacity / new sites where many residents are below the broadband threshold · measure first: >30% of residents have no test,High
Kabarore,80466.13312908524,4058.9768367897186,72821.90307125529,5.044329432704606,0.0,2090.018617497441,0.0,11.956092164347224,71.86440677966102,slow_pop,Add radio capacity / new sites where many residents are below the broadband threshold · measure first: >30% of residents have no test,High
Kiramuruzi,41090.02818700211,493.24424736408855,38052.98356960984,1.200398902427901,0.0,80612.22631047346,0.0,31.108269787707957,71.74334140435836,slow_pop,Add radio capacity / new sites where many residents are below the broadband threshold · measure first: >30% of residents have no test,High
Rwimbogo (1),24601.34475829469,1031.587486252451,23569.757272042243,4.193215844042983,0.0,10168.099423631968,0.0,9.074,71.74334140435836,slow_pop,Add radio capacity / new sites where many residents are below the broadband threshold · measure first: >30% of residents have no test,High
Kigabiro,53427.326390697395,3400.6064450292797,39799.87167127397,6.3649197419345,0.0,1624.4983828231304,0.0,34.35618317539705,71.59806295399517,slow_pop,Add radio capacity / new sites where many residents are below the broadband threshold · measure first: >30% of residents have no test,High
Ruhango (1),81362.6635892562,894.5446686499387,79309.02054662978,1.099453519818225,0.0,37963.89730396678,0.0,9.57842866624371,71.42857142857144,slow_pop,Add radio capacity / new sites where many residents are below the broadband threshold · measure first: >30% of residents have no test,High
Gahini,54688.41517814162,840.7646620631009,52715.240672121916,1.5373725117548214,0.0,32542.21624446631,0.0,14.886801206850286,71.4043583535109,slow_pop,Add radio capacity / new sites where many residents are below the broadband threshold · measure first: >30% of residents have no test,High
Ngororero,42321.18193696176,1060.040755106351,40448.00078491749,2.504752246015489,0.0,12481.799987899252,0.0,16.14200218320476,71.06537530266344,slow_pop,Add radio capacity / new sites where many residents are below the broadband threshold · measure first: >30% of residents have no test,High
Nyange (2),35060.318986188555,225.48251965479352,33135.95968071986,0.6431274049264033,0.0,177128.9556827055,0.0,25.60457799061676,70.72639225181598,slow_pop,Add radio capacity / new sites where many residents are below the broadband threshold · measure first: >30% of residents have no test,High
Kinazi (2),56618.18062350206,850.5017414502933,55767.678882051776,1.5021707375338234,0.0,18483.540484663507,0.0,1.118,70.4358353510896,slow_pop,Add radio capacity / new sites where many residents are below the broadband threshold · measure first: >30% of residents have no test,High
Kabarondo,41024.50149895874,941.7381672854235,32993.56072654654,2.2955505438849175,0.0,7711.065981663299,0.0,40.408111435674876,69.75786924939467,slow_pop,Add radio capacity / new sites where many residents are below the broadband threshold · measure first: >30% of residents have no test,High
Kamabuye,25620.197671801747,90.91562907752086,25529.282042724222,0.3548592022675335,0.0,183139.93080414296,0.0,3.835,69.63680387409201,slow_pop,Add radio capacity / new sites where many residents are below the broadband threshold · measure first: >30% of residents have no test,High
Gahengeri,39363.19050405474,684.1427067031143,35198.68636062134,1.738026562233673,0.0,14248.244174530997,0.0,32.54540120548996,69.46731234866829,slow_pop,Add radio capacity / new sites where many residents are below the broadband threshold · measure first: >30% of residents have no test,High
Gishali,42394.54359636776,1261.796109381884,37286.722643622714,2.9763172388297416,0.0,2430.345810838645,0.0,16.883640419761868,69.0314769975787,slow_pop,Add radio capacity / new sites where many residents are below the broadband threshold · measure first: >30% of residents have no test,High
Gacaca,34299.21550755382,859.8435933945989,33439.37191415923,2.506889970137168,0.0,4463.929703738319,0.0,1.879609810933175,68.8861985472155,slow_pop,Add radio capacity / new sites where many residents are below the broadband threshold · measure first: >30% of residents have no test,High
Kibungo,33333.26029587939,1178.9273824922248,27544.873308211678,3.536789897020551,0.0,1966.792443274727,0.0,20.811834949311887,68.86198547215496,slow_pop,Add radio capacity / new sites where many residents are below the broadband threshold · measure first: >30% of residents have no test,High
Ndera,100413.42028762362,1507.4371380013204,81008.00196211116,1.5012307455352343,1.0,0.0,0.0,29.15579713239547,68.3958837772397,slow_pop,Add radio capacity / new sites where many residents are below the broadband threshold · measure first: >30% of residents have no test,High
Nasho,35800.8003602884,620.3935482768071,32467.89136145205,1.7329041307271196,0.0,9900.411467698097,0.0,35.22304659812593,68.37772397094432,slow_pop,Add radio capacity / new sites where many residents are below the broadband threshold · measure first: >30% of residents have no test,High
Mpanga,46743.2487303322,76.7153717462416,45248.441446021425,0.16412075290021544,0.0,84617.45584703477,0.0,61.67732526599475,68.01452784503633,slow_pop,Add radio capacity / new sites where many residents are below the broadband threshold · measure first: >30% of residents have no test,High
Musha (2),29022.13813260737,402.10002400582016,28497.69707532815,1.3854941430178327,0.0,14643.203589057744,0.0,7.078589834561843,67.65133171912834,slow_pop,Add radio capacity / new sites where many residents are below the broadband threshold · measure first: >30% of residents have no test,High
Gisozi,92027.40606444652,8987.176679544038,22826.553983765338,9.765761161680842,0.0,0.0,0.0,22.66292007932108,67.3365617433414,slow_pop,Add radio capacity / new sites where many residents are below the broadband threshold,High
Nyamirambo,70594.65402427866,6671.672020896645,26141.406784675106,9.450675993967119,0.0,0.0,0.0,32.76756094993572,66.99757869249395,slow_pop,Add radio capacity / new sites where many residents are below the broadband threshold · measure first: >30% of residents have no test,High
Kimironko,71438.19871486243,5726.381074069968,28022.16970068044,8.015853110919238,0.0,0.0,0.0,42.804623553032684,66.80387409200969,slow_pop,Add radio capacity / new sites where many residents are below the broadband threshold · measure first: >30% of residents have no test,High
Muhazi,54840.72629847849,577.4103985839466,50816.81907420999,1.0528861259810967,0.0,5920.380007612363,0.0,42.540790583944684,66.3680387409201,slow_pop,Add radio capacity / new sites where many residents are below the broadband threshold · measure first: >30% of residents have no test,High
Nduba,78821.6022254217,4888.467680461065,69492.53123239365,6.201938989365567,0.0,0.0,0.0,13.140775504239723,66.19854721549638,slow_pop,Add radio capacity / new sites where many residents are below the broadband threshold · measure first: >30% of residents have no test,High
Nemba (1),18986.368981646217,330.2545611255455,18656.114420520673,1.7394298059033646,0.0,4983.019159496924,0.0,1.704,65.88377723970945,slow_pop,Add radio capacity / new sites where many residents are below the broadband threshold · measure first: >30% of residents have no test,High
Musheri,41342.96273372707,103.8441895976386,41239.11854412943,0.2511774259296705,0.0,28634.15926683714,0.0,8.271,65.78692493946733,slow_pop,Add radio capacity / new sites where many residents are below the broadband threshold · measure first: >30% of residents have no test,High
Rukomo (1),30558.0040674798,654.5415343243606,29354.06609752313,2.1419642882400542,0.0,1148.5630665933838,0.0,14.053768425949428,65.76271186440678,slow_pop,Add radio capacity / new sites where many residents are below the broadband threshold · measure first: >30% of residents have no test,High
Mururu,42873.32289916046,185.72937213924374,42459.09762065105,0.4332049852447538,0.0,18544.87156460936,0.0,14.237391485128134,65.64164648910412,slow_pop,Add radio capacity / new sites where many residents are below the broadband threshold · measure first: >30% of residents have no test,High
Kivuruga,21944.767836450104,226.5889051286707,21718.178931321436,1.0325418196145513,0.0,10575.92895578219,0.0,6.417,65.52058111380146,slow_pop,Add radio capacity / new sites where many residents are below the broadband threshold · measure first: >30% of residents have no test,High
Gakenke,26993.699541120426,276.0941409708774,26717.605400149547,1.0228095654331995,0.0,8779.555424938111,0.0,8.122,65.44794188861987,slow_pop,Add radio capacity / new sites where many residents are below the broadband threshold · measure first: >30% of residents have no test,High
Jali,52670.76600740299,3253.0885903750113,47534.50347796174,6.176269754493001,0.0,0.0,0.0,7.436805969009118,65.27845036319613,slow_pop,Add radio capacity / new sites where many residents are below the broadband threshold · measure first: >30% of residents have no test,High
Kanjongo,41031.456676987546,422.56449602567363,40186.32603897173,1.029854970424846,0.0,3897.647858769726,0.0,9.093003307000767,64.79418886198548,slow_pop,Add radio capacity / new sites where many residents are below the broadband threshold · measure first: >30% of residents have no test,High
Tumba (1),37861.25547859982,2253.6294704029965,32295.546716184468,5.952336872919619,0.0,0.0,0.0,12.204818123813714,64.35835351089588,slow_pop,Add radio capacity / new sites where many residents are below the broadband threshold · measure first: >30% of residents have no test,High
Nyamyumba,50515.112473390676,836.5910122768669,47011.59925416167,1.6561202604815524,0.0,293.9484482668412,0.0,41.76846528368104,64.01937046004844,slow_pop,Add radio capacity / new sites where many residents are below the broadband threshold · measure first: >30% of residents have no test,High
Nyamirama,42362.55054018028,294.1664977613755,40816.124681623725,0.6944022350173717,0.0,2751.6810351982745,0.0,68.29682316366976,63.196125907990314,slow_pop,Add radio capacity / new sites where many residents are below the broadband threshold · measure first: >30% of residents have no test,High
Muyumbu,60123.63656322875,1705.6931944200899,48521.8328846929,2.836976091135648,0.0,0.0,0.0,20.320943804515522,62.68765133171913,slow_pop,Add radio capacity / new sites where many residents are below the broadband threshold · measure first: >30% of residents have no test,High
Kazo,35648.77429205415,320.5104584754523,34722.21486375829,0.8990784812113211,0.0,1055.1712807991648,0.0,50.5220404013089,62.3728813559322,slow_pop,Add radio capacity / new sites where many residents are below the broadband threshold · measure first: >30% of residents have no test,High
Mwogo,33595.798363764414,1056.2459433309598,28974.681345883593,3.143982267943959,0.0,0.0,0.0,11.599056472564467,61.98547215496369,slow_pop,Add radio capacity / new sites where many residents are below the broadband threshold · measure first: >30% of residents have no test,Medium
Rwimbogo (2),54804.02618646421,435.5675572815664,53697.5614609839,0.7947729164999655,0.0,507.46328271769937,0.0,11.990672461862703,61.86440677966102,slow_pop,Add radio capacity / new sites where many residents are below the broadband threshold · measure first: >30% of residents have no test,Medium
Mageregere,61685.52207347486,519.1881669377339,60557.05269206278,0.8416694055362268,0.0,353.472198137919,0.0,7.981040946745942,61.694915254237294,slow_pop,Add radio capacity / new sites where many residents are below the broadband threshold · measure first: >30% of residents have no test,Medium
Tabagwe,55771.600619939585,1240.689432403535,53736.12169852588,2.224589968034665,0.0,0.0,0.0,12.02937129671466,61.59806295399516,slow_pop,Add radio capacity / new sites where many residents are below the broadband threshold · measure first: >30% of residents have no test,Medium
Mareba,32825.585309066395,402.80595229330527,31794.442125177924,1.2271097331569916,0.0,189.85240754369585,0.0,20.27858910985581,61.42857142857143,slow_pop,Add radio capacity / new sites where many residents are below the broadband threshold · measure first: >30% of residents have no test,Medium
Gatore,33082.086346372205,115.43826276620744,31027.99829074456,0.3489449291606315,0.0,2479.1139554790593,0.0,29.998745000806373,61.4043583535109,slow_pop,Add radio capacity / new sites where many residents are below the broadband threshold · measure first: >30% of residents have no test,Medium
Kibangu,22284.1984097906,757.5639365811141,21526.634473209488,3.3995565945431414,0.0,0.0,0.0,7.684755061165922,61.404358353510894,slow_pop,Add radio capacity / new sites where many residents are below the broadband threshold · measure first: >30% of residents have no test,Medium
Gitoki,48396.6683443204,417.45197850313485,47979.216365817265,0.8625634631151734,0.0,192.04676853042574,0.0,0.711,60.992736077481844,slow_pop,Add radio capacity / new sites where many residents are below the broadband threshold · measure first: >30% of residents have no test,Medium
Rushashi,21918.921096441783,694.9928248318236,21223.928271609962,3.1707437687005746,0.0,0.0,0.0,4.80116398653096,60.94430992736078,slow_pop,Add radio capacity / new sites where many residents are below the broadband threshold · measure first: >30% of residents have no test,Medium
Gihombo,29522.487213572364,232.31114335972688,29290.176070212638,0.786895567704494,0.0,535.5988073087776,0.0,3.634,60.72639225181598,slow_pop,Add radio capacity / new sites where many residents are below the broadband threshold · measure first: >30% of residents have no test,Medium
Murama (2),29699.344760980784,171.872348927106,29527.472412053678,0.5787075449318099,0.0,634.0541855210495,0.0,8.066,60.2179176755448,slow_pop,Add radio capacity / new sites where many residents are below the broadband threshold · measure first: >30% of residents have no test,Medium
Nyakaliro,40858.76708955056,803.6771383752131,39158.04986539947,1.9669637525131047,0.0,0.0,0.0,13.967589017257836,60.16949152542373,slow_pop,Add radio capacity / new sites where many residents are below the broadband threshold · measure first: >30% of residents have no test,Medium
Munyaga,22161.770119549008,536.6135803596321,20812.3034986524,2.421348012658441,0.0,0.0,0.0,12.596446205945064,59.56416464891042,slow_pop,Add radio capacity / new sites where many residents are below the broadband threshold · measure first: >30% of residents have no test,Medium
Rurenge,38034.339465594756,255.4795569222809,36074.40697086631,0.6717076213546013,0.0,139.91075086344244,0.0,39.11675228092071,59.51573849878935,slow_pop,Add radio capacity / new sites where many residents are below the broadband threshold · measure first: >30% of residents have no test,Medium
Mutenderi,25785.961348644792,556.6979555452165,24909.117865990258,2.158918754349542,0.0,0.0,0.0,17.409819757876875,59.44309927360774,slow_pop,Add radio capacity / new sites where many residents are below the broadband threshold · measure first: >30% of residents have no test,Medium
Musaza,33281.35719062492,603.0654211659102,31724.705417087607,1.8120217204837687,0.0,0.0,0.0,25.10168586861351,59.346246973365616,slow_pop,Add radio capacity / new sites where many residents are below the broadband threshold · measure first: >30% of residents have no test,Medium
Rilima,46049.01511594404,30.512246477750114,44087.87499794682,0.06626036713472626,0.0,1027.6989417362472,0.0,37.49967208587826,59.29782082324456,slow_pop,Add radio capacity / new sites where many residents are below the broadband threshold · measure first: >30% of residents have no test,Medium
Karenge,30659.394439050622,562.4629641294076,27949.907397317467,1.8345534033542525,0.0,0.0,0.0,13.98916449377776,59.176755447941886,slow_pop,Add radio capacity / new sites where many residents are below the broadband threshold · measure first: >30% of residents have no test,Medium
Shyira,24734.25758462945,522.4600067006104,24211.79757792884,2.1122930612046407,0.0,0.0,0.0,4.133,59.10411622276029,slow_pop,Add radio capacity / new sites where many residents are below the broadband threshold · measure first: >30% of residents have no test,Medium
Rwinkwavu,41531.145689801975,65.32036078341206,40127.266606437166,0.1572804209912551,0.0,542.734352585657,0.0,45.303948827154734,58.83777239709443,slow_pop,Add radio capacity / new sites where many residents are below the broadband threshold · measure first: >30% of residents have no test,Medium
Musenyi,45839.38433118092,598.9562025661163,44018.36900076071,1.3066410278086864,0.0,0.0,0.0,19.306469184619523,58.59564164648911,slow_pop,Add radio capacity / new sites where many residents are below the broadband threshold · measure first: >30% of residents have no test,Medium
Rukira,34491.31248665528,101.44801474955955,33631.01005812889,0.2941262811869217,0.0,203.77196918268191,0.0,15.58520396703733,58.28087167070218,slow_pop,Add radio capacity / new sites where many residents are below the broadband threshold · measure first: >30% of residents have no test,Medium
Kigarama (2),40407.80450779371,459.2037463934195,39325.5389589466,1.1364234013378527,0.0,0.0,0.0,75.93311654080055,57.86924939467312,slow_pop,Add radio capacity / new sites where many residents are below the broadband threshold · measure first: >30% of residents have no test,Medium
Mataba,17548.416631103304,308.21686354658505,17240.199767556715,1.7563799060953047,0.0,0.0,0.0,3.345,57.84503631961259,slow_pop,Add radio capacity / new sites where many residents are below the broadband threshold · measure first: >30% of residents have no test,Medium
Mugesera,35263.59470942011,375.8264699986962,34510.53006196023,1.0657633548014325,0.0,0.0,0.0,19.405652866569014,57.21549636803874,slow_pop,Add radio capacity / new sites where many residents are below the broadband threshold · measure first: >30% of residents have no test,Medium
Ngamba,17578.205682637483,256.242064231371,17321.96361840611,1.457725941189031,0.0,0.0,0.0,8.627,57.07021791767555,slow_pop,Add radio capacity / new sites where many residents are below the broadband threshold · measure first: >30% of residents have no test,Medium
Mudende,34013.00878860474,342.61431581863127,33670.39447278611,1.0073037582415119,0.0,0.0,0.0,9.292,56.90072639225181,slow_pop,Add radio capacity / new sites where many residents are below the broadband threshold · measure first: >30% of residents have no test,Medium
Niboye,32367.67793958494,0.0,9500.762466289694,0.0,1.0,73172.32173860542,0.0,38.17217396832331,56.67675544794189,road_delay,"Traffic management: junction/signal re-timing, bus priority, route guidance on delayed corridors",Medium
Kinoni,20424.801833714737,230.81785480161307,20193.983978913126,1.1300861407654272,0.0,0.0,0.0,0.842,56.440677966101696,slow_pop,Add radio capacity / new sites where many residents are below the broadband threshold · measure first: >30% of residents have no test,Medium
Muhura,36970.49320747629,271.83193662361185,35897.05533911701,0.7352672713834424,0.0,0.0,0.0,16.83091261131697,56.077481840193705,slow_pop,Add radio capacity / new sites where many residents are below the broadband threshold · measure first: >30% of residents have no test,Medium
Ruheru,29308.49284436339,234.921628799129,29073.57121556426,0.8015479678420554,0.0,0.0,0.0,6.234,56.00484261501211,slow_pop,Add radio capacity / new sites where many residents are below the broadband threshold · measure first: >30% of residents have no test,Medium
Nzige,20876.402588547688,198.0859425474961,20065.352036799042,0.9488509416663647,0.0,0.0,0.0,17.029856254729687,55.83535108958838,slow_pop,Add radio capacity / new sites where many residents are below the broadband threshold · measure first: >30% of residents have no test,Medium
Jarama,32824.22052609342,155.39375270270924,29319.024054349702,0.4734118593286317,0.0,0.0,0.0,43.09592588569427,54.963680387409205,slow_pop,Add radio capacity / new sites where many residents are below the broadband threshold · measure first: >30% of residents have no test,Medium
Gahara,49483.371822511275,178.17725573956213,48088.435522286316,0.3600750093963982,0.0,0.0,0.0,43.194564739535,54.91525423728814,slow_pop,Add radio capacity / new sites where many residents are below the broadband threshold · measure first: >30% of residents have no test,Medium
Zaza,34145.69842067105,155.17677826887123,31197.755573963266,0.4544548374940565,0.0,0.0,0.0,54.74820376331716,54.842615012106535,slow_pop,Add radio capacity / new sites where many residents are below the broadband threshold · measure first: >30% of residents have no test,Medium
Murama (1),26923.331151457896,102.05867454275915,25927.033832176847,0.3790714973887348,0.0,0.0,0.0,19.132839615901382,54.52784503631961,slow_pop,Add radio capacity / new sites where many residents are below the broadband threshold · measure first: >30% of residents have no test,Medium
Nkombo,12578.533156092297,0.3375020745931797,12578.195654017702,0.0026831592396742514,0.0,0.0,0.0,7.83,53.65617433414044,slow_pop,Add radio capacity / new sites where many residents are below the broadband threshold · measure first: >30% of residents have no test,Medium
Muhima,24915.082517102062,0.0,3271.7110010217266,0.0,0.0,2527007.5200700094,0.0,44.88056831523346,52.54237288135593,road_delay,"Traffic management: junction/signal re-timing, bus priority, route guidance on delayed corridors",Medium
Huye,28696.753113664075,0.0,28696.753113664072,0.0,0.0,834338.2767910071,0.0,,52.445520581113804,road_delay,"Traffic management: junction/signal re-timing, bus priority, route guidance on delayed corridors · measure first: >30% of residents have no test",Medium
Mugombwa,40545.47028167349,0.0,40545.47028167349,0.0,0.0,821211.9701255586,0.0,,52.39709443099274,road_delay,"Traffic management: junction/signal re-timing, bus priority, route guidance on delayed corridors · measure first: >30% of residents have no test",Medium
Byumba,49738.09502031017,0.0,45763.19945313528,0.0,0.0,768374.4991096039,0.0,51.387611162626406,52.34866828087167,road_delay,"Traffic management: junction/signal re-timing, bus priority, route guidance on delayed corridors · measure first: >30% of residents have no test",Medium
Ndora,34495.68820325245,0.0,34495.68820325245,0.0,0.0,767873.8565973461,0.0,,52.300242130750604,road_delay,"Traffic management: junction/signal re-timing, bus priority, route guidance on delayed corridors · measure first: >30% of residents have no test",Medium
Kiyombe,18968.102190290174,0.0,18968.102190290174,0.0,0.0,749561.2123961189,0.0,,52.251815980629544,road_delay,"Traffic management: junction/signal re-timing, bus priority, route guidance on delayed corridors · measure first: >30% of residents have no test",Medium
Karama (1),20377.20099554977,0.0,20225.93700485201,0.0,0.0,609362.2242301719,0.0,29.137,52.20338983050848,road_delay,"Traffic management: junction/signal re-timing, bus priority, route guidance on delayed corridors · measure first: >30% of residents have no test",Medium
Rusenge,29293.325768426297,0.0,29293.325768426297,0.0,0.0,565333.9080682873,0.0,,52.15496368038741,road_delay,"Traffic management: junction/signal re-timing, bus priority, route guidance on delayed corridors · measure first: >30% of residents have no test",Medium
Mukarange (1),19582.99725781607,0.0,19582.997257816074,0.0,0.0,557347.9516789407,0.0,,52.106537530266344,road_delay,"Traffic management: junction/signal re-timing, bus priority, route guidance on delayed corridors · measure first: >30% of residents have no test",Medium
Munini,21837.570352746516,0.0,21837.57035274652,0.0,0.0,554470.6152293872,0.0,,52.05811138014528,road_delay,"Traffic management: junction/signal re-timing, bus priority, route guidance on delayed corridors · measure first: >30% of residents have no test",Medium
Musha (1),32781.17069609814,0.0,32781.17069609814,0.0,0.0,434577.247393464,0.0,,51.912832929782084,road_delay,"Traffic management: junction/signal re-timing, bus priority, route guidance on delayed corridors · measure first: >30% of residents have no test",Medium
Karama (3),37264.40766113785,0.0,37264.407661137855,0.0,0.0,404592.9015137444,0.0,,51.86440677966102,road_delay,"Traffic management: junction/signal re-timing, bus priority, route guidance on delayed corridors · measure first: >30% of residents have no test",Medium
Rushaki,16133.21782429804,0.0,16133.21782429804,0.0,0.0,386986.7530756125,0.0,,51.81598062953995,road_delay,"Traffic management: junction/signal re-timing, bus priority, route guidance on delayed corridors · measure first: >30% of residents have no test",Medium
Busasamana (2),46044.25765093713,0.0,45197.80828478823,0.0,0.0,364134.07791949715,0.0,63.616,51.76755447941889,road_delay,"Traffic management: junction/signal re-timing, bus priority, route guidance on delayed corridors · measure first: >30% of residents have no test",Medium
Muganza (1),38710.02268787501,0.0,38710.02268787501,0.0,0.0,350764.13140157855,0.0,,51.71912832929782,road_delay,"Traffic management: junction/signal re-timing, bus priority, route guidance on delayed corridors · measure first: >30% of residents have no test",Medium
Kageyo (2),22331.21364053806,0.0,22331.213640538055,0.0,0.0,315885.30564530875,0.0,,51.67070217917676,road_delay,"Traffic management: junction/signal re-timing, bus priority, route guidance on delayed corridors · measure first: >30% of residents have no test",Medium
Kaniga,18646.09480316485,0.0,18646.094803164848,0.0,0.0,299953.44583529467,0.0,,51.62227602905569,road_delay,"Traffic management: junction/signal re-timing, bus priority, route guidance on delayed corridors · measure first: >30% of residents have no test",Medium
Jenda,44906.2755953212,0.0,44906.275595321196,0.0,0.0,272829.46569599333,0.0,,51.525423728813564,road_delay,"Traffic management: junction/signal re-timing, bus priority, route guidance on delayed corridors · measure first: >30% of residents have no test",Medium
Kagogo,28420.52014252544,0.0,28420.52014252544,0.0,0.0,271645.53703507985,0.0,,51.47699757869249,road_delay,"Traffic management: junction/signal re-timing, bus priority, route guidance on delayed corridors · measure first: >30% of residents have no test",Medium
Muyira,46596.44620053408,0.0,46596.446200534076,0.0,0.0,242721.90183684594,0.0,,51.42857142857143,road_delay,"Traffic management: junction/signal re-timing, bus priority, route guidance on delayed corridors · measure first: >30% of residents have no test",Medium
Ntyazo,37944.91061090738,0.0,37944.91061090737,0.0,0.0,242175.60952439308,0.0,,51.380145278450364,road_delay,"Traffic management: junction/signal re-timing, bus priority, route guidance on delayed corridors · measure first: >30% of residents have no test",Medium
Kibilizi,45873.12457131803,0.0,45873.124571318025,0.0,0.0,229629.1846045405,0.0,,51.3317191283293,road_delay,"Traffic management: junction/signal re-timing, bus priority, route guidance on delayed corridors · measure first: >30% of residents have no test",Medium
Gikonko,31269.324628063023,0.0,31269.32462806302,0.0,0.0,206014.97448878243,0.0,,51.186440677966104,road_delay,"Traffic management: junction/signal re-timing, bus priority, route guidance on delayed corridors · measure first: >30% of residents have no test",Medium
Cyanzarwe,49142.01210326444,0.0,49142.01210326443,0.0,0.0,198085.57157097707,0.0,,51.13801452784504,road_delay,"Traffic management: junction/signal re-timing, bus priority, route guidance on delayed corridors · measure first: >30% of residents have no test",Medium
Base,21840.816050141508,0.0,21840.816050141508,0.0,0.0,168570.89523717205,0.0,,50.99273607748184,road_delay,"Traffic management: junction/signal re-timing, bus priority, route guidance on delayed corridors · measure first: >30% of residents have no test",Medium
Bukure,21267.820393189293,0.0,21267.820393189293,0.0,0.0,154261.07731990464,0.0,,50.89588377723971,road_delay,"Traffic management: junction/signal re-timing, bus priority, route guidance on delayed corridors · measure first: >30% of residents have no test",Medium
Kinyababa,25705.704327011885,0.0,25705.70432701189,0.0,0.0,151580.02499490895,0.0,,50.79903147699758,road_delay,"Traffic management: junction/signal re-timing, bus priority, route guidance on delayed corridors · measure first: >30% of residents have no test",Medium
Kigoma (1),45604.77715953,0.0,45604.77715953,0.0,0.0,149888.1194885147,0.0,,50.75060532687651,road_delay,"Traffic management: junction/signal re-timing, bus priority, route guidance on delayed corridors · measure first: >30% of residents have no test",Medium
Kinigi,40339.84602632796,0.0,37212.371582100364,0.0,0.0,129713.96076425543,0.0,41.11553344816824,50.653753026634384,road_delay,"Traffic management: junction/signal re-timing, bus priority, route guidance on delayed corridors · measure first: >30% of residents have no test",Medium
Butaro,43202.5002405428,0.0,43202.5002405428,0.0,0.0,120544.15521677655,0.0,,50.55690072639226,road_delay,"Traffic management: junction/signal re-timing, bus priority, route guidance on delayed corridors · measure first: >30% of residents have no test",Medium
Nemba (2),23785.309724422837,0.0,23785.309724422837,0.0,0.0,111820.46454242365,0.0,,50.460048426150124,road_delay,"Traffic management: junction/signal re-timing, bus priority, route guidance on delayed corridors · measure first: >30% of residents have no test",Medium
Muhanga,32449.037024945243,0.0,32449.037024945243,0.0,0.0,106141.98350549323,0.0,,50.36319612590799,road_delay,"Traffic management: junction/signal re-timing, bus priority, route guidance on delayed corridors · measure first: >30% of residents have no test",Medium
Mugunga,21552.41604664448,0.0,21552.41604664448,0.0,0.0,105489.86435492261,0.0,,50.31476997578693,road_delay,"Traffic management: junction/signal re-timing, bus priority, route guidance on delayed corridors · measure first: >30% of residents have no test",Medium
Rugera,30802.629796379413,0.0,30568.293093623517,0.0,0.0,100123.14967896725,0.0,12.984,50.2179176755448,road_delay,"Traffic management: junction/signal re-timing, bus priority, route guidance on delayed corridors · measure first: >30% of residents have no test",Medium
Rugendabari,19165.111866410643,0.0,19165.111866410643,0.0,0.0,94289.08596222477,0.0,,50.12106537530266,road_delay,"Traffic management: junction/signal re-timing, bus priority, route guidance on delayed corridors · measure first: >30% of residents have no test",Medium
Rusarabuye,24120.445115947263,0.0,23807.86249617801,0.0,0.0,92894.49520748576,0.0,36.968,50.02421307506053,road_delay,"Traffic management: junction/signal re-timing, bus priority, route guidance on delayed corridors · measure first: >30% of residents have no test",Medium
Mimuri,37288.009530673924,0.0,37288.009530673924,0.0,0.0,92360.62366265194,0.0,,49.97578692493947,road_delay,"Traffic management: junction/signal re-timing, bus priority, route guidance on delayed corridors · measure first: >30% of residents have no test",Medium
Gataraga,31574.465694238803,0.0,31574.4656942388,0.0,0.0,90657.24472002724,0.0,,49.83050847457627,road_delay,"Traffic management: junction/signal re-timing, bus priority, route guidance on delayed corridors · measure first: >30% of residents have no test",Medium
Mutete,29987.34026630441,0.0,29987.34026630441,0.0,0.0,85479.3275602516,0.0,,49.7820823244552,road_delay,"Traffic management: junction/signal re-timing, bus priority, route guidance on delayed corridors · measure first: >30% of residents have no test",Medium
Gishyita,25774.64207867548,0.0,25774.642078675482,0.0,0.0,83955.34960209632,0.0,,49.68523002421308,road_delay,"Traffic management: junction/signal re-timing, bus priority, route guidance on delayed corridors · measure first: >30% of residents have no test",Medium
Gahunga,31293.148072948796,0.0,31293.148072948796,0.0,0.0,82522.52103613476,0.0,,49.63680387409201,road_delay,"Traffic management: junction/signal re-timing, bus priority, route guidance on delayed corridors · measure first: >30% of residents have no test",Medium
Kimisagara,54280.05568391086,0.0,28736.631423239516,0.0,0.0,82265.14611095877,0.0,35.909158849407525,49.58837772397094,road_delay,"Traffic management: junction/signal re-timing, bus priority, route guidance on delayed corridors · measure first: >30% of residents have no test",Medium
Gasange,22815.972780475873,0.0,22815.972780475873,0.0,0.0,81545.70913765104,0.0,,49.539951573849876,road_delay,"Traffic management: junction/signal re-timing, bus priority, route guidance on delayed corridors · measure first: >30% of residents have no test",Medium
Muko (1),30905.540034578702,0.0,29376.753916736903,0.0,0.0,74855.20648343352,0.0,34.16400586931709,49.39467312348668,road_delay,"Traffic management: junction/signal re-timing, bus priority, route guidance on delayed corridors · measure first: >30% of residents have no test",Medium
Nyamugari,42782.81108556124,0.0,42782.81108556124,0.0,0.0,74749.31380612147,0.0,,49.346246973365616,road_delay,"Traffic management: junction/signal re-timing, bus priority, route guidance on delayed corridors · measure first: >30% of residents have no test",Medium
Rukara,39707.179842302874,0.0,39707.17984230287,0.0,0.0,71365.05849687761,0.0,,49.152542372881356,road_delay,"Traffic management: junction/signal re-timing, bus priority, route guidance on delayed corridors · measure first: >30% of residents have no test",Medium
Gatenga,69841.37170585689,0.0,40182.14569933133,0.0,0.0,71175.88743045482,0.0,25.794207548116212,49.10411622276029,road_delay,"Traffic management: junction/signal re-timing, bus priority, route guidance on delayed corridors · measure first: >30% of residents have no test",Medium
Gatsata,38082.270579934186,0.0,23954.809342188568,0.0,0.0,71087.48741123133,0.0,19.21759861908455,49.05569007263922,road_delay,"Traffic management: junction/signal re-timing, bus priority, route guidance on delayed corridors · measure first: >30% of residents have no test",Medium
Cyeru,19044.152266652534,0.0,19044.152266652538,0.0,0.0,70361.71114479705,0.0,,48.95883777239709,road_delay,"Traffic management: junction/signal re-timing, bus priority, route guidance on delayed corridors · measure first: >30% of residents have no test",Medium
Kanyinya,31892.328322160727,0.0,31308.37555128919,0.0,0.0,69758.46600640858,0.0,40.83097036916298,48.91041162227603,road_delay,"Traffic management: junction/signal re-timing, bus priority, route guidance on delayed corridors · measure first: >30% of residents have no test",Medium
Gatunda,37893.86095040395,0.0,37893.86095040395,0.0,0.0,67390.72620189167,0.0,,48.86198547215497,road_delay,"Traffic management: junction/signal re-timing, bus priority, route guidance on delayed corridors · measure first: >30% of residents have no test",Medium
Kabacuzi,30542.456831964802,0.0,30542.456831964802,0.0,0.0,66102.98955771532,0.0,,48.76513317191284,road_delay,"Traffic management: junction/signal re-timing, bus priority, route guidance on delayed corridors · measure first: >30% of residents have no test",Medium
Nyundo,57912.875588665156,0.0,55950.88793870921,0.0,0.0,65934.54414103032,0.0,170.916,48.71670702179176,road_delay,"Traffic management: junction/signal re-timing, bus priority, route guidance on delayed corridors · measure first: >30% of residents have no test",Medium
Nkotsi,17176.11408255938,0.0,17176.11408255938,0.0,0.0,65903.15011997789,0.0,,48.6682808716707,road_delay,"Traffic management: junction/signal re-timing, bus priority, route guidance on delayed corridors · measure first: >30% of residents have no test",Medium
Rwerere,23490.537790201095,0.0,23490.537790201095,0.0,0.0,62399.645998937616,0.0,,48.619854721549636,road_delay,"Traffic management: junction/signal re-timing, bus priority, route guidance on delayed corridors · measure first: >30% of residents have no test",Medium
Rutare,30488.248954940915,0.0,30488.248954940922,0.0,0.0,61882.250526471704,0.0,,48.57142857142857,road_delay,"Traffic management: junction/signal re-timing, bus priority, route guidance on delayed corridors · measure first: >30% of residents have no test",Medium
Ntarabana,26796.398452026424,0.0,26478.38314949122,0.0,0.0,61285.8536621015,0.0,13.591,48.52300242130751,road_delay,"Traffic management: junction/signal re-timing, bus priority, route guidance on delayed corridors · measure first: >30% of residents have no test",Medium
Shingiro,26726.889266184124,0.0,26726.889266184127,0.0,0.0,58152.59497220755,0.0,,48.426150121065376,road_delay,"Traffic management: junction/signal re-timing, bus priority, route guidance on delayed corridors · measure first: >30% of residents have no test",Medium
Musambira,44359.66307414026,0.0,44359.66307414027,0.0,0.0,56519.988087127014,0.0,,48.32929782082324,road_delay,"Traffic management: junction/signal re-timing, bus priority, route guidance on delayed corridors · measure first: >30% of residents have no test",Medium
Mukamira,34033.877388089924,0.0,31493.470590289708,0.0,0.0,56473.210538697684,0.0,26.221176780533487,48.28087167070218,road_delay,"Traffic management: junction/signal re-timing, bus priority, route guidance on delayed corridors · measure first: >30% of residents have no test",Medium
Sake,35013.21001437596,0.0,33857.88340681725,0.0,0.0,54230.08507326329,0.0,36.60560481412287,48.232445520581116,road_delay,"Traffic management: junction/signal re-timing, bus priority, route guidance on delayed corridors · measure first: >30% of residents have no test",Medium
Rusiga,13739.505541597991,0.0,13739.50554159799,0.0,0.0,52738.34856669538,0.0,,48.18401937046005,road_delay,"Traffic management: junction/signal re-timing, bus priority, route guidance on delayed corridors · measure first: >30% of residents have no test",Medium
Musange,21592.903687381677,0.0,21277.282619252004,0.0,0.0,52717.43458668933,0.0,95.485,48.13559322033898,road_delay,"Traffic management: junction/signal re-timing, bus priority, route guidance on delayed corridors · measure first: >30% of residents have no test",Medium
Murambi (3),41885.22260682282,0.0,41885.22260682282,0.0,0.0,52567.000663754385,0.0,,48.087167070217916,road_delay,"Traffic management: junction/signal re-timing, bus priority, route guidance on delayed corridors · measure first: >30% of residents have no test",Medium
Gashenyi,23904.126643301173,0.0,23904.126643301173,0.0,0.0,50722.393248347675,0.0,,47.99031476997579,road_delay,"Traffic management: junction/signal re-timing, bus priority, route guidance on delayed corridors · measure first: >30% of residents have no test",Medium
Gatumba,27990.806870465618,0.0,27990.806870465618,0.0,0.0,50260.1712497165,0.0,,47.94188861985472,road_delay,"Traffic management: junction/signal re-timing, bus priority, route guidance on delayed corridors · measure first: >30% of residents have no test",Medium
Gasaka,46282.87931353726,0.0,43960.91249518029,0.0,0.0,45185.64141058646,0.0,48.55212128080326,47.84503631961259,road_delay,"Traffic management: junction/signal re-timing, bus priority, route guidance on delayed corridors · measure first: >30% of residents have no test",Medium
Rubavu,77115.99434425628,0.0,74151.74782320923,0.0,0.0,43025.4892724608,0.0,16.222,47.79661016949153,road_delay,"Traffic management: junction/signal re-timing, bus priority, route guidance on delayed corridors · measure first: >30% of residents have no test",Medium
Giti,18373.026228366052,0.0,18373.02622836605,0.0,0.0,42959.96297216987,0.0,,47.74818401937046,road_delay,"Traffic management: junction/signal re-timing, bus priority, route guidance on delayed corridors · measure first: >30% of residents have no test",Medium
Cyanika (2),46707.59531086108,0.0,46056.2924145592,0.0,0.0,41834.283448837654,0.0,23.652,47.699757869249396,road_delay,"Traffic management: junction/signal re-timing, bus priority, route guidance on delayed corridors · measure first: >30% of residents have no test",Medium
Murundi (2),61310.46112551222,0.0,61310.46112551222,0.0,0.0,40994.63690930231,0.0,,47.65133171912833,road_delay,"Traffic management: junction/signal re-timing, bus priority, route guidance on delayed corridors · measure first: >30% of residents have no test",Medium
Kigoma (2),28568.041232534568,0.0,28568.041232534568,0.0,0.0,39941.251389224984,0.0,,47.60290556900726,road_delay,"Traffic management: junction/signal re-timing, bus priority, route guidance on delayed corridors · measure first: >30% of residents have no test",Medium
Kiyumba,25216.80094709026,0.0,25216.80094709026,0.0,0.0,39203.516634735664,0.0,,47.5544794188862,road_delay,"Traffic management: junction/signal re-timing, bus priority, route guidance on delayed corridors · measure first: >30% of residents have no test",Medium
Rusasa,20556.642198150876,0.0,20556.642198150872,0.0,0.0,36568.953935373414,0.0,,47.45762711864407,road_delay,"Traffic management: junction/signal re-timing, bus priority, route guidance on delayed corridors · measure first: >30% of residents have no test",Medium
Maraba,28874.138234984923,0.0,28874.13823498492,0.0,0.0,36560.60902779951,0.0,,47.409200968523,road_delay,"Traffic management: junction/signal re-timing, bus priority, route guidance on delayed corridors · measure first: >30% of residents have no test",Medium
Nyakiriba,60126.066325584776,0.0,60126.06632558478,0.0,0.0,36225.9579001464,0.0,,47.360774818401936,road_delay,"Traffic management: junction/signal re-timing, bus priority, route guidance on delayed corridors · measure first: >30% of residents have no test",Medium
Rwamiko,16758.324424623246,0.0,16758.324424623246,0.0,0.0,34616.37965962807,0.0,,47.312348668280876,road_delay,"Traffic management: junction/signal re-timing, bus priority, route guidance on delayed corridors · measure first: >30% of residents have no test",Medium
Mbazi (1),41821.42276522657,0.0,41218.70384374066,0.0,0.0,30918.2249616196,0.0,83.974,47.21549636803874,road_delay,"Traffic management: junction/signal re-timing, bus priority, route guidance on delayed corridors · measure first: >30% of residents have no test",Medium
Muhororo,24515.980177002693,0.0,24515.980177002693,0.0,0.0,28543.52191228012,0.0,,47.11864406779661,road_delay,"Traffic management: junction/signal re-timing, bus priority, route guidance on delayed corridors · measure first: >30% of residents have no test",Medium
Rongi,30573.21070681054,0.0,30257.000365898315,0.0,0.0,27736.453273163515,0.0,44.135,47.07021791767555,road_delay,"Traffic management: junction/signal re-timing, bus priority, route guidance on delayed corridors · measure first: >30% of residents have no test",Medium
Gitega,18692.445745803827,0.0,0.0,0.0,0.0,26959.647953781812,0.0,151.03516217318307,46.973365617433416,road_delay,"Traffic management: junction/signal re-timing, bus priority, route guidance on delayed corridors",Medium
Bushoki,25271.139132219618,0.0,24648.282937093973,0.0,0.0,25357.22779819671,0.0,23.997,46.87651331719128,road_delay,"Traffic management: junction/signal re-timing, bus priority, route guidance on delayed corridors · measure first: >30% of residents have no test",Medium
Ntongwe,42056.6810219125,0.0,42056.6810219125,0.0,0.0,24217.97481029412,0.0,,46.82808716707022,road_delay,"Traffic management: junction/signal re-timing, bus priority, route guidance on delayed corridors · measure first: >30% of residents have no test",Medium
Shyrongi,46469.2641414395,0.0,44098.04578888246,0.0,0.0,22567.5574584428,0.0,27.084665145464342,46.73123486682809,road_delay,"Traffic management: junction/signal re-timing, bus priority, route guidance on delayed corridors · measure first: >30% of residents have no test",Medium
Kabagali,28113.285630913706,0.0,28113.285630913706,0.0,0.0,22227.719509300834,0.0,,46.68280871670702,road_delay,"Traffic management: junction/signal re-timing, bus priority, route guidance on delayed corridors · measure first: >30% of residents have no test",Medium
Nzahaha,34139.262527023064,0.0,34139.262527023064,0.0,0.0,20896.972991166596,0.0,,46.634382566585955,road_delay,"Traffic management: junction/signal re-timing, bus priority, route guidance on delayed corridors · measure first: >30% of residents have no test",Medium
Mahama,78231.05473877596,0.0,78231.05473877597,0.0,0.0,20612.51774902299,0.0,,46.585956416464896,road_delay,"Traffic management: junction/signal re-timing, bus priority, route guidance on delayed corridors · measure first: >30% of residents have no test",Medium
Kaduha,24783.229226854266,0.0,24481.36511828471,0.0,0.0,20330.318976039343,0.0,83.239,46.53753026634382,road_delay,"Traffic management: junction/signal re-timing, bus priority, route guidance on delayed corridors · measure first: >30% of residents have no test",Low
Cyumba,17364.806266593478,0.0,17364.806266593478,0.0,0.0,19356.99664205032,0.0,,46.440677966101696,road_delay,"Traffic management: junction/signal re-timing, bus priority, route guidance on delayed corridors · measure first: >30% of residents have no test",Low
Nyamiyaga (1),47870.06791161295,0.0,47870.06791161295,0.0,0.0,18956.306370677332,0.0,,46.39225181598063,road_delay,"Traffic management: junction/signal re-timing, bus priority, route guidance on delayed corridors · measure first: >30% of residents have no test",Low
Kivuye,17770.169747077132,0.0,17770.169747077136,0.0,0.0,18102.120547194605,0.0,,46.19854721549637,road_delay,"Traffic management: junction/signal re-timing, bus priority, route guidance on delayed corridors · measure first: >30% of residents have no test",Low
Masoro,30532.627957962595,0.0,30532.627957962595,0.0,0.0,18044.797332452017,0.0,,46.1501210653753,road_delay,"Traffic management: junction/signal re-timing, bus priority, route guidance on delayed corridors · measure first: >30% of residents have no test",Low
Gashonga,28947.255927056096,0.0,28674.632914843638,0.0,0.0,17915.04750620451,0.0,13.894,46.101694915254235,road_delay,"Traffic management: junction/signal re-timing, bus priority, route guidance on delayed corridors · measure first: >30% of residents have no test",Low
Hindiro,29320.197960140988,0.0,28789.549303768654,0.0,0.0,17047.084477159522,0.0,23.499,45.95641646489104,road_delay,"Traffic management: junction/signal re-timing, bus priority, route guidance on delayed corridors · measure first: >30% of residents have no test",Low
Kansi,24188.68908740862,0.0,24188.689087408624,0.0,0.0,16991.371214723757,0.0,,45.907990314769975,road_delay,"Traffic management: junction/signal re-timing, bus priority, route guidance on delayed corridors · measure first: >30% of residents have no test",Low
Kanzenze,24549.075161639154,0.0,24549.075161639154,0.0,0.0,16731.16018575765,0.0,,45.859564164648916,road_delay,"Traffic management: junction/signal re-timing, bus priority, route guidance on delayed corridors · measure first: >30% of residents have no test",Low
Manyagiro,24787.205921251465,0.0,24787.20592125146,0.0,0.0,14712.491591367854,0.0,,45.81113801452785,road_delay,"Traffic management: junction/signal re-timing, bus priority, route guidance on delayed corridors · measure first: >30% of residents have no test",Low
Musebeya,22363.351257540024,0.0,22363.35125754002,0.0,0.0,14224.911194940747,0.0,,45.61743341404359,road_delay,"Traffic management: junction/signal re-timing, bus priority, route guidance on delayed corridors · measure first: >30% of residents have no test",Low
Nyakarenzo,20827.444647959128,0.0,19491.23581386207,0.0,0.0,13986.891416718945,0.0,16.590737292009376,45.56900726392252,road_delay,"Traffic management: junction/signal re-timing, bus priority, route guidance on delayed corridors · measure first: >30% of residents have no test",Low
Shyogwe,54327.64278677191,0.0,46821.342144267874,0.0,0.0,13981.813920709508,0.0,20.514709394846104,45.520581113801455,road_delay,"Traffic management: junction/signal re-timing, bus priority, route guidance on delayed corridors · measure first: >30% of residents have no test",Low
Rambura,33128.248432609565,0.0,32854.28283205376,0.0,0.0,13824.07859846291,0.0,27.887,45.47215496368039,road_delay,"Traffic management: junction/signal re-timing, bus priority, route guidance on delayed corridors · measure first: >30% of residents have no test",Low
Rwankuba,40543.141710841766,0.0,40543.141710841766,0.0,0.0,13009.907138295412,0.0,,45.42372881355932,road_delay,"Traffic management: junction/signal re-timing, bus priority, route guidance on delayed corridors · measure first: >30% of residents have no test",Low
Bugeshi,36700.305314411766,0.0,35451.454087933,0.0,0.0,12972.256771696766,0.0,13.825328466687404,45.375302663438255,road_delay,"Traffic management: junction/signal re-timing, bus priority, route guidance on delayed corridors · measure first: >30% of residents have no test",Low
Kabaya,40159.78901974389,0.0,40159.78901974389,0.0,0.0,12733.068178885744,0.0,,45.32687651331719,road_delay,"Traffic management: junction/signal re-timing, bus priority, route guidance on delayed corridors · measure first: >30% of residents have no test",Low
Mukingo,50465.74649185271,0.0,50465.74649185272,0.0,0.0,12624.255163669039,0.0,,45.27845036319613,road_delay,"Traffic management: junction/signal re-timing, bus priority, route guidance on delayed corridors · measure first: >30% of residents have no test",Low
Mushishiro,22505.68154898507,0.0,22505.681548985067,0.0,0.0,10884.12995677748,0.0,,45.13317191283293,road_delay,"Traffic management: junction/signal re-timing, bus priority, route guidance on delayed corridors · measure first: >30% of residents have no test",Low
Uwinkingi,28506.919322933183,0.0,28506.919322933183,0.0,0.0,10279.048559274534,0.0,,45.0363196125908,road_delay,"Traffic management: junction/signal re-timing, bus priority, route guidance on delayed corridors · measure first: >30% of residents have no test",Low
Kabatwa,23430.121072879574,0.0,23430.121072879574,0.0,0.0,10252.320086116337,0.0,,44.987893462469735,road_delay,"Traffic management: junction/signal re-timing, bus priority, route guidance on delayed corridors · measure first: >30% of residents have no test",Low
Karago,28253.746401216336,0.0,28181.18890696281,0.0,0.0,9693.991883288356,0.0,19.747,44.842615012106535,road_delay,"Traffic management: junction/signal re-timing, bus priority, route guidance on delayed corridors · measure first: >30% of residents have no test",Low
Rwempasha,43689.6166306689,0.0,43689.6166306689,0.0,0.0,9600.728563030205,0.0,,44.794188861985475,road_delay,"Traffic management: junction/signal re-timing, bus priority, route guidance on delayed corridors · measure first: >30% of residents have no test",Low
Kinihira (1),28111.745305962268,0.0,28111.745305962264,0.0,0.0,8957.634899277251,0.0,,44.69733656174334,road_delay,"Traffic management: junction/signal re-timing, bus priority, route guidance on delayed corridors · measure first: >30% of residents have no test",Low
Matimba,29029.323316905957,0.0,29029.323316905957,0.0,0.0,8949.87484565851,0.0,,44.648910411622275,road_delay,"Traffic management: junction/signal re-timing, bus priority, route guidance on delayed corridors · measure first: >30% of residents have no test",Low
Rubengera,43116.618173599316,0.0,40613.769148173815,0.0,0.0,8293.442473126845,0.0,95.77389146588015,44.55205811138015,road_delay,"Traffic management: junction/signal re-timing, bus priority, route guidance on delayed corridors · measure first: >30% of residents have no test",Low
Busoro,41148.30730168547,0.0,41148.30730168547,0.0,0.0,8237.990670576295,0.0,,44.50363196125908,road_delay,"Traffic management: junction/signal re-timing, bus priority, route guidance on delayed corridors · measure first: >30% of residents have no test",Low
Nyagisozi (1),28683.970343722183,0.0,28683.970343722183,0.0,0.0,8116.079983066172,0.0,,44.455205811138015,road_delay,"Traffic management: junction/signal re-timing, bus priority, route guidance on delayed corridors · measure first: >30% of residents have no test",Low
Byimana,44877.28257016041,0.0,44877.28257016041,0.0,0.0,8023.239601876639,0.0,,44.40677966101695,road_delay,"Traffic management: junction/signal re-timing, bus priority, route guidance on delayed corridors · measure first: >30% of residents have no test",Low
Jomba,22846.094824495165,0.0,21872.48812949541,0.0,0.0,7511.363982784709,0.0,15.603,44.30992736077482,road_delay,"Traffic management: junction/signal re-timing, bus priority, route guidance on delayed corridors · measure first: >30% of residents have no test",Low
Munyiginya,23514.668401895655,0.0,22969.702830616927,0.0,0.0,7493.872161273151,0.0,88.914,44.261501210653755,road_delay,"Traffic management: junction/signal re-timing, bus priority, route guidance on delayed corridors · measure first: >30% of residents have no test",Low
Kamegeri,16235.11932341192,0.0,16235.11932341192,0.0,0.0,7288.27918503144,0.0,,44.21307506053269,road_delay,"Traffic management: junction/signal re-timing, bus priority, route guidance on delayed corridors · measure first: >30% of residents have no test",Low
Cyanika (1),26426.025404828953,0.0,26038.508530243977,0.0,0.0,7081.007911190258,0.0,45.776549090086334,44.16464891041162,road_delay,"Traffic management: junction/signal re-timing, bus priority, route guidance on delayed corridors · measure first: >30% of residents have no test",Low
Nyarugenge (2),28110.917709322795,0.0,27048.697558527732,0.0,0.0,6951.976599414383,0.0,60.17646372011908,44.116222760290555,road_delay,"Traffic management: junction/signal re-timing, bus priority, route guidance on delayed corridors · measure first: >30% of residents have no test",Low
Bushekeri,34950.563857504276,0.0,34744.85609743335,0.0,0.0,6137.18376714854,0.0,28.692,44.067796610169495,road_delay,"Traffic management: junction/signal re-timing, bus priority, route guidance on delayed corridors · measure first: >30% of residents have no test",Low
Cyabingo,20470.934074619505,0.0,20470.934074619505,0.0,0.0,5925.647577174525,0.0,,43.97094430992736,road_delay,"Traffic management: junction/signal re-timing, bus priority, route guidance on delayed corridors · measure first: >30% of residents have no test",Low
Karangazi,105315.37727847513,0.0,103584.99595885539,0.0,0.0,5879.56131534634,0.0,44.82039452526944,43.87409200968523,road_delay,"Traffic management: junction/signal re-timing, bus priority, route guidance on delayed corridors · measure first: >30% of residents have no test",Low
Remera (4),35206.24688265083,0.0,30758.508229345734,0.0,0.0,5853.097049812078,0.0,34.32854385221506,43.82566585956417,road_delay,"Traffic management: junction/signal re-timing, bus priority, route guidance on delayed corridors · measure first: >30% of residents have no test",Low
Gatebe,22948.441738705616,0.0,22948.44173870562,0.0,0.0,5710.319854290302,0.0,,43.7772397094431,road_delay,"Traffic management: junction/signal re-timing, bus priority, route guidance on delayed corridors · measure first: >30% of residents have no test",Low
Mukura (2),43725.33978230784,0.0,43322.89974659489,0.0,0.0,5344.796617747318,0.0,43.102,43.728813559322035,road_delay,"Traffic management: junction/signal re-timing, bus priority, route guidance on delayed corridors · measure first: >30% of residents have no test",Low
Rwaza,25389.981624107848,0.0,25389.981624107844,0.0,0.0,4968.091007562135,0.0,,43.6319612590799,road_delay,"Traffic management: junction/signal re-timing, bus priority, route guidance on delayed corridors · measure first: >30% of residents have no test",Low
Bweramana,35804.61377427229,0.0,35571.870449882816,0.0,0.0,4860.6016400597355,0.0,11.321,43.58353510895884,road_delay,"Traffic management: junction/signal re-timing, bus priority, route guidance on delayed corridors · measure first: >30% of residents have no test",Low
Nyange (1),27178.9848394315,0.0,27026.45350402217,0.0,0.0,4731.533545572225,0.0,45.067,43.535108958837775,road_delay,"Traffic management: junction/signal re-timing, bus priority, route guidance on delayed corridors · measure first: >30% of residents have no test",Low
Kigina,38356.07081831976,0.0,37463.25054221673,0.0,0.0,4560.335368210428,0.0,42.30334894820331,43.48668280871671,road_delay,"Traffic management: junction/signal re-timing, bus priority, route guidance on delayed corridors · measure first: >30% of residents have no test",Low
Kiziguro,45833.82434322982,0.0,44498.02113730789,0.0,0.0,4440.873281197804,0.0,96.024,43.389830508474574,road_delay,"Traffic management: junction/signal re-timing, bus priority, route guidance on delayed corridors · measure first: >30% of residents have no test",Low
Butare,28961.391858371353,0.0,28703.0011243138,0.0,0.0,4313.666062077578,0.0,92.633,43.29297820823245,slow_pop,Add radio capacity / new sites where many residents are below the broadband threshold · measure first: >30% of residents have no test,Low
Mbazi (2),13970.708004007813,0.0,13639.017960718651,0.0,0.0,4265.181506429155,0.0,131.586,43.24455205811138,slow_pop,Add radio capacity / new sites where many residents are below the broadband threshold · measure first: >30% of residents have no test,Low
Nyabinoni,17203.714536055457,0.0,16809.737825672975,0.0,0.0,3972.8806521142856,0.0,16.312,43.196125907990314,slow_pop,Add radio capacity / new sites where many residents are below the broadband threshold · measure first: >30% of residents have no test,Low
Kitabi,30614.389636565826,0.0,30614.38963656583,0.0,0.0,3952.7783449992453,0.0,,43.14769975786925,slow_pop,Add radio capacity / new sites where many residents are below the broadband threshold · measure first: >30% of residents have no test,Low
Muzo,24115.22104059311,0.0,24115.22104059311,0.0,0.0,3744.407763489491,0.0,,43.05084745762712,slow_pop,Add radio capacity / new sites where many residents are below the broadband threshold · measure first: >30% of residents have no test,Low
Buruhukiro,29097.3255453513,0.0,28707.209665980703,0.0,0.0,3552.7953307488647,0.0,24.703,43.002421307506054,slow_pop,Add radio capacity / new sites where many residents are below the broadband threshold · measure first: >30% of residents have no test,Low
Kimonyi,24153.710264023095,0.0,23777.393353824595,0.0,0.0,3382.264335303181,0.0,10.664,42.95399515738499,slow_pop,Add radio capacity / new sites where many residents are below the broadband threshold · measure first: >30% of residents have no test,Low
Kirehe,31764.6853945172,0.0,29387.94691878104,0.0,0.0,3247.1167448623364,0.0,53.95656198810214,42.90556900726392,slow_pop,Add radio capacity / new sites where many residents are below the broadband threshold · measure first: >30% of residents have no test,Low
Gashanda,20776.69788980237,0.0,19552.58144446416,0.0,0.0,2819.8816964268926,0.0,68.9491383166815,42.85714285714286,slow_pop,Add radio capacity / new sites where many residents are below the broadband threshold · measure first: >30% of residents have no test,Low
Nyarusange,29809.377583682424,0.0,29809.37758368242,0.0,0.0,2797.2439994276497,0.0,,42.808716707021794,slow_pop,Add radio capacity / new sites where many residents are below the broadband threshold · measure first: >30% of residents have no test,Low
Busasamana (1),52787.23484545483,0.0,52787.23484545483,0.0,0.0,2734.034378639638,0.0,,42.71186440677966,slow_pop,Add radio capacity / new sites where many residents are below the broadband threshold · measure first: >30% of residents have no test,Low
Kibumbwe,14882.57320129949,0.0,14882.57320129949,0.0,0.0,2490.5406574951567,0.0,,42.663438256658594,slow_pop,Add radio capacity / new sites where many residents are below the broadband threshold · measure first: >30% of residents have no test,Low
Gatsibo,43075.42192803106,0.0,40632.48343849808,0.0,0.0,2321.6348910169195,0.0,32.999819363534726,42.5181598062954,slow_pop,Add radio capacity / new sites where many residents are below the broadband threshold · measure first: >30% of residents have no test,Low
Kayumbu,17336.884868507692,0.0,17336.884868507692,0.0,0.0,2225.5130416529005,0.0,,42.469733656174334,slow_pop,Add radio capacity / new sites where many residents are below the broadband threshold · measure first: >30% of residents have no test,Low
Ruharambuga,30931.6741238102,0.0,30931.6741238102,0.0,0.0,2158.4558079140415,0.0,,42.42130750605327,slow_pop,Add radio capacity / new sites where many residents are below the broadband threshold · measure first: >30% of residents have no test,Low
Rwimiyaga,86504.4124502762,0.0,85424.92157060884,0.0,0.0,2096.3144919110478,0.0,12.96,42.37288135593221,slow_pop,Add radio capacity / new sites where many residents are below the broadband threshold · measure first: >30% of residents have no test,Low
Kanama,42197.37104210456,0.0,36996.76409676928,0.0,0.0,2084.4484888527422,0.0,19.334,42.276029055690074,slow_pop,Add radio capacity / new sites where many residents are below the broadband threshold · measure first: >30% of residents have no test,Low
Cyabakamyi,24342.47276950891,0.0,24061.285387381053,0.0,0.0,2019.3397629107683,0.0,43.753,42.22760290556901,slow_pop,Add radio capacity / new sites where many residents are below the broadband threshold · measure first: >30% of residents have no test,Low
Rusatira,30084.633713827054,0.0,30084.633713827054,0.0,0.0,2019.1973938293308,0.0,,42.17917675544794,slow_pop,Add radio capacity / new sites where many residents are below the broadband threshold · measure first: >30% of residents have no test,Low
Rugabano,36925.90782928179,0.0,36925.90782928178,0.0,0.0,1928.921415399228,0.0,,42.082324455205814,slow_pop,Add radio capacity / new sites where many residents are below the broadband threshold · measure first: >30% of residents have no test,Low
Nyamiyaga (2),22584.524578821816,0.0,22584.524578821813,0.0,0.0,1845.04772904989,0.0,,41.98547215496368,slow_pop,Add radio capacity / new sites where many residents are below the broadband threshold · measure first: >30% of residents have no test,Low
Mugina,48414.21022682761,0.0,47978.09937107034,0.0,0.0,1717.240507737411,0.0,15.923688856131621,41.937046004842614,slow_pop,Add radio capacity / new sites where many residents are below the broadband threshold · measure first: >30% of residents have no test,Low
Kinazi (1),36690.360973563154,0.0,36690.36097356315,0.0,0.0,1566.5667788123692,0.0,,41.84019370460049,slow_pop,Add radio capacity / new sites where many residents are below the broadband threshold · measure first: >30% of residents have no test,Low
Murambi (1),23627.319308030397,0.0,23627.3193080304,0.0,0.0,1336.4233096272847,0.0,,41.79176755447942,slow_pop,Add radio capacity / new sites where many residents are below the broadband threshold · measure first: >30% of residents have no test,Low
Giheke,23185.354167305093,0.0,22856.322356684388,0.0,0.0,1300.3863672342795,0.0,12.789632781466121,41.743341404358354,slow_pop,Add radio capacity / new sites where many residents are below the broadband threshold · measure first: >30% of residents have no test,Low
Tare,24923.101665463604,0.0,24923.101665463604,0.0,0.0,1222.4295748280642,0.0,,41.69491525423729,slow_pop,Add radio capacity / new sites where many residents are below the broadband threshold · measure first: >30% of residents have no test,Low
Bwishyura,42014.42551385163,0.0,40416.876588323445,0.0,0.0,1217.301899629407,0.0,48.42540344542034,41.64648910411623,slow_pop,Add radio capacity / new sites where many residents are below the broadband threshold · measure first: >30% of residents have no test,Low
Muhondo,23927.905740897317,0.0,23927.905740897317,0.0,0.0,1104.609224138947,0.0,,41.549636803874094,slow_pop,Add radio capacity / new sites where many residents are below the broadband threshold · measure first: >30% of residents have no test,Low
Macuba,34004.18494513552,0.0,34004.184945135516,0.0,0.0,1071.1134023084335,0.0,,41.50121065375303,slow_pop,Add radio capacity / new sites where many residents are below the broadband threshold · measure first: >30% of residents have no test,Low
Kisaro,25432.90559864993,0.0,25432.90559864993,0.0,0.0,1045.7740843623583,0.0,,41.404358353510894,slow_pop,Add radio capacity / new sites where many residents are below the broadband threshold · measure first: >30% of residents have no test,Low
Ruhashya,27022.47898589913,0.0,27022.478985899128,0.0,0.0,1038.345386049222,0.0,,41.355932203389834,slow_pop,Add radio capacity / new sites where many residents are below the broadband threshold · measure first: >30% of residents have no test,Low
Miyove,20580.775570379323,0.0,20580.775570379326,0.0,0.0,1029.5327576816744,0.0,,41.30750605326877,slow_pop,Add radio capacity / new sites where many residents are below the broadband threshold · measure first: >30% of residents have no test,Low
Ruvune,25725.002683039085,0.0,25725.00268303909,0.0,0.0,1011.2881698367037,0.0,,41.210653753026634,slow_pop,Add radio capacity / new sites where many residents are below the broadband threshold · measure first: >30% of residents have no test,Low
Mushubati,32977.898662334985,0.0,32977.898662334985,0.0,0.0,905.1003359216454,0.0,25.039,41.16222760290557,slow_pop,Add radio capacity / new sites where many residents are below the broadband threshold · measure first: >30% of residents have no test,Low
Cyungo,15017.567083384143,0.0,15017.567083384143,0.0,0.0,898.5395213059519,0.0,,41.11380145278451,slow_pop,Add radio capacity / new sites where many residents are below the broadband threshold · measure first: >30% of residents have no test,Low
Gihango,29198.74485788417,0.0,29198.74485788417,0.0,0.0,805.9573184999701,0.0,,41.06537530266344,slow_pop,Add radio capacity / new sites where many residents are below the broadband threshold · measure first: >30% of residents have no test,Low
Rugarama (2),51602.87194412302,0.0,50309.378763346074,0.0,0.0,755.4856162645439,0.0,21.70354683143727,41.016949152542374,slow_pop,Add radio capacity / new sites where many residents are below the broadband threshold · measure first: >30% of residents have no test,Low
Nyagihanga,32263.938358650557,0.0,32263.93835865056,0.0,0.0,673.932632961922,0.0,,40.96852300242131,slow_pop,Add radio capacity / new sites where many residents are below the broadband threshold · measure first: >30% of residents have no test,Low
Bungwe,19382.563964490986,0.0,19382.563964490986,0.0,0.0,657.6895713041465,0.0,,40.92009685230025,slow_pop,Add radio capacity / new sites where many residents are below the broadband threshold · measure first: >30% of residents have no test,Low
Nyankenke,28569.030131875104,0.0,28569.030131875104,0.0,0.0,612.3119167828227,0.0,,40.823244552058114,slow_pop,Add radio capacity / new sites where many residents are below the broadband threshold · measure first: >30% of residents have no test,Low
Mwendo,28854.109227501824,0.0,28624.291264689822,0.0,0.0,581.9190367996364,0.0,25.304,40.77481840193705,slow_pop,Add radio capacity / new sites where many residents are below the broadband threshold · measure first: >30% of residents have no test,Low
Bweyeye,19359.290095161992,0.0,19359.290095161996,0.0,0.0,561.0887921103464,0.0,,40.72639225181598,slow_pop,Add radio capacity / new sites where many residents are below the broadband threshold · measure first: >30% of residents have no test,Low
Mwiri,40342.72254908172,0.0,40329.11366985738,0.0,0.0,527.5120677462215,0.0,24.848,40.58111380145279,slow_pop,Add radio capacity / new sites where many residents are below the broadband threshold · measure first: >30% of residents have no test,Low
Bushenge,24037.129249399637,0.0,24037.129249399633,0.0,0.0,490.4347181404769,0.0,,40.43583535108959,slow_pop,Add radio capacity / new sites where many residents are below the broadband threshold · measure first: >30% of residents have no test,Low
Mubuga,24519.21826167167,0.0,24519.21826167167,0.0,0.0,470.41862919000573,0.0,,40.38740920096852,slow_pop,Add radio capacity / new sites where many residents are below the broadband threshold · measure first: >30% of residents have no test,Low
Kigeyo,26579.1795164222,0.0,26579.17951642219,0.0,0.0,450.5035147306542,0.0,,40.33898305084746,slow_pop,Add radio capacity / new sites where many residents are below the broadband threshold · measure first: >30% of residents have no test,Low
Kabare,41650.41593974141,0.0,40284.143594035544,0.0,0.0,448.3975267081485,0.0,67.72457652427315,40.29055690072639,slow_pop,Add radio capacity / new sites where many residents are below the broadband threshold · measure first: >30% of residents have no test,Low
Musasa,27542.45567499124,0.0,27542.45567499124,0.0,0.0,433.64583773640544,0.0,,40.24213075060533,slow_pop,Add radio capacity / new sites where many residents are below the broadband threshold · measure first: >30% of residents have no test,Low
Twumba,32228.466701847392,0.0,32228.46670184739,0.0,0.0,432.93519563788755,0.0,,40.19370460048426,slow_pop,Add radio capacity / new sites where many residents are below the broadband threshold · measure first: >30% of residents have no test,Low
Nkomane,19369.927525281513,0.0,19369.927525281513,0.0,0.0,418.6459804121601,0.0,,40.14527845036319,slow_pop,Add radio capacity / new sites where many residents are below the broadband threshold · measure first: >30% of residents have no test,Low
Kirimbi,26633.39276974821,0.0,26633.392769748207,0.0,0.0,414.52815675253726,0.0,,40.09685230024213,slow_pop,Add radio capacity / new sites where many residents are below the broadband threshold · measure first: >30% of residents have no test,Low
Kivumu,37007.35439711223,0.0,37007.35439711223,0.0,0.0,353.914189082681,0.0,,40.04842615012107,slow_pop,Add radio capacity / new sites where many residents are below the broadband threshold · measure first: >30% of residents have no test,Low
Ruhango (2),33329.516823900834,0.0,33329.51682390084,0.0,0.0,303.1767225377998,0.0,,39.95157384987893,slow_pop,Add radio capacity / new sites where many residents are below the broadband threshold · measure first: >30% of residents have no test,Low
Rangiro,19120.514701981414,0.0,19120.514701981414,0.0,0.0,293.4837027553605,0.0,,39.85472154963681,slow_pop,Add radio capacity / new sites where many residents are below the broadband threshold · measure first: >30% of residents have no test,Low
Mutuntu,28751.838144290017,0.0,28751.838144290017,0.0,0.0,255.1045518880454,0.0,,39.80629539951574,slow_pop,Add radio capacity / new sites where many residents are below the broadband threshold · measure first: >30% of residents have no test,Low
Cyato,31547.769321415653,0.0,31547.769321415657,0.0,0.0,197.09316668904845,0.0,,39.70944309927361,slow_pop,Add radio capacity / new sites where many residents are below the broadband threshold · measure first: >30% of residents have no test,Low
Mushubi,14618.373940026948,0.0,14618.373940026951,0.0,0.0,196.85816041777994,0.0,,39.66101694915254,slow_pop,Add radio capacity / new sites where many residents are below the broadband threshold · measure first: >30% of residents have no test,Low
Gashari,23880.500142115423,0.0,23880.500142115423,0.0,0.0,173.85386596658265,0.0,,39.51573849878935,slow_pop,Add radio capacity / new sites where many residents are below the broadband threshold · measure first: >30% of residents have no test,Low
Mugano,21731.519888584677,0.0,21731.519888584677,0.0,0.0,167.91597829503107,0.0,,39.46731234866828,slow_pop,Add radio capacity / new sites where many residents are below the broadband threshold · measure first: >30% of residents have no test,Low
Kibirizi (2),25722.85562550834,0.0,25722.855625508342,0.0,0.0,132.59309196186217,0.0,,39.37046004842615,slow_pop,Add radio capacity / new sites where many residents are below the broadband threshold · measure first: >30% of residents have no test,Low
Mushonyi,28042.66754358,0.0,28042.66754358,0.0,0.0,126.66636163007841,0.0,,39.32203389830509,slow_pop,Add radio capacity / new sites where many residents are below the broadband threshold · measure first: >30% of residents have no test,Low
Ruhunde,22278.579242047985,0.0,22278.579242047985,0.0,0.0,116.57318121036211,0.0,,39.27360774818402,slow_pop,Add radio capacity / new sites where many residents are below the broadband threshold · measure first: >30% of residents have no test,Low
Karengera,32815.593786838006,0.0,32815.593786838006,0.0,0.0,81.75671521114283,0.0,,39.22518159806295,slow_pop,Add radio capacity / new sites where many residents are below the broadband threshold · measure first: >30% of residents have no test,Low
Mahembe,21428.214792383722,0.0,21428.214792383722,0.0,0.0,73.03491575172762,0.0,,39.176755447941886,slow_pop,Add radio capacity / new sites where many residents are below the broadband threshold · measure first: >30% of residents have no test,Low
Murundi (1),29387.410937473516,0.0,29387.410937473516,0.0,0.0,30.92608529043776,0.0,,39.12832929782083,slow_pop,Add radio capacity / new sites where many residents are below the broadband threshold · measure first: >30% of residents have no test,Low
Kintobo,17942.969548458805,0.0,17942.96954845881,0.0,0.0,23.031468849322984,0.0,,39.07990314769976,slow_pop,Add radio capacity / new sites where many residents are below the broadband threshold · measure first: >30% of residents have no test,Low
Rukozo,18219.38513678244,0.0,18219.385136782443,0.0,0.0,20.65130045660055,0.0,,39.03147699757869,slow_pop,Add radio capacity / new sites where many residents are below the broadband threshold · measure first: >30% of residents have no test,Low
Ruganda,20632.58475752627,0.0,20632.58475752627,0.0,0.0,4.808229716242129,0.0,,38.983050847457626,slow_pop,Add radio capacity / new sites where many residents are below the broadband threshold · measure first: >30% of residents have no test,Low
Gitesi,31935.25338251829,0.0,31935.253382518287,0.0,0.0,4.102766564376718,0.0,,38.93462469733656,slow_pop,Add radio capacity / new sites where many residents are below the broadband threshold · measure first: >30% of residents have no test,Low
Rubaya,12333.90376409635,0.0,12333.90376409635,0.0,0.0,0.2999553536036287,0.0,,38.8861985472155,slow_pop,Add radio capacity / new sites where many residents are below the broadband threshold · measure first: >30% of residents have no test,Low
Ruli,24699.52466564261,0.0,24699.524665642606,0.0,0.0,0.0,0.0,,35.738498789346245,slow_pop,Add radio capacity / new sites where many residents are below the broadband threshold · measure first: >30% of residents have no test,Low
Karambi,31895.528191747366,0.0,31895.528191747362,0.0,0.0,0.0,0.0,,35.738498789346245,slow_pop,Add radio capacity / new sites where many residents are below the broadband threshold · measure first: >30% of residents have no test,Low
Ngoma (3),16645.920391142434,0.0,16530.930046772206,0.0,0.0,0.0,0.0,13.926,35.738498789346245,slow_pop,Add radio capacity / new sites where many residents are below the broadband threshold · measure first: >30% of residents have no test,Low
Nyabitekeri,28914.82191418587,0.0,28914.82191418587,0.0,0.0,0.0,0.0,,35.738498789346245,slow_pop,Add radio capacity / new sites where many residents are below the broadband threshold · measure first: >30% of residents have no test,Low
Gikundamvura,21265.224677590246,0.0,21265.22467759025,0.0,0.0,0.0,0.0,,35.738498789346245,slow_pop,Add radio capacity / new sites where many residents are below the broadband threshold · measure first: >30% of residents have no test,Low
Burega,15028.244182390017,0.0,15028.244182390017,0.0,0.0,0.0,0.0,,35.738498789346245,slow_pop,Add radio capacity / new sites where many residents are below the broadband threshold · measure first: >30% of residents have no test,Low
Shangi,31191.926426164166,0.0,31191.92642616417,0.0,0.0,0.0,0.0,,35.738498789346245,slow_pop,Add radio capacity / new sites where many residents are below the broadband threshold · measure first: >30% of residents have no test,Low
Coko,20175.188076709514,0.0,20175.18807670951,0.0,0.0,0.0,0.0,,35.738498789346245,slow_pop,Add radio capacity / new sites where many residents are below the broadband threshold · measure first: >30% of residents have no test,Low
Kamubuga,24772.10072764661,0.0,24772.100727646608,0.0,0.0,0.0,0.0,,35.738498789346245,slow_pop,Add radio capacity / new sites where many residents are below the broadband threshold · measure first: >30% of residents have no test,Low
Karambo,14884.696421820949,0.0,14884.69642182095,0.0,0.0,0.0,0.0,,35.738498789346245,slow_pop,Add radio capacity / new sites where many residents are below the broadband threshold · measure first: >30% of residents have no test,Low
Minazi,15112.227153124128,0.0,15112.227153124128,0.0,0.0,0.0,0.0,,35.738498789346245,slow_pop,Add radio capacity / new sites where many residents are below the broadband threshold · measure first: >30% of residents have no test,Low
Muyongwe,17276.99238001899,0.0,17276.99238001899,0.0,0.0,0.0,0.0,,35.738498789346245,slow_pop,Add radio capacity / new sites where many residents are below the broadband threshold · measure first: >30% of residents have no test,Low
Murambi (2),29459.48790583943,0.0,29459.48790583943,0.0,0.0,0.0,0.0,,35.738498789346245,slow_pop,Add radio capacity / new sites where many residents are below the broadband threshold · measure first: >30% of residents have no test,Low
Mbogo,21454.880297179174,0.0,21454.880297179174,0.0,0.0,0.0,0.0,,35.738498789346245,slow_pop,Add radio capacity / new sites where many residents are below the broadband threshold · measure first: >30% of residents have no test,Low
Buyoga,25748.357317810074,0.0,25748.35731781007,0.0,0.0,0.0,0.0,,35.738498789346245,slow_pop,Add radio capacity / new sites where many residents are below the broadband threshold · measure first: >30% of residents have no test,Low
Gikomero,20260.4099861358,0.0,19635.02879439032,0.0,0.0,0.0,0.0,72.0248048116535,35.738498789346245,slow_pop,Add radio capacity / new sites where many residents are below the broadband threshold · measure first: >30% of residents have no test,Low
Rutunga,25038.8584341689,0.0,25038.858434168902,0.0,0.0,0.0,0.0,,35.738498789346245,slow_pop,Add radio capacity / new sites where many residents are below the broadband threshold · measure first: >30% of residents have no test,Low
Juru,42539.81421132397,0.0,42539.81421132396,0.0,0.0,0.0,0.0,,35.738498789346245,slow_pop,Add radio capacity / new sites where many residents are below the broadband threshold · measure first: >30% of residents have no test,Low
Cyinzuzi,17851.714983718895,0.0,17851.714983718895,0.0,0.0,0.0,0.0,,35.738498789346245,slow_pop,Add radio capacity / new sites where many residents are below the broadband threshold · measure first: >30% of residents have no test,Low
Kinihira (2),19894.850011636125,0.0,19894.85001163612,0.0,0.0,0.0,0.0,,35.738498789346245,slow_pop,Add radio capacity / new sites where many residents are below the broadband threshold · measure first: >30% of residents have no test,Low
Tumba (2),22177.375823502836,0.0,22177.375823502844,0.0,0.0,0.0,0.0,,35.738498789346245,slow_pop,Add radio capacity / new sites where many residents are below the broadband threshold · measure first: >30% of residents have no test,Low
Busengo,21893.83054462819,0.0,21893.83054462819,0.0,0.0,0.0,0.0,,35.738498789346245,slow_pop,Add radio capacity / new sites where many residents are below the broadband threshold · measure first: >30% of residents have no test,Low
Janja,17344.755825355147,0.0,16953.53445558514,0.0,0.0,0.0,0.0,17.657855653595508,35.738498789346245,slow_pop,Add radio capacity / new sites where many residents are below the broadband threshold · measure first: >30% of residents have no test,Low
Rusebeya,29233.238732238184,0.0,29233.23873223818,0.0,0.0,0.0,0.0,,35.738498789346245,slow_pop,Add radio capacity / new sites where many residents are below the broadband threshold · measure first: >30% of residents have no test,Low
Bugarama,45682.392638451835,0.0,44830.89726901518,0.0,0.0,0.0,0.0,42.781,35.738498789346245,slow_pop,Add radio capacity / new sites where many residents are below the broadband threshold · measure first: >30% of residents have no test,Low
Nyabirasi,37233.40046776858,0.0,37233.40046776859,0.0,0.0,0.0,0.0,,35.738498789346245,slow_pop,Add radio capacity / new sites where many residents are below the broadband threshold · measure first: >30% of residents have no test,Low
Murunda,25080.644607909937,0.0,25080.644607909933,0.0,0.0,0.0,0.0,,35.738498789346245,slow_pop,Add radio capacity / new sites where many residents are below the broadband threshold · measure first: >30% of residents have no test,Low
Rugengabari,26733.67134499787,0.0,26733.671344997867,0.0,0.0,0.0,0.0,,35.738498789346245,slow_pop,Add radio capacity / new sites where many residents are below the broadband threshold · measure first: >30% of residents have no test,Low
Mbuye,49823.190641204776,0.0,49823.190641204776,0.0,0.0,0.0,0.0,,35.738498789346245,slow_pop,Add radio capacity / new sites where many residents are below the broadband threshold · measure first: >30% of residents have no test,Low
Rukoma,43722.699258120614,0.0,43722.699258120614,0.0,0.0,0.0,0.0,,35.738498789346245,slow_pop,Add radio capacity / new sites where many residents are below the broadband threshold · measure first: >30% of residents have no test,Low
Nyarubaka,32241.72585403389,0.0,32241.725854033888,0.0,0.0,0.0,0.0,,35.738498789346245,slow_pop,Add radio capacity / new sites where many residents are below the broadband threshold · measure first: >30% of residents have no test,Low
Kayenzi,26152.17975778537,0.0,26152.17975778537,0.0,0.0,0.0,0.0,,35.738498789346245,slow_pop,Add radio capacity / new sites where many residents are below the broadband threshold · measure first: >30% of residents have no test,Low
Manihira,22297.77951160469,0.0,22297.77951160469,0.0,0.0,0.0,0.0,,35.738498789346245,slow_pop,Add radio capacity / new sites where many residents are below the broadband threshold · measure first: >30% of residents have no test,Low
Shangasha,20123.152632862042,0.0,20123.152632862042,0.0,0.0,0.0,0.0,,35.738498789346245,slow_pop,Add radio capacity / new sites where many residents are below the broadband threshold · measure first: >30% of residents have no test,Low
Karama (2),22981.726789332828,0.0,22981.726789332828,0.0,0.0,0.0,0.0,,35.738498789346245,slow_pop,Add radio capacity / new sites where many residents are below the broadband threshold · measure first: >30% of residents have no test,Low
Boneza,29868.925650083143,0.0,29868.925650083147,0.0,0.0,0.0,0.0,,35.738498789346245,slow_pop,Add radio capacity / new sites where many residents are below the broadband threshold · measure first: >30% of residents have no test,Low
Bwisige,19227.937567071254,0.0,19050.350042741593,0.0,0.0,0.0,0.0,74.11642687913367,35.738498789346245,slow_pop,Add radio capacity / new sites where many residents are below the broadband threshold · measure first: >30% of residents have no test,Low
Muko (2),22239.541333847097,0.0,22239.5413338471,0.0,0.0,0.0,0.0,,35.738498789346245,slow_pop,Add radio capacity / new sites where many residents are below the broadband threshold · measure first: >30% of residents have no test,Low
Muringa,27785.96975239442,0.0,27785.969752394423,0.0,0.0,0.0,0.0,,35.738498789346245,slow_pop,Add radio capacity / new sites where many residents are below the broadband threshold · measure first: >30% of residents have no test,Low
Nkanka,19129.261185079642,0.0,19129.26118507964,0.0,0.0,0.0,0.0,,35.738498789346245,slow_pop,Add radio capacity / new sites where many residents are below the broadband threshold · measure first: >30% of residents have no test,Low
Nkungu,23184.450679709953,0.0,23184.450679709953,0.0,0.0,0.0,0.0,,35.738498789346245,slow_pop,Add radio capacity / new sites where many residents are below the broadband threshold · measure first: >30% of residents have no test,Low
Nyakabuye,36224.64566594569,0.0,36224.645665945696,0.0,0.0,0.0,0.0,,35.738498789346245,slow_pop,Add radio capacity / new sites where many residents are below the broadband threshold · measure first: >30% of residents have no test,Low
Gashaki,16845.328315187566,0.0,16845.328315187566,0.0,0.0,0.0,0.0,,35.738498789346245,slow_pop,Add radio capacity / new sites where many residents are below the broadband threshold · measure first: >30% of residents have no test,Low
Gitambi,30115.675805882118,0.0,30115.67580588212,0.0,0.0,0.0,0.0,,35.738498789346245,slow_pop,Add radio capacity / new sites where many residents are below the broadband threshold · measure first: >30% of residents have no test,Low
Sovu,35710.63513746549,0.0,35710.63513746549,0.0,0.0,0.0,0.0,,35.738498789346245,slow_pop,Add radio capacity / new sites where many residents are below the broadband threshold · measure first: >30% of residents have no test,Low
Ndaro,27766.10449975998,0.0,27766.10449975998,0.0,0.0,0.0,0.0,,35.738498789346245,slow_pop,Add radio capacity / new sites where many residents are below the broadband threshold · measure first: >30% of residents have no test,Low
Muhanda,34686.849920102104,0.0,34686.849920102104,0.0,0.0,0.0,0.0,,35.738498789346245,slow_pop,Add radio capacity / new sites where many residents are below the broadband threshold · measure first: >30% of residents have no test,Low
Matyazo,29608.733619769293,0.0,29608.733619769297,0.0,0.0,0.0,0.0,,35.738498789346245,slow_pop,Add radio capacity / new sites where many residents are below the broadband threshold · measure first: >30% of residents have no test,Low
Kageyo (1),27006.210985217138,0.0,27006.210985217134,0.0,0.0,0.0,0.0,,35.738498789346245,slow_pop,Add radio capacity / new sites where many residents are below the broadband threshold · measure first: >30% of residents have no test,Low
Kavumu,36464.69633524395,0.0,36464.69633524396,0.0,0.0,0.0,0.0,,35.738498789346245,slow_pop,Add radio capacity / new sites where many residents are below the broadband threshold · measure first: >30% of residents have no test,Low
Bwira,20170.777223260204,0.0,20170.777223260204,0.0,0.0,0.0,0.0,,35.738498789346245,slow_pop,Add radio capacity / new sites where many residents are below the broadband threshold · measure first: >30% of residents have no test,Low
Remera (2),20751.869668239426,0.0,20266.211177672478,0.0,0.0,0.0,0.0,32.709,35.738498789346245,slow_pop,Add radio capacity / new sites where many residents are below the broadband threshold · measure first: >30% of residents have no test,Low
Muganza (3),29957.063269208273,0.0,29957.063269208273,0.0,0.0,0.0,0.0,,35.738498789346245,slow_pop,Add radio capacity / new sites where many residents are below the broadband threshold · measure first: >30% of residents have no test,Low
Rurembo,26496.90167416802,0.0,26496.90167416802,0.0,0.0,0.0,0.0,,35.738498789346245,slow_pop,Add radio capacity / new sites where many residents are below the broadband threshold · measure first: >30% of residents have no test,Low
Gatare,20513.57280555321,0.0,20513.572805553213,0.0,0.0,0.0,0.0,,35.738498789346245,slow_pop,Add radio capacity / new sites where many residents are below the broadband threshold · measure first: >30% of residents have no test,Low
Mukura (1),28392.42026436652,0.0,28392.420264366516,0.0,0.0,0.0,0.0,,35.738498789346245,slow_pop,Add radio capacity / new sites where many residents are below the broadband threshold · measure first: >30% of residents have no test,Low
Katabagemu,48921.61527425647,0.0,48921.615274256474,0.0,0.0,0.0,0.0,,35.738498789346245,slow_pop,Add radio capacity / new sites where many residents are below the broadband threshold · measure first: >30% of residents have no test,Low
Rubona,33737.99991865204,0.0,33737.99991865204,0.0,0.0,0.0,0.0,,35.738498789346245,slow_pop,Add radio capacity / new sites where many residents are below the broadband threshold · measure first: >30% of residents have no test,Low
Rukomo (2),47907.591891778284,0.0,47907.591891778284,0.0,0.0,0.0,0.0,,35.738498789346245,slow_pop,Add radio capacity / new sites where many residents are below the broadband threshold · measure first: >30% of residents have no test,Low
Mukama,27147.89563282879,0.0,27147.895632828786,0.0,0.0,0.0,0.0,,35.738498789346245,slow_pop,Add radio capacity / new sites where many residents are below the broadband threshold · measure first: >30% of residents have no test,Low
Kivu,22336.30979193418,0.0,22336.309791934185,0.0,0.0,0.0,0.0,,35.738498789346245,slow_pop,Add radio capacity / new sites where many residents are below the broadband threshold · measure first: >30% of residents have no test,Low
Cyahinda,26240.298752675728,0.0,26240.298752675728,0.0,0.0,0.0,0.0,,35.738498789346245,slow_pop,Add radio capacity / new sites where many residents are below the broadband threshold · measure first: >30% of residents have no test,Low
Busanze,30993.509707814366,0.0,30993.509707814366,0.0,0.0,0.0,0.0,,35.738498789346245,slow_pop,Add radio capacity / new sites where many residents are below the broadband threshold · measure first: >30% of residents have no test,Low
Remera (3),33002.77839865908,0.0,33002.77839865908,0.0,0.0,0.0,0.0,,35.738498789346245,slow_pop,Add radio capacity / new sites where many residents are below the broadband threshold · measure first: >30% of residents have no test,Low
Kageyo (3),27673.16813321932,0.0,27673.16813321932,0.0,0.0,0.0,0.0,,35.738498789346245,slow_pop,Add radio capacity / new sites where many residents are below the broadband threshold · measure first: >30% of residents have no test,Low
Rwaniro,24673.72650535951,0.0,24673.726505359515,0.0,0.0,0.0,0.0,,35.738498789346245,slow_pop,Add radio capacity / new sites where many residents are below the broadband threshold · measure first: >30% of residents have no test,Low
Simbi,26021.847088193073,0.0,26021.847088193073,0.0,0.0,0.0,0.0,,35.738498789346245,slow_pop,Add radio capacity / new sites where many residents are below the broadband threshold · measure first: >30% of residents have no test,Low
Mata,16618.055164731086,0.0,16618.055164731086,0.0,0.0,0.0,0.0,,35.738498789346245,slow_pop,Add radio capacity / new sites where many residents are below the broadband threshold · measure first: >30% of residents have no test,Low
Gishamvu,14251.107645047356,0.0,14251.107645047357,0.0,0.0,0.0,0.0,,35.738498789346245,slow_pop,Add radio capacity / new sites where many residents are below the broadband threshold · measure first: >30% of residents have no test,Low
Ruramba,19723.8272550583,0.0,19723.8272550583,0.0,0.0,0.0,0.0,,35.738498789346245,slow_pop,Add radio capacity / new sites where many residents are below the broadband threshold · measure first: >30% of residents have no test,Low
Nyagisozi (2),21200.748187416546,0.0,21200.748187416542,0.0,0.0,0.0,0.0,,35.738498789346245,slow_pop,Add radio capacity / new sites where many residents are below the broadband threshold · measure first: >30% of residents have no test,Low
Ndego,27951.67706277949,0.0,27951.677062779494,0.0,0.0,0.0,0.0,,35.738498789346245,slow_pop,Add radio capacity / new sites where many residents are below the broadband threshold · measure first: >30% of residents have no test,Low
Nyabimata,19659.05112436537,0.0,19372.2636712472,0.0,0.0,0.0,0.0,14.26,35.738498789346245,slow_pop,Add radio capacity / new sites where many residents are below the broadband threshold · measure first: >30% of residents have no test,Low
Muganza (2),22805.608775301986,0.0,22805.60877530199,0.0,0.0,0.0,0.0,,35.738498789346245,slow_pop,Add radio capacity / new sites where many residents are below the broadband threshold · measure first: >30% of residents have no test,Low
Ngera,26895.444102815487,0.0,26895.444102815487,0.0,0.0,0.0,0.0,,35.738498789346245,slow_pop,Add radio capacity / new sites where many residents are below the broadband threshold · measure first: >30% of residents have no test,Low
Ngoma (1),26153.177452635555,0.0,26153.177452635555,0.0,0.0,0.0,0.0,,35.738498789346245,slow_pop,Add radio capacity / new sites where many residents are below the broadband threshold · measure first: >30% of residents have no test,Low
Kibirizi (1),33393.839429386644,0.0,33393.839429386644,0.0,0.0,0.0,0.0,,35.738498789346245,slow_pop,Add radio capacity / new sites where many residents are below the broadband threshold · measure first: >30% of residents have no test,Low
Gishubi,36588.954949568026,0.0,36588.954949568026,0.0,0.0,0.0,0.0,,35.738498789346245,slow_pop,Add radio capacity / new sites where many residents are below the broadband threshold · measure first: >30% of residents have no test,Low
Rwabicuma,24284.648399457572,0.0,23971.023400568673,0.0,0.0,0.0,0.0,53.063,35.738498789346245,slow_pop,Add radio capacity / new sites where many residents are below the broadband threshold · measure first: >30% of residents have no test,Low
Ruramira,22437.527560192448,0.0,21254.772803842356,0.0,0.0,0.0,0.0,35.449280253826934,35.738498789346245,slow_pop,Add radio capacity / new sites where many residents are below the broadband threshold · measure first: >30% of residents have no test,Low
Nyanza,20458.679028842234,0.0,20458.679028842234,0.0,0.0,0.0,0.0,,35.738498789346245,slow_pop,Add radio capacity / new sites where many residents are below the broadband threshold · measure first: >30% of residents have no test,Low
Mukindo,35238.03759218464,0.0,34733.77138398325,0.0,0.0,0.0,0.0,11.954,35.738498789346245,slow_pop,Add radio capacity / new sites where many residents are below the broadband threshold · measure first: >30% of residents have no test,Low
Kigembe,23024.924913306986,0.0,23024.924913306975,0.0,0.0,0.0,0.0,,35.738498789346245,slow_pop,Add radio capacity / new sites where many residents are below the broadband threshold · measure first: >30% of residents have no test,Low
Mamba,45995.64744957185,0.0,45737.84724363704,0.0,0.0,0.0,0.0,48.116,35.738498789346245,slow_pop,Add radio capacity / new sites where many residents are below the broadband threshold · measure first: >30% of residents have no test,Low
Save,30757.07166414796,0.0,30757.071664147952,0.0,0.0,0.0,0.0,,35.738498789346245,slow_pop,Add radio capacity / new sites where many residents are below the broadband threshold · measure first: >30% of residents have no test,Low
Kigarama (1),55859.70381103736,0.0,25709.896069527284,0.0,0.0,0.0,0.0,27.103894717877967,35.738498789346245,slow_pop,Add radio capacity / new sites where many residents are below the broadband threshold · measure first: >30% of residents have no test,Low
Mushikiri,35321.47488745546,0.0,35321.47488745546,0.0,0.0,0.0,0.0,,35.738498789346245,slow_pop,Add radio capacity / new sites where many residents are below the broadband threshold · measure first: >30% of residents have no test,Low
Nyarubuye,24613.680741268457,0.0,24218.521517644214,0.0,0.0,0.0,0.0,43.18,35.738498789346245,slow_pop,Add radio capacity / new sites where many residents are below the broadband threshold · measure first: >30% of residents have no test,Low
Karembo,18492.314988385348,0.0,17360.97377776268,0.0,0.0,0.0,0.0,48.56886722096779,35.738498789346245,slow_pop,Add radio capacity / new sites where many residents are below the broadband threshold · measure first: >30% of residents have no test,Low
Rwezamenyo,20213.62111598613,0.0,5868.314488212635,0.0,0.0,0.0,0.0,31.250672697998034,35.738498789346245,slow_pop,Add radio capacity / new sites where many residents are below the broadband threshold,Low
Nyakabanda,32247.348592988154,0.0,12029.560400217182,0.0,0.0,0.0,0.0,41.36966591559238,35.738498789346245,slow_pop,Add radio capacity / new sites where many residents are below the broadband threshold · measure first: >30% of residents have no test,Low
Shyara,15760.08401540971,0.0,15502.156928310815,0.0,0.0,0.0,0.0,28.185,35.738498789346245,slow_pop,Add radio capacity / new sites where many residents are below the broadband threshold · measure first: >30% of residents have no test,Low
