segment_id,road_name,direction,normal_kph,current_kph,vehicles,ratio %,vs free-flow %,level,confidence,baseline_source
S97717,NR9,Southwest,49.7277365300827,1.0133433867677226,1,2.0377830512247472,2.0266867735354452,Severe,low,model
S158682,NR9,Southwest,49.72773653008271,1.022498203155808,1,2.056192930754549,2.044996406311616,Severe,low,model
S76856,NR9,Southwest,49.72773653008271,1.0325751030506425,1,2.0764570742647575,2.0651502061012845,Severe,low,model
S86684,NR9,Southwest,49.727736530082716,1.03631340596797,1,2.083974615134662,2.07262681193594,Severe,low,model
S157394,NR9,Southbound,49.72773653008271,1.0734999085014214,3,2.158754818554851,2.146999817002843,Severe,ok,model
S157906,NR9,Southbound,49.7277365300827,1.0867208031403164,2,2.185341378815637,2.1734416062806328,Severe,ok,model
S128856,NR9,Westbound,49.727736530082716,1.0871154438292836,2,2.1861349815743876,2.174230887658567,Severe,ok,model
S86215,NR9,Southbound,49.72773653008271,1.0981315515635297,3,2.2082878252446037,2.1962631031270594,Severe,ok,model
S95866,NR9,Southwest,49.727736530082716,1.0992521991483324,2,2.2105413916906143,2.1985043982966648,Severe,ok,model
S235826,NR9,Westbound,49.7277365300827,1.1019915710834323,2,2.2160501321365884,2.2039831421668645,Severe,ok,model
S48099,NR9,Westbound,49.72773653008271,1.1071783255147642,2,2.22648043681815,2.2143566510295285,Severe,ok,model
S150363,NR9,Southbound,49.72773653008271,1.1196865019897304,2,2.251633756369301,2.239373003979461,Severe,ok,model
S56958,NR9,Southwest,49.72773653008271,1.121987838712207,2,2.256261629832,2.243975677424414,Severe,ok,model
S135606,NR9,Westbound,49.72773653008271,1.1264686570787061,2,2.2652723322672266,2.2529373141574123,Severe,ok,model
S136525,NR9,Westbound,49.7277365300827,1.1279899561968594,3,2.268331588980496,2.2559799123937188,Severe,ok,model
S109298,NR9,Southwest,49.7277365300827,1.1433308973757976,2,2.299181457181631,2.2866617947515953,Severe,ok,model
S125089,NR9,Southwest,49.7277365300827,1.15040613988823,1,2.3134094172822324,2.30081227977646,Severe,low,model
S68822,NR9,Southbound,49.7277365300827,1.1577905070296597,3,2.3282590116066446,2.31558101405932,Severe,ok,model
S162051,NR9,Westbound,49.7277365300827,1.1614775298429738,3,2.3356734307429017,2.3229550596859476,Severe,ok,model
S62348,NR9,Westbound,49.72773653008271,1.1773951472374107,2,2.367682966074974,2.3547902944748214,Severe,ok,model
S156570,NR9,Southbound,49.72773653008271,1.185711212073533,2,2.384406158032628,2.371422424147066,Severe,ok,model
S98429,NR9,Westbound,49.72773653008271,1.2173724903695784,1,2.4480754108587486,2.4347449807391564,Severe,low,model
S110408,NR17,Northbound,32.54622228475547,1.0001309552735387,1,3.0729555845932883,2.0002619105470774,Severe,low,model
S53356,NR22,Northeast,49.99999997368999,1.7396451520822531,1,3.4792903059953098,3.4792903041645062,Severe,low,model
S159255,NR22,Northeast,49.99999997368999,1.853164642423474,2,3.706329286797219,3.706329284846948,Severe,ok,model
S211433,NR22,Northeast,49.999999973689995,1.8625127174231404,1,3.7250254368063893,3.725025434846281,Severe,low,model
S207067,NR22,Northeast,49.99999997368999,1.8626075547161696,2,3.7252151113925485,3.725215109432339,Severe,ok,model
S109430,NR22,Northeast,49.999999973689995,1.8640923300586858,1,3.728184662079143,3.7281846601173716,Severe,low,model
S222262,NR22,Northeast,49.99999997368998,1.865746496989476,2,3.7314929959424648,3.731492993978952,Severe,ok,model
S36749,Sonatubes,Eastbound,51.282367889429636,1.941484205694977,1,3.7858708277297732,3.2358070094916287,Severe,low,model
S60630,NR22,Northeast,49.99999997368999,1.9182622348760219,1,3.836524471770824,3.8365244697520438,Severe,low,model
S27421,NR22,Northeast,49.99999997368998,1.921277589899122,2,3.842555181820198,3.842555179798244,Severe,ok,model
S29417,NR22,Northeast,49.99999997368999,1.928975705097586,1,3.8579514122252268,3.857951410195172,Severe,low,model
S22762,NR22,Northeast,49.99999997368999,1.9335929624877173,2,3.8671859270103486,3.8671859249754346,Severe,ok,model
S178232,NR22,Northeast,49.999999973689995,1.9480400500471506,1,3.896080102144419,3.8960801000943017,Severe,low,model
S49751,NR22,Northeast,49.99999997368999,1.9486428428168203,2,3.8972856876843935,3.897285685633641,Severe,ok,model
S99182,NR22,Northeast,49.999999973689995,1.962309687426017,1,3.9246193769171693,3.924619374852034,Severe,low,model
S75738,NR22,Northeast,49.999999973689995,1.9860125866589156,2,3.9720251754079112,3.972025173317831,Severe,ok,model
S91535,NR22,Northeast,49.999999973689995,1.991305450826081,2,3.9826109037478123,3.982610901652162,Severe,ok,model
S38451,NR22,Northeast,49.999999973689995,1.9927150158290032,1,3.98543003375514,3.9854300316580065,Severe,low,model
S83295,NR8,Westbound,44.3766955895761,1.7908633541728922,2,4.035594201821459,3.581726708345785,Severe,ok,model
S124374,NR22,Northeast,49.99999997368999,2.0192906428096817,1,4.038581287744465,4.0385812856193635,Severe,low,model
S23195,NR22,Northeast,49.99999997368999,2.0229806789479055,1,4.045961360024797,4.045961357895811,Severe,low,model
S90083,NR8,Westbound,44.3766955895761,1.8032801635296234,3,4.063574674886803,3.6065603270592472,Severe,ok,model
S97209,NR8,Westbound,44.376695589576094,1.8124432283636942,2,4.084223046092305,3.624886456727388,Severe,ok,model
S98800,NR22,Eastbound,49.999999973689995,2.0470215884516128,1,4.094043179057511,4.094043176903225,Severe,low,model
S139849,NR22,Northeast,49.99999997368999,2.0766570814126535,1,4.153314165010782,4.153314162825307,Severe,low,model
S61662,NR8,Westbound,44.376695589576094,1.8441102695648797,2,4.155582665776615,3.6882205391297593,Severe,ok,model
S95372,NR8,Westbound,44.376695589576094,1.8452094381180697,3,4.1580595706894,3.6904188762361394,Severe,ok,model
S113067,NR8,Westbound,44.3766955895761,1.8527077256212472,1,4.174956474353715,3.705415451242494,Severe,low,model
S24787,NR22,Northeast,49.99999997368999,2.096536719635851,1,4.193073441478098,4.193073439271702,Severe,low,model
S82767,NR8,Westbound,44.3766955895761,1.8762100312465602,2,4.227917392946387,3.75242006249312,Severe,ok,model
S170521,NR8,Northbound,44.376695589576094,1.880348494969874,3,4.237243152037577,3.760696989939748,Severe,ok,model
S46947,NR8,Northbound,44.376695589576094,1.8844656092180478,4,4.246520801473783,3.7689312184360957,Severe,ok,model
S73313,NR8,Westbound,44.37669558957609,1.8854477357271222,3,4.248733959745318,3.770895471454245,Severe,ok,model
S33591,NR22,Northbound,49.99999997368999,2.1330766020771037,2,4.266153206399058,4.266153204154207,Severe,ok,model
S73109,NR8,Westbound,44.376695589576094,1.9025745362855109,1,4.287328091937557,3.8051490725710213,Severe,low,model
S177810,NR22,Northeast,49.99999997368999,2.14837550673427,1,4.296751015729491,4.29675101346854,Severe,low,model
S29594,NR8,Northwest,44.3766955895761,1.9069842822425884,4,4.297265167915141,3.813968564485177,Severe,ok,model
S98424,NR8,Westbound,44.376695589576094,1.909744445252185,3,4.30348501590726,3.81948889050437,Severe,ok,model
S153171,NR8,Northbound,44.376695589576094,1.9129942300751162,3,4.310808194841057,3.8259884601502323,Severe,ok,model
S93896,NR8,Northbound,44.376695589576094,1.9164730965879937,3,4.318647594477867,3.8329461931759874,Severe,ok,model
S21161,NR8,Northwest,44.3766955895761,1.9187721022397302,3,4.323828254329152,3.837544204479459,Severe,ok,model
S189747,NR8,Northbound,44.3766955895761,1.9191921246480517,1,4.324774747534067,3.8383842492961033,Severe,low,model
S165630,NR8,Westbound,44.376695589576094,1.9243966854463637,3,4.336502887110857,3.8487933708927273,Severe,ok,model
S87537,NR8,Southwest,44.376695589576094,1.9295795437310272,1,4.348182121483326,3.8591590874620545,Severe,low,model
S85125,NR8,Westbound,44.3766955895761,1.959647105611611,2,4.415937418449705,3.9192942112232214,Severe,ok,model
S157316,NR8,Northbound,44.3766955895761,1.9677996794444477,3,4.4343087138436585,3.935599358888895,Severe,ok,model
S202585,NR8,Northbound,44.37669558957609,1.9809147244757885,3,4.463862615631745,3.9618294489515775,Severe,ok,model
S174074,NR8,Northbound,44.37669558957609,1.9811417587781015,1,4.464374222679761,3.962283517556203,Severe,low,model
S225042,NR8,Northbound,44.3766955895761,1.991186453777203,1,4.48700929017555,3.982372907554406,Severe,low,model
S98620,NR8,Northbound,44.37669558957609,1.9957601143186723,4,4.497315737018212,3.991520228637344,Severe,ok,model
S100219,NR8,Westbound,44.3766955895761,1.9958814811486445,3,4.497589229283373,3.991762962297289,Severe,ok,model
S62710,NR8,Southwest,44.376695589576094,2.0096755344877297,2,4.528673232172326,4.0193510689754595,Severe,ok,model
S134528,NR8,Northbound,44.376695589576094,2.024494501023585,3,4.562066810353339,4.04898900204717,Severe,ok,model
S11027,NR4,Southwest,59.99886686684079,2.7550015838769917,1,4.591756024311822,4.591669306461653,Severe,low,model
S16848,NR8,Northwest,44.376695589576094,2.0495521378057013,2,4.618532566645483,4.099104275611403,Severe,ok,model
S131112,NR8,Westbound,44.376695589576094,2.0520851833863234,1,4.624240620269053,4.104170366772647,Severe,low,model
S145744,NR8,Westbound,44.376695589576094,2.0593166425818166,2,4.640536243679986,4.118633285163633,Severe,ok,model
S204412,NR21,Northbound,35.27179966430417,1.6992794472983561,2,4.817671520793038,3.3985588945967122,Severe,ok,model
S115387,NR18,Southeast,22.780881190891517,1.1040715669720587,3,4.846483144003664,2.2081431339441173,Severe,ok,model
S28036,Sonatubes,Southeast,46.14542085982007,2.2886272709688327,1,4.9595977852736315,3.8143787849480546,Severe,low,model
S206435,NR21,Northbound,35.27179966430417,1.8020712496589695,2,5.109099243049696,3.6041424993179394,Severe,ok,model
S233318,NR21,Northbound,35.27179966430417,1.8216482546842734,2,5.164602521055429,3.643296509368547,Severe,ok,model
S159940,trunk_link (OSM way 1254196902),Southbound,42.0,2.196469673172003,1,5.2296896980285785,5.2296896980285785,Severe,low,model
S225676,NR21,Northbound,35.27179966430417,1.8562385904975167,2,5.262670485101645,3.7124771809950334,Severe,ok,model
S23673,Sonatubes,Northwest,48.841525796644966,2.608781330749306,1,5.341318249579561,4.347968884582177,Severe,low,model
S110285,trunk_link (OSM way 1254196902),Southwest,42.0,2.4560426578525485,1,5.847720613934639,5.847720613934639,Severe,low,model
S09249,trunk_link (OSM way 1254196902),Southwest,42.0,2.585648937004282,1,6.156306992867338,6.156306992867338,Severe,low,model
S99609,trunk_link (OSM way 1254196902),Southbound,42.0,2.593570627874413,1,6.175168161605745,6.175168161605745,Severe,low,model
S53351,trunk_link (OSM way 1254196902),Southwest,42.0,2.652278285837867,1,6.314948299613969,6.314948299613969,Severe,low,model
S78188,trunk_link (OSM way 1254196902),Southbound,42.0,2.767792974312099,1,6.589983272171664,6.589983272171664,Severe,low,model
S28045,Sonatubes,Eastbound,46.14542085982007,3.6908405405973914,1,7.998281241836272,6.151400900995651,Severe,low,model
S46861,KK 15 Road,Southeast,11.454154956869823,2.1268664628851943,1,18.568514839320994,3.5447774381419905,Severe,low,model
S13184,NR4,Northwest,25.298189013047544,6.390458912332314,1,25.260539041100667,10.650764853887193,Severe,low,model
S80692,Avenue de l'Indépendance,Southeast,30.45542289966197,8.912286769211473,2,29.26338208657872,14.853811282019121,Severe,ok,history
S155222,NR17,Southwest,3.4181147595361847,1.0927936169828425,1,31.970653236087582,2.185587233965685,High,low,model
S135723,trunk_link (OSM way 1254196902),Southwest,42.0,13.62559139723167,1,32.44188427912302,32.44188427912302,High,low,model
S151582,NR17,Southwest,3.4181147595361847,1.1136608555026466,2,32.58114293546314,2.227321711005293,High,ok,model
S94055,NR17,Southbound,3.418114759536185,1.1344750164621047,3,33.190079803407336,2.2689500329242094,High,ok,model
S115388,NR18,Northwest,7.497430198693444,3.2039639160963187,3,42.73416132176414,6.407927832192637,High,ok,model
S12497,Sonatubes,Westbound,4.5851553078679625,2.3815236986690653,1,51.93986983565106,3.969206164448442,Moderate,low,history
S20053,Sonatubes,Southwest,4.999517859154346,2.610939939951261,2,52.223834647785296,4.351566566585435,Moderate,ok,history
S61963,Avenue de l'Indépendance,Southeast,9.989521995957638,5.3170473781121395,2,53.22624426137443,8.861745630186899,Moderate,ok,history
S27556,Sonatubes,Southbound,4.6243195167716244,2.485954893190311,1,53.75828560665355,4.143258155317185,Moderate,low,history
S210928,primary (OSM way 195187437),Northbound,50.0,27.89742552410225,1,55.7948510482045,55.7948510482045,Moderate,low,model
S222588,Avenue de l'Indépendance,Eastbound,10.21832286627181,5.71352664990677,3,55.91452457198947,9.522544416511284,Moderate,ok,history
S62711,NR8,Northeast,2.9419080755044607,1.6811323321874612,2,57.144284900852675,3.362264664374922,Moderate,ok,model
S39314,Sonatubes,Westbound,4.269719174664683,2.4737461517700647,1,57.93697549123561,4.122910252950108,Moderate,low,history
S95212,NR18,Northwest,7.4974301986934435,4.373094657443885,1,58.327914252619145,8.746189314887769,Moderate,low,model
S29593,NR8,Southeast,2.9419080755044607,1.7331944674473607,2,58.91395730133964,3.4663889348947214,Moderate,ok,model
S00972,KK 3 Rd,Westbound,16.717947994209347,9.971385324909521,1,59.644792102256474,12.464231656136901,Moderate,low,model
S170260,Ruhengeri-Gisenyi Road,Northbound,32.515418529461876,19.480968318099507,1,59.91301726732506,32.46828053016584,Moderate,low,history
S98799,NR22,Westbound,2.952801998422418,1.7698734819266104,1,59.93877960229619,3.5397469638532204,Moderate,low,model
S95371,NR8,Eastbound,2.94190807550446,1.7673629258818677,2,60.075395985267534,3.534725851763736,Moderate,ok,model
S208212,NR2,Eastbound,10.52542464148841,6.326915486597518,1,60.110786045234775,10.544859144329196,Moderate,low,model
S183131,NR2,Northwest,9.592190005298079,5.794344666550877,1,60.40690044036317,9.657241110918129,Moderate,low,model
S127645,NR1,Eastbound,26.589748566156633,16.074563147732277,1,60.45398702337465,26.7909385795538,Moderate,low,model
S118817,NR7,Southeast,10.835567514370442,6.551125717783165,1,60.45946102126053,13.102251435566332,Moderate,low,model
S81654,NR2,Southwest,9.592190005298079,5.808201676888738,1,60.55136182332377,9.680336128147898,Moderate,low,model
S78745,Ruhengeri-Gisenyi Road,Northeast,32.92942300804394,20.01751134966611,1,60.78913482564291,33.36251891611018,Moderate,low,history
S147641,Avenue de l'Indépendance,Southeast,9.11436970864089,5.542197436158928,2,60.80724848043679,9.236995726931548,Moderate,ok,history
S130852,Ruhengeri-Gisenyi Road,Northeast,32.15762644149889,19.55704737019782,1,60.81620297995555,32.5950789503297,Moderate,low,history
S226460,NR8,Northeast,5.377438247535005,3.270638594509072,1,60.821499828627864,6.541277189018144,Moderate,low,model
S19635,Sonatubes,Southwest,4.234067730965254,2.578840688132399,2,60.90693045064947,4.298067813553999,Moderate,ok,history
S164111,NR2,Eastbound,10.52542464148841,6.426852512866911,1,61.06026817705745,10.711420854778186,Moderate,low,model
S90084,NR8,Eastbound,2.9419080755044607,1.7998499239930885,3,61.179679235370436,3.599699847986177,Moderate,ok,model
S142684,NR23,Westbound,9.817932236345337,6.011314502079578,1,61.227907846278356,12.022629004159157,Moderate,low,model
S15773,NR4,Westbound,4.728053630755491,2.895034985030955,1,61.23100986416604,4.825058308384925,Moderate,low,model
S188360,NR2,Eastbound,10.52542464148841,6.451727074713489,1,61.296596521935136,10.752878457855815,Moderate,low,model
S194569,NR8,Northbound,5.377438247535004,3.3012184135821694,1,61.39016873128082,6.602436827164339,Moderate,low,model
S83504,Avenue de l'Indépendance,Northbound,33.97142871002468,20.855160471235855,1,61.390295501706916,34.75860078539309,Moderate,low,history
S194437,NR23,Westbound,9.817932236345339,6.031758769071169,1,61.4361417849473,12.063517538142339,Moderate,low,model
S241251,NR23,Westbound,9.817932236345339,6.032978410855319,1,61.44856437816539,12.065956821710637,Moderate,low,model
S111702,NR21,Westbound,5.923090977563693,3.64336502184506,2,61.5112115556878,7.286730043690118,Moderate,ok,model
S230355,primary (OSM way 195187437),Northbound,50.0,30.77119369470238,1,61.54238738940476,61.54238738940476,Moderate,low,model
S159256,NR22,Southwest,2.952801998422418,1.8234804283066257,2,61.754239846791265,3.6469608566132514,Moderate,ok,model
S102946,Avenue de l'Indépendance,Eastbound,9.226300629857807,5.701305191262106,1,61.794053976647554,9.502175318770178,Moderate,low,history
S23194,NR22,Southwest,2.952801998422418,1.826080198241146,1,61.842284014192586,3.6521603964822926,Moderate,low,model
S174610,NR8,Northeast,5.377438247535004,3.325939434480165,2,61.849886161031456,6.651878868960329,Moderate,ok,model
S151359,NR10,Eastbound,13.990533263671981,8.65322603258947,1,61.85058045684764,17.30645206517894,Moderate,low,model
S186433,NR2,Southbound,26.946580464785434,16.691987774788355,1,61.944734682019956,27.819979624647257,Moderate,low,model
S204413,NR21,Southbound,2.7307881533099847,1.694377636524339,2,62.047201811337374,3.3887552730486785,Moderate,ok,model
S28794,NR21,Westbound,5.923090977563693,3.6761668452860765,2,62.06500726075578,7.352333690572152,Moderate,ok,model
S57273,KN 3 Road,Northbound,5.4004598647807045,3.3528808084060486,1,62.08509816491708,5.588134680676747,Moderate,low,model
S11076,NR21,Westbound,5.923090977563692,3.6846478316102336,1,62.20819240439587,7.369295663220467,Moderate,low,model
S106283,NR11,Northwest,38.18672485949024,23.776245472354226,1,62.263117771529195,39.62707578725704,Moderate,low,history
S240099,NR8,Northeast,5.377438247535004,3.3493698718200235,1,62.2856036209316,6.698739743640046,Moderate,low,model
S61663,NR8,Eastbound,2.94190807550446,1.8339482527201334,1,62.3387341022088,3.667896505440267,Moderate,low,model
S16849,NR8,Southeast,2.9419080755044607,1.8350412079902048,3,62.375885340181576,3.6700824159804095,Moderate,ok,model
S69124,Avenue de l'Indépendance,Eastbound,9.202925915989598,5.740827263999333,1,62.38045721986036,9.568045439998889,Moderate,low,history
S161519,NR8,Eastbound,2.94190807550446,1.8370311891700102,3,62.44352787450734,3.67406237834002,Moderate,ok,model
S48185,NR10,Eastbound,13.990533263671981,8.739080811297047,1,62.46424383257119,17.478161622594094,Moderate,low,model
S42095,NR2,Eastbound,10.525424641488408,6.580154154255908,1,62.51675707523192,10.966923590426514,Moderate,low,model
S92507,NR21,Westbound,5.923090977563692,3.7045949918477254,2,62.544961843073246,7.409189983695451,Moderate,ok,model
S179847,NR17,Southeast,14.654948199967777,9.177065930907284,1,62.62093734952583,18.35413186181457,Moderate,low,model
S189322,KK 15 Road,Southbound,11.454154956869823,7.177926661049966,1,62.66657547482264,11.963211101749947,Moderate,low,model
S172912,NR10,Eastbound,13.990533263671981,8.770064001630027,2,62.68570208401206,17.540128003260055,Moderate,ok,model
S256562,NR18,Northbound,7.4974301986934435,4.702571044928436,1,62.72243849296443,9.405142089856872,Moderate,low,model
S22763,NR22,Southwest,2.952801998422418,1.8527925033929775,2,62.74692662707699,3.705585006785955,Moderate,ok,model
S230789,Avenue de l'Indépendance,Eastbound,9.536844725680528,5.993556614515175,1,62.84632692378755,9.989261024191956,Moderate,low,history
S177811,NR22,Southwest,2.9528019984224176,1.8565333385990803,1,62.873614268446154,3.7130666771981606,Moderate,low,model
S53357,NR22,Southwest,2.9528019984224176,1.856594683297091,1,62.87569177645527,3.7131893665941815,Moderate,low,model
S209583,NR22,Southwest,2.952801998422418,1.8579524843960697,2,62.92167525586581,3.7159049687921395,Moderate,ok,model
S174214,Avenue de l'Indépendance,Northeast,31.077889795969696,19.565268867622425,1,62.95558995823367,32.608781446037376,Moderate,low,history
S140785,NR21,Northbound,5.923090977563692,3.729947403953467,2,62.97298856428646,7.459894807906934,Moderate,ok,model
S134515,NR 19,Northbound,10.448462013253687,6.584753275536308,1,63.02126827071454,13.169506551072615,Moderate,low,model
S161681,NR10,Eastbound,13.990533263671981,8.817437922523412,1,63.02431620257748,17.634875845046825,Moderate,low,model
S107615,Avenue de l'Indépendance,Northeast,32.067535072108114,20.248747520161366,1,63.144072266949635,33.747912533602275,Moderate,low,history
S23104,NR8,Northeast,5.377438247535005,3.400568264444193,1,63.23769995876753,6.801136528888386,Moderate,low,model
S239916,NR8,Northeast,5.377438247535005,3.401874740342959,2,63.261995466007704,6.803749480685918,Moderate,ok,model
S89518,NR2,Northwest,9.592190005298079,6.068835324159631,1,63.26850615769303,10.114725540266052,Moderate,low,model
S44664,Ruhengeri-Gisenyi Road,Northeast,32.55450958645772,20.60587476542811,2,63.296529504471174,34.343124609046846,Moderate,ok,history
S150942,NR 19,Northbound,10.448462013253687,6.615272451862324,1,63.31336079387539,13.230544903724647,Moderate,low,model
S172716,NR21,Southbound,2.7307881533099843,1.7317994338009208,1,63.417567990464924,3.463598867601842,Moderate,low,model
S82768,NR8,Eastbound,2.941908075504461,1.8678600889859915,3,63.49144980220709,3.7357201779719826,Moderate,ok,model
S21160,NR8,Southeast,2.9419080755044607,1.868147514115633,1,63.50121982636369,3.7362950282312646,Moderate,low,model
S216079,NR1,Southbound,19.013306691091916,12.07450408237241,1,63.50554524021609,20.124173470620686,Moderate,low,model
S136138,NR23,Southwest,9.817932236345337,6.236201085246113,2,63.51847756862803,12.472402170492225,Moderate,ok,model
S81720,NR2,Southwest,26.946580464785434,17.132291334990008,1,63.578721453651525,28.55381889165001,Moderate,low,model
S130281,Avenue de l'Indépendance,Eastbound,33.367053327250304,21.219772479232333,1,63.59498476271654,35.366287465387224,Moderate,low,history
S226478,NR22,Southwest,2.952801998422418,1.8783969589310745,1,63.61405065204637,3.756793917862149,Moderate,low,model
S180294,NR7,Eastbound,10.835567514370444,6.895231565067864,1,63.635167755848585,13.790463130135729,Moderate,low,model
S123900,Avenue de l'Indépendance,Eastbound,31.229887208696304,19.883345705353694,1,63.66768337164202,33.13890950892282,Moderate,low,history
S207917,Ruhengeri-Gisenyi Road,Northbound,31.518611878264828,20.07840737573439,1,63.703336470793055,33.464012292890644,Moderate,low,history
S237527,NR8,Northeast,5.377438247535005,3.4264347318953985,2,63.718718359361205,6.852869463790796,Moderate,ok,model
S177871,KN 3 Road,Northwest,5.4004598647807045,3.4421476288152006,1,63.73804666641987,5.736912714692001,Moderate,low,model
S157853,Ruhengeri-Gisenyi Road,Northbound,33.14431339568868,21.128857580525153,2,63.74806238488422,35.21476263420859,Moderate,ok,history
S83027,NR18,Westbound,7.497430198693445,4.779531446522706,2,63.748928897739134,9.559062893045413,Moderate,ok,model
S05243,KK 15 Road,Southeast,11.454154956869823,7.311608713255052,1,63.83368079781208,12.186014522091755,Moderate,low,model
S73108,NR8,Eastbound,2.94190807550446,1.8789354069549733,2,63.86791696857439,3.7578708139099466,Moderate,ok,model
S178908,NR7,Southeast,10.835567514370442,6.923522471493015,1,63.89626073863541,13.84704494298603,Moderate,low,model
S86273,NR17,Southeast,14.65494819996778,9.366979733458002,1,63.91683959332314,18.733959466916005,Moderate,low,model
S209925,KK 3 Rd,Northwest,16.717947994209343,10.694028542675515,1,63.967351414058975,13.367535678344392,Moderate,low,model
S09971,NR21,Westbound,5.9230909775636915,3.790807031558663,1,64.00048633252484,7.5816140631173266,Moderate,low,model
S64787,NR21,Northwest,5.9230909775636915,3.7925695159477253,2,64.03024249186359,7.585139031895451,Moderate,ok,model
S57344,KN 3 Road,Northwest,5.4004598647807045,3.458091740529114,1,64.03328285209905,5.763486234215191,Moderate,low,model
S248644,NR2,Northwest,9.592190005298079,6.15321277926905,1,64.14815361111937,10.255354632115084,Moderate,low,model
S213645,NR2,Eastbound,10.525424641488412,6.751921777061883,1,64.14868764959479,11.253202961769807,Moderate,low,model
S29416,NR22,Southwest,2.952801998422418,1.895113703693751,1,64.18018223728669,3.790227407387502,Moderate,low,model
S12146,NR21,Northbound,5.923090977563692,3.8025222198288877,2,64.19827475607939,7.605044439657775,Moderate,ok,model
S113068,NR8,Eastbound,2.941908075504461,1.8902077363883123,3,64.25108085894868,3.7804154727766246,Moderate,ok,model
S122046,NR10,Southbound,13.990533263671981,8.99890938958858,1,64.3214180617066,17.99781877917716,Moderate,low,model
S100247,NR10,Eastbound,13.990533263671981,8.999368735193832,1,64.32470132186971,17.998737470387663,Moderate,low,model
S57625,KK 3 Rd,Westbound,16.717947994209343,10.753989705933922,1,64.3260148294445,13.442487132417407,Moderate,low,model
S196980,Avenue de l'Indépendance,Eastbound,8.68210573321122,5.586573650256436,3,64.3458375413052,9.310956083760725,Moderate,ok,history
S147737,NR7,Southeast,10.83556751437044,6.977048040141082,1,64.39024103617943,13.954096080282165,Moderate,low,model
S115727,NR 19,Northwest,10.448462013253687,6.730670381713517,1,64.4178097520552,13.461340763427033,Moderate,low,model
S140802,Avenue de l'Indépendance,Northeast,32.92948783052719,21.222423399733753,2,64.44808224456976,35.37070566622292,Moderate,ok,history
S222261,NR22,Southwest,2.9528019984224176,1.9032277260595694,2,64.45497283855808,3.8064554521191387,Moderate,ok,model
S197610,Avenue de l'Indépendance,Southeast,8.517648373057241,5.492475655405599,2,64.48347495512054,9.154126092342665,Moderate,ok,history
S116671,NR8,Eastbound,2.9419080755044607,1.897316644235918,3,64.49272361817687,3.7946332884718355,Moderate,ok,model
S137976,KN 3 Road,Northbound,5.4004598647807045,3.48291217733975,1,64.49288143133306,5.804853628899583,Moderate,low,model
S24788,NR22,Southwest,2.9528019984224176,1.904430835773387,2,64.49571751816953,3.808861671546774,Moderate,ok,model
S228740,Ruhengeri-Gisenyi Road,Northbound,31.564689223222494,20.360787655321424,2,64.50495207265264,33.93464609220237,Moderate,ok,history
S15340,NR8,Northeast,5.377438247535004,3.4689244055097097,1,64.50886548255298,6.937848811019418,Moderate,low,model
S72413,KN 3 Road,Southwest,19.358120064741552,12.48938500574654,1,64.51755110504985,20.815641676244237,Moderate,low,model
S248353,NR8,Northbound,5.377438247535005,3.4695284986632413,1,64.52009932896317,6.939056997326483,Moderate,low,model
S126297,NR10,Southeast,13.990533263671981,9.029272764312067,1,64.538446063079,18.058545528624133,Moderate,low,model
S14674,Avenue de l'Indépendance,Northbound,31.270488338972893,20.181584874067436,1,64.5387582544236,33.63597479011239,Moderate,low,history
S76855,NR9,Northeast,1.5987489511872273,1.0318804088798483,1,64.54299207599645,2.0637608177596967,Moderate,low,model
S211432,NR22,Southwest,2.952801998422418,1.9059165915043785,2,64.54603432680705,3.811833183008757,Moderate,ok,model
S25537,KN3 Road,Westbound,19.358120064741556,12.498504685963132,2,64.56466146590148,20.830841143271886,Moderate,ok,model
S99979,KN3 Road,Northwest,19.358120064741556,12.50133313314302,1,64.57927263253558,20.835555221905036,Moderate,low,model
S241656,NR6,Northwest,9.919754881311041,6.406279227485829,1,64.58102346415183,12.812558454971658,Moderate,low,model
S139351,NR21,Northbound,5.9230909775636915,3.826719771370257,3,64.6068038776652,7.6534395427405135,Moderate,ok,model
S56066,NR23,Westbound,9.817932236345339,6.34605647020105,1,64.6374034514963,12.6921129404021,Moderate,low,model
S159200,NR 19,Northbound,10.448462013253687,6.757219273329134,1,64.67190352759785,13.514438546658265,Moderate,low,model
S180854,NR7,Southeast,10.835567514370442,7.0090593241116395,1,64.68566888458793,14.018118648223279,Moderate,low,model
S101876,Avenue de l'Indépendance,Eastbound,8.426325327147149,5.4568687139281895,2,64.75976777620677,9.094781189880315,Moderate,ok,history
S125088,NR9,Northeast,1.598748951187227,1.0357902398352021,1,64.78754773011903,2.0715804796704043,Moderate,low,model
S154134,NR10,Eastbound,13.99053326367198,9.06413112895067,1,64.7876028606195,18.12826225790134,Moderate,low,model
S138694,NR21,Westbound,5.9230909775636915,3.8390599885256353,1,64.81514471190398,7.678119977051272,Moderate,low,model
S219194,NR25,Southwest,15.000528048249283,9.724623870846605,1,64.82854363237945,19.44924774169321,Moderate,low,model
S210555,KK 15 Road,Southbound,11.454154956869823,7.427888357069109,1,64.848855153772,12.379813928448515,Moderate,low,model
S191565,NR8,Northeast,5.377438247535004,3.48830921079719,1,64.86934949734136,6.97661842159438,Moderate,low,model
S101583,Avenue de l'Indépendance,Northbound,32.48633773056867,21.080784472984224,1,64.8912310394035,35.13464078830704,Moderate,low,history
S145745,NR8,Eastbound,2.94190807550446,1.9095719820119503,2,64.90930148062185,3.8191439640239007,Moderate,ok,model
S240019,NR18,Northwest,7.4974301986934435,4.86853215549591,1,64.93601175966047,9.73706431099182,Moderate,low,model
S228550,NR25,Southwest,15.000528048249281,9.743378670777142,2,64.95357123054276,19.486757341554284,Moderate,ok,model
S89105,NR25,Southwest,15.00052804824928,9.74387525205347,1,64.95688165584734,19.487750504106945,Moderate,low,model
S154610,NR18,Northwest,7.497430198693445,4.871618863839297,2,64.97718197747622,9.743237727678594,Moderate,ok,model
S83296,NR8,Eastbound,2.9419080755044607,1.9116582237546815,2,64.98021606018,3.8233164475093635,Moderate,ok,model
S197448,NR8,Northbound,5.377438247535005,3.4946744739243845,1,64.9877193015899,6.989348947848768,Moderate,low,model
S236840,Ruhengeri-Gisenyi Road,Northbound,34.40266057087162,22.37390503688833,3,65.03539164012241,37.289841728147216,Moderate,ok,history
S115012,NR21,Northbound,5.923090977563693,3.852228443570706,2,65.03746875006162,7.704456887141413,Moderate,ok,model
S09898,NR21,Northbound,5.9230909775636915,3.8530935268786237,2,65.05207401800695,7.706187053757247,Moderate,ok,model
S225043,NR8,Southbound,2.9419080755044607,1.9143017631132313,1,65.0700740465855,3.8286035262264626,Moderate,low,model
S53102,NR2,Southeast,10.525424641488412,6.850512476271165,1,65.0853785914563,11.417520793785275,Moderate,low,model
S37217,NR7,Eastbound,10.835567514370442,7.054125738253515,1,65.10158077920819,14.10825147650703,Moderate,low,model
S242860,NR18,Northwest,7.4974301986934435,4.881165223143451,3,65.1045103960298,9.762330446286901,Moderate,ok,model
S223761,NR23,Westbound,9.817932236345339,6.395683328978965,1,65.14287504758452,12.79136665795793,Moderate,low,model
S145441,NR21,Northbound,5.9230909775636915,3.859819981595391,3,65.16563726973222,7.719639963190782,Moderate,ok,model
S114352,Ruhengeri-Gisenyi Road,Northbound,30.458129580207626,19.853417263660745,1,65.18265414617561,33.08902877276791,Moderate,low,history
S206434,NR21,Southbound,2.7307881533099847,1.781156239623266,2,65.22498779205296,3.5623124792465326,Moderate,ok,model
S87032,NR7,Eastbound,10.835567514370444,7.071276522641172,1,65.25986306912897,14.142553045282341,Moderate,low,model
S201086,NR23,Southwest,9.817932236345337,6.407950157570526,2,65.26781814452454,12.815900315141052,Moderate,ok,model
S193542,NR2,Northeast,32.590939066405895,21.280120952932148,1,65.29459279946703,35.46686825488691,Moderate,low,model
S159462,Ruhengeri-Gisenyi Road,Northbound,33.19391101797345,21.675498737857055,1,65.29962295229527,36.12583122976176,Moderate,low,history
S100218,NR8,Eastbound,2.94190807550446,1.922796986033354,3,65.35883979663927,3.8455939720667076,Moderate,ok,model
S250218,NR18,Northwest,7.497430198693444,4.900374033516489,3,65.3607156538845,9.800748067032977,Moderate,ok,model
S90697,NR21,Northbound,5.9230909775636915,3.87290245571261,2,65.38650968527969,7.745804911425221,Moderate,ok,model
S225677,NR21,Southbound,2.7307881533099847,1.7857654060517252,2,65.39377299872936,3.5715308121034504,Moderate,ok,model
S194878,NR 19,Northbound,10.448462013253685,6.83639265351977,1,65.42965505208258,13.67278530703954,Moderate,low,model
S200109,NR6,Northwest,9.919754881311043,6.491762737802217,1,65.44277369224908,12.98352547560443,Moderate,low,model
S208779,Avenue de l'Indépendance,Eastbound,8.604161152351772,5.631889176589373,1,65.45541252502007,9.386481960982287,Moderate,low,history
S245185,NR18,Northbound,7.4974301986934435,4.908578404903197,1,65.47014476718438,9.817156809806393,Moderate,low,model
S118737,NR23,Southwest,9.817932236345337,6.427923861942232,2,65.47125919393172,12.855847723884464,Moderate,ok,model
S210562,KK 15 Road,Southbound,11.454154956869823,7.502842534922358,1,65.50323933257427,12.504737558203932,Moderate,low,model
S189297,NR 19,Northbound,10.448462013253687,6.854997519029412,1,65.60771824919276,13.709995038058828,Moderate,low,model
S247994,NR23,Westbound,9.817932236345337,6.443024526791978,1,65.62506617167642,12.886049053583957,Moderate,low,model
S65500,NR21,Northbound,5.923090977563693,3.8884090995755365,4,65.64830954487434,7.776818199151073,Moderate,ok,model
S163772,NR21,Northbound,5.9230909775636915,3.8891297648086702,3,65.66047659136855,7.7782595296173405,Moderate,ok,model
S175335,NR10,Eastbound,13.990533263671983,9.1896893314747,1,65.68505401675273,18.3793786629494,Moderate,low,model
S167314,NR10,Eastbound,13.99053326367198,9.190322043633707,1,65.68957644736409,18.380644087267413,Moderate,low,model
S170520,NR8,Southbound,2.9419080755044607,1.9343642537137657,3,65.75202909363756,3.8687285074275315,Moderate,ok,model
S158681,NR9,Northeast,1.5987489511872268,1.0513433535514993,1,65.76037799873298,2.1026867071029987,Moderate,low,model
S161263,NR17,Northeast,1.662175985960412,1.0931255570187055,2,65.76473046487271,2.186251114037411,Moderate,ok,model
S176969,KN3 Road,Northwest,19.358120064741556,12.73288693785161,1,65.7754311641191,21.221478229752687,Moderate,low,model
S209065,KK 15 Road,Southbound,11.454154956869823,7.541476032356859,1,65.84052739598857,12.569126720594767,Moderate,low,model
S201996,KK 3 Rd,Westbound,16.717947994209343,11.007604098563943,1,65.84303350134051,13.759505123204928,Moderate,low,model
S223511,NR 19,Northwest,10.448462013253687,6.879812982679064,1,65.84522175562437,13.759625965358127,Moderate,low,model
S181043,NR23,Westbound,9.817932236345337,6.465374215601925,1,65.85270767776882,12.93074843120385,Moderate,low,model
S73314,NR8,Eastbound,2.9419080755044607,1.9375933192410042,2,65.86179001900858,3.875186638482009,Moderate,ok,model
S107450,NR10,Eastbound,13.990533263671981,9.215275302361038,1,65.86793461468372,18.430550604722075,Moderate,low,model
S165629,NR8,Eastbound,2.94190807550446,1.9378692508835946,3,65.87116936178575,3.8757385017671893,Moderate,ok,model
S186728,NR21,Southbound,2.7307881533099843,1.7992557278457542,2,65.88778135956387,3.5985114556915083,Moderate,ok,model
S167030,Ruhengeri-Gisenyi Road,Northbound,32.36183731385189,21.32422444788935,1,65.89312047113563,35.54037407981559,Moderate,low,history
S204914,NR8,Northeast,5.377438247535004,3.5435267167476674,1,65.89618613234667,7.087053433495336,Moderate,low,model
S122624,NR10,Eastbound,13.99053326367198,9.230368275389724,2,65.97581451278509,18.460736550779448,Moderate,ok,model
S244047,NR23,Westbound,9.817932236345337,6.479033250077457,1,65.99183100991982,12.958066500154914,Moderate,low,model
S250373,NR6,Northwest,9.91975488131104,6.546520554866109,1,65.99478145573785,13.093041109732217,Moderate,low,model
S117512,Avenue de l'Indépendance,Eastbound,32.082396165609424,21.176681405902794,1,66.00716884296517,35.29446900983799,Moderate,low,history
S50513,NR10,Eastbound,13.99053326367198,9.240567502231782,1,66.04871542835306,18.481135004463564,Moderate,low,model
S138107,NR18,Westbound,7.497430198693443,4.952257410120879,1,66.05273112090988,9.904514820241758,Moderate,low,model
S06874,NR21,Northbound,5.923090977563692,3.9123788647142965,1,66.05299293112581,7.824757729428593,Moderate,low,model
S118071,NR21,Northeast,5.9230909775636915,3.913580003874516,4,66.07327185584214,7.827160007749032,Moderate,ok,model
S178859,NR23,Westbound,9.817932236345337,6.488480685480992,1,66.0880573351389,12.97696137096198,Moderate,low,model
S247018,NR18,Northwest,7.497430198693444,4.957849496389095,2,66.12731782755489,9.91569899277819,Moderate,ok,model
S96074,NR21,Northbound,5.923090977563692,3.9168185701990765,2,66.12794881989397,7.833637140398152,Moderate,ok,model
S94586,Ruhengeri-Gisenyi Road,Northeast,31.671630727419476,20.952503089893003,2,66.15542871858989,34.920838483155,Moderate,ok,history
S239425,Kigali-Gatuna Road,Southbound,16.056228679354412,10.623392973763465,2,66.16368753780488,17.705654956272447,Moderate,ok,model
S227035,Avenue de l'Indépendance,Northeast,32.439382301841164,21.4641042206325,3,66.16680928420224,35.7735070343875,Moderate,ok,history
S49752,NR22,Southwest,2.952801998422418,1.954208678384842,1,66.18150080597715,3.908417356769684,Moderate,low,model
S147167,NR21,Northwest,5.923090977563692,3.920574651099839,2,66.19136302229253,7.841149302199678,Moderate,ok,model
S212547,Ruhengeri-Gisenyi Road,Northbound,30.320671875860718,20.070669450158615,1,66.19467250703482,33.45111575026436,Moderate,low,history
S163445,NR2,Southbound,26.94658046478544,17.83800758240702,1,66.19766691999467,29.730012637345034,Moderate,low,model
S209480,KK 15 Road,Southbound,11.454154956869823,7.584466067035939,1,66.21585001770059,12.640776778393233,Moderate,low,model
S111746,NR23,Southbound,25.889102106704733,17.15068238704002,1,66.24672542273436,34.30136477408006,Moderate,low,model
S106241,NR23,Westbound,9.817932236345337,6.504454567662564,1,66.25075841920666,13.008909135325128,Moderate,low,model
S243451,NR17,Southeast,14.654948199967777,9.71124523584326,1,66.26598131452019,19.42249047168652,Moderate,low,model
S113907,NR11,Northwest,40.55204347716219,26.878510344669518,2,66.28151885812306,44.79751724111586,Moderate,ok,history
S150940,NR 19,Northbound,10.448462013253687,6.9259341255749725,1,66.28663737102694,13.851868251149945,Moderate,low,model
S140209,NR1,Northeast,26.589748566156633,17.62656371059577,1,66.29082507771743,29.377606184326286,Moderate,low,model
S237579,Kigali-Gatuna Road,Southbound,16.056228679354412,10.645831931085093,2,66.30343989042599,17.743053218475154,Moderate,ok,model
S91536,NR22,Southwest,2.9528019984224176,1.958454030995796,2,66.32527450340835,3.916908061991592,Moderate,ok,model
S98621,NR8,Southbound,2.9419080755044598,1.9512617613441996,4,66.32640148042728,3.902523522688399,Moderate,ok,model
S48098,NR9,Eastbound,1.5987489511872273,1.0606287495168194,2,66.34116937053807,2.121257499033639,Moderate,ok,model
S131111,NR8,Eastbound,2.94190807550446,1.9519983972360586,2,66.35144087231012,3.9039967944721172,Moderate,ok,model
S136231,NR17,Northeast,1.662175985960412,1.1032579398752913,2,66.37431590842196,2.2065158797505826,Moderate,ok,model
S159021,NR10,Eastbound,13.990533263671978,9.291631722779046,1,66.41370666624861,18.583263445558092,Moderate,low,model
S97210,NR8,Eastbound,2.9419080755044607,1.9543176524853814,2,66.43027594090502,3.9086353049707627,Moderate,ok,model
S112822,Avenue de l'Indépendance,Eastbound,32.37688534283275,21.514583176068832,1,66.45044125849338,35.85763862678139,Moderate,low,history
S205423,KN 3 Road,Southwest,19.358120064741556,12.86964832602463,1,66.48191189528325,21.449413876707716,Moderate,low,model
S22231,NR11,Northwest,39.39182092506427,26.19391970783933,1,66.49583363426756,43.65653284639889,Moderate,low,history
S208668,NR23,Westbound,9.817932236345337,6.529061841595972,1,66.50139443238176,13.058123683191944,Moderate,low,model
S64648,KN 3 Road,Northwest,5.4004598647807045,3.591673489354519,1,66.506808295674,5.986122482257531,Moderate,low,model
S198911,Kigali-Gatuna Road,Southbound,23.728434041905995,15.784394740102371,1,66.5210131955024,26.307324566837284,Moderate,low,model
S237704,NR23,Westbound,9.817932236345339,6.5313174597251935,1,66.52436890475457,13.062634919450382,Moderate,low,model
S189907,NR2,Southbound,26.946580464785438,17.93346631334475,1,66.55191866285489,29.889110522241246,Moderate,low,model
S98423,NR8,Eastbound,2.9419080755044607,1.9585182689015108,3,66.57306138179304,3.9170365378030216,Moderate,ok,model
S125359,NR17,Southeast,14.654948199967778,9.762232180973555,1,66.61389755710648,19.52446436194711,Moderate,low,model
S33590,NR22,Southbound,2.9528019984224176,1.9682329079325929,1,66.65644729935,3.9364658158651853,Moderate,low,model
S85610,NR18,Westbound,7.497430198693444,4.997863674543491,2,66.6610230718047,9.995727349086982,Moderate,ok,model
S239595,Kigali-Gatuna Road,Southwest,23.728434041905995,15.818194024541702,1,66.66345531528005,26.3636567075695,Moderate,low,model
S252513,NR2,Northwest,9.592190005298079,6.3965011602619555,2,66.68447097825376,10.660835267103257,Moderate,ok,model
S158099,NR1,Southeast,27.541798780881383,18.36699117631436,1,66.68769648068204,30.611651960523936,Moderate,low,model
S98428,NR9,Eastbound,1.598748951187227,1.0663218829888854,2,66.69726864852905,2.132643765977771,Moderate,ok,model
S169423,NR10,Southeast,13.99053326367198,9.334189611976347,1,66.71789728139697,18.668379223952698,Moderate,low,model
S212930,NR2,Northeast,32.590939066405895,21.745862810565377,1,66.72364599945078,36.24310468427563,Moderate,low,model
S156441,NR21,Northbound,5.923090977563692,3.9526100287728316,3,66.73221876457879,7.905220057545663,Moderate,ok,model
S119536,NR1,Southeast,19.013306691091916,12.688214750557213,1,66.73334079495953,21.14702458426202,Moderate,low,model
S85126,NR8,Eastbound,2.9419080755044607,1.9639126554394049,2,66.75642491319668,3.927825310878809,Moderate,ok,model
S203271,KN3 Road,Northwest,19.358120064741556,12.925450431935158,1,66.77017390483739,21.542417386558597,Moderate,low,model
S147804,NR10,Eastbound,13.990533263671981,9.34174180186275,3,66.77187799638524,18.6834836037255,Moderate,ok,model
S235965,Kigali-Gatuna Road,Southwest,23.72843404190599,15.845283168268336,1,66.77761853262002,26.408805280447226,Moderate,low,model
S193083,NR1,Southbound,19.013306691091916,12.699855531126268,1,66.79456518248024,21.166425885210447,Moderate,low,model
S191775,NR10,Eastbound,13.990533263671981,9.34606889131256,1,66.80280669201292,18.692137782625117,Moderate,low,model
S155303,NR17,Southeast,14.654948199967777,9.795403011787691,1,66.84024315970785,19.590806023575382,Moderate,low,model
S199098,Kigali-Gatuna Road,Southbound,16.056228679354415,10.732063066904542,1,66.84049711314933,17.88677177817424,Moderate,low,model
S143086,NR21,Northbound,5.923090977563692,3.9596518605027446,3,66.851106550645,7.919303721005488,Moderate,ok,model
S209254,NR8,Northeast,5.377438247535004,3.595722124445357,1,66.86682317725585,7.191444248890714,Moderate,low,model
S86137,Avenue de l'Indépendance,Southeast,31.546481573858387,21.10117309783581,1,66.88914910663671,35.168621829726355,Moderate,low,history
S246691,Avenue de l'Indépendance,Northeast,33.204511186991944,22.225509330695164,1,66.93521011507055,37.04251555115861,Moderate,low,history
S157315,NR8,Southbound,2.9419080755044607,1.9703518462103686,3,66.9753029544441,3.940703692420737,Moderate,ok,model
S209168,Avenue de l'Indépendance,Eastbound,31.67258318343029,21.217425743512724,2,66.98988087151903,35.36237623918787,Moderate,ok,history
S116601,NR22,Southwest,2.9528019984224176,1.978088278367553,1,66.99021063465749,3.956176556735106,Moderate,low,model
S147202,NR11,Eastbound,40.32014195439688,27.01413502120982,1,66.99910692716188,45.023558368683034,Moderate,low,history
S226599,KN 3 Road,Southwest,19.358120064741556,12.970517444646456,1,67.0029806678938,21.617529074410758,Moderate,low,model
S148243,NR11,Northwest,39.98934441899161,26.79732916264978,2,67.01117398144513,44.662215271082964,Moderate,ok,history
S208436,NR2,Southwest,9.592190005298079,6.429050398029086,1,67.0238015977385,10.715083996715144,Moderate,low,model
S187684,KN3 Road,Northwest,19.358120064741556,12.975727127460576,3,67.02989279983997,21.62621187910096,Moderate,ok,model
S214419,Kigali-Gatuna Road,Southbound,16.056228679354415,10.767504316855396,2,67.0612292082049,17.945840528092322,Moderate,ok,model
S23964,NR2,Eastbound,10.52542464148841,7.059151283026179,1,67.06761506990314,11.765252138376967,Moderate,low,model
S150353,NR2,Northeast,32.590939066405895,21.863079938208422,1,67.08330770605029,36.4384665636807,Moderate,low,model
S222742,NR25,Southwest,15.000528048249281,10.065854758822377,3,67.10333613887124,20.131709517644758,Moderate,ok,model
S146002,NR8,Eastbound,2.9419080755044607,1.9751011181941052,2,67.13673804561098,3.9502022363882103,Moderate,ok,model
S45839,NR17,Southbound,14.654948199967778,9.840062261437827,1,67.14498152548545,19.680124522875655,Moderate,low,model
S104210,NR11,Northwest,39.32737605324415,26.426583769232,1,67.19640723920621,44.04430628205334,Moderate,low,history
S176972,NR7,Northwest,27.71127312873159,18.62443479592617,1,67.20887455948746,37.24886959185234,Moderate,low,model
S27420,NR22,Southwest,2.9528019984224176,1.9848092904401768,2,67.21782535708772,3.9696185808803532,Moderate,ok,model
S157166,NR23,Westbound,9.817932236345337,6.599996937761232,1,67.22389988931151,13.199993875522464,Moderate,low,model
S220359,NR10,Southbound,13.990533263671981,9.406959694531913,2,67.23803530032811,18.813919389063827,Moderate,ok,model
S165865,KN 3 Road,Northwest,5.4004598647807045,3.6312477510564394,1,67.23960258898975,6.052079585094066,Moderate,low,model
S97716,NR9,Northeast,1.5987489511872268,1.0750365315278965,2,67.24236039245419,2.150073063055793,Moderate,ok,model
S47822,NR22,Southwest,2.9528019984224176,1.9859409966455557,1,67.25615187562785,3.9718819932911114,Moderate,low,model
S95031,NR23,Southeast,25.889102106704733,17.415069940287957,1,67.26795648806151,34.83013988057591,Moderate,low,model
S134946,NR10,Southeast,13.99053326367198,9.413565178515412,1,67.28524925464286,18.827130357030825,Moderate,low,model
S69885,NR10,Eastbound,13.99053326367198,9.41487648531696,1,67.29462206965165,18.829752970633923,Moderate,low,model
S193019,NR17,Southeast,14.65494819996778,9.86236723889113,1,67.29718252373497,19.724734477782256,Moderate,low,model
S142856,NR21,Northeast,5.923090977563692,3.9868174993820644,3,67.30974611877289,7.973634998764129,Moderate,ok,model
S205747,NR1,Northeast,26.589748566156633,17.904516571156417,1,67.3361635090647,29.840860951927358,Moderate,low,model
S69920,NR7,Eastbound,10.835567514370444,7.300058187931651,1,67.37125838817488,14.600116375863301,Moderate,low,model
S163297,Avenue de l'Indépendance,Northeast,32.979009165256876,22.21853281358802,1,67.37174152883607,37.0308880226467,Moderate,low,history
S236304,NR6,Northwest,9.91975488131104,6.684120838017136,1,67.38191535972442,13.368241676034271,Moderate,low,model
S125665,KK 15 Road,Southbound,11.454154956869825,7.718392582429303,1,67.38508961588708,12.863987637382172,Moderate,low,model
S111367,NR1,Northeast,26.58974856615663,17.918288226737733,1,67.38795661100794,29.863813711229557,Moderate,low,model
S46591,NR21,Northeast,5.923090977563692,3.9914695347749376,4,67.38828678969107,7.982939069549875,Moderate,ok,model
S124236,NR17,Southeast,14.65494819996778,9.87724120118164,1,67.39867699568775,19.75448240236328,Moderate,low,model
S151581,NR17,Northeast,1.662175985960412,1.1203043391006153,2,67.39986310494668,2.2406086782012307,Moderate,ok,model
S16556,NR2,Eastbound,10.52542464148841,7.094138181594571,1,67.40001874728527,11.82356363599095,Moderate,low,model
S176048,NR10,Southeast,13.99053326367198,9.433101195227199,1,67.42488665332955,18.8662023904544,Moderate,low,model
S124554,NR2,Northeast,32.590939066405895,21.976149522077925,1,67.4302433486199,36.62691587012988,Moderate,low,model
S185449,NR2,Northwest,9.592190005298079,6.469025130610194,1,67.44054409928432,10.78170855101699,Moderate,low,model
S238542,KN3 Road,Northwest,19.358120064741556,13.057511028138537,3,67.45237132773649,21.762518380230897,Moderate,ok,model
S211152,NR2,Eastbound,10.52542464148841,7.099926432764906,1,67.45501178906258,11.833210721274842,Moderate,low,model
S46506,KK 15 Road,Southeast,11.454154956869825,7.726510492568133,1,67.45596267609446,12.877517487613554,Moderate,low,model
S202258,KK 3 Rd,Westbound,16.717947994209347,11.278539237553447,1,67.46365786913582,14.09817404694181,Moderate,low,model
S156569,NR9,Northbound,1.598748951187227,1.0788609110177583,2,67.48157115078004,2.1577218220355165,Moderate,ok,model
S70962,NR21,Northbound,5.9230909775636915,3.99792020420264,3,67.4971939371946,7.9958404084052805,Moderate,ok,model
S226322,NR2,Southeast,26.946580464785438,18.192143271093542,2,67.51188075558439,30.3202387851559,Moderate,ok,model
S236800,NR10,Eastbound,13.99053326367198,9.44655617586518,1,67.52105868897966,18.89311235173036,Moderate,low,model
S174152,Ruhengeri-Gisenyi Road,Northeast,32.39605344276873,21.877681856508687,3,67.53193531785614,36.46280309418115,Moderate,ok,history
S86685,NR9,Northeast,1.5987489511872273,1.079666213348828,1,67.5319419316629,2.159332426697656,Moderate,low,model
S174075,NR8,Southbound,2.9419080755044607,1.9869480273210656,1,67.53943278735369,3.973896054642131,Moderate,low,model
S162007,NR1,Southeast,27.54179878088138,18.602727025024596,1,67.54361678779675,31.00454504170766,Moderate,low,model
S224287,NR2,Northwest,9.592190005298079,6.479800469856905,1,67.55287860517673,10.79966744976151,Moderate,low,model
S127127,NR1,Northbound,26.589748566156633,17.963114453888615,1,67.55654123315789,29.938524089814358,Moderate,low,model
S174545,NR10,Eastbound,13.99053326367198,9.452777835496548,2,67.56552918566561,18.905555670993095,Moderate,ok,model
S201285,NR2,Southwest,9.592190005298079,6.481676276023159,1,67.57243416199135,10.802793793371933,Moderate,low,model
S214642,NR 19,Northbound,10.448462013253687,7.0616627284554685,1,67.58566686176276,14.123325456910937,Moderate,low,model
S221090,Kigali-Gatuna Road,Southbound,16.056228679354415,10.853230948021263,2,67.59514431914312,18.088718246702108,Moderate,ok,model
S207788,NR6,Northwest,9.91975488131104,6.7058337922700435,1,67.60080135552472,13.411667584540087,Moderate,low,model
S229965,KK 3 Rd,Westbound,16.717947994209347,11.30316947344006,1,67.61098597360859,14.128961841800074,Moderate,low,model
S107841,NR6,Northwest,9.91975488131104,6.707386078269978,1,67.61644978654452,13.414772156539955,Moderate,low,model
S175359,KK 15 Road,Westbound,35.400581911493916,23.937116941259134,1,67.61786289588419,39.89519490209855,Moderate,low,model
S182337,NR23,Southeast,25.889102106704737,17.50681251888417,1,67.62232404479671,35.01362503776834,Moderate,low,model
S95399,NR10,Southeast,13.99053326367198,9.461439571007004,1,67.62744058923553,18.922879142014015,Moderate,low,model
S55622,KN 3 Road,Southwest,19.358120064741556,13.091527548117718,2,67.628093556266,21.819212580196197,Moderate,ok,model
S201215,NR2,Northwest,9.59219000529808,6.487845834773147,1,67.63675272476563,10.813076391288577,Moderate,low,model
S196623,NR1,Southeast,19.013306691091916,12.860226252633886,1,67.63803088843635,21.433710421056478,Moderate,low,model
S245268,NR18,Northwest,7.497430198693445,5.07299777611211,1,67.66315446319415,10.14599555222422,Moderate,low,model
S236125,NR8,Northeast,5.377438247535005,3.638677812045168,2,67.66563639690558,7.277355624090336,Moderate,ok,model
S231240,NR10,Southeast,13.99053326367198,9.47002710358847,1,67.68882161324385,18.94005420717694,Moderate,low,model
S237978,Kigali-Gatuna Road,Northwest,23.728434041905995,16.06283069018958,1,67.69444061003583,26.771384483649296,Moderate,low,model
S238796,NR6,Northwest,9.91975488131104,6.71732969083777,1,67.71669029335912,13.434659381675539,Moderate,low,model
S156130,NR21,Northwest,5.923090977563692,4.011350317539678,1,67.72393557239673,8.022700635079357,Moderate,low,model
S249652,NR18,Northwest,7.4974301986934435,5.080221454947273,1,67.75950319394222,10.160442909894545,Moderate,low,model
S176712,NR10,Eastbound,13.99053326367198,9.480842381960493,1,67.76612587440526,18.961684763920985,Moderate,low,model
S02415,NR4,Northbound,22.37613196625936,15.166169118241653,1,67.77833247100301,25.276948530402755,Moderate,low,model
S54056,NR8,Northeast,5.377438247535004,3.64542391454041,1,67.79108837207862,7.29084782908082,Moderate,low,model
S227418,KN 3 Road,Westbound,19.358120064741556,13.128006314662453,1,67.8165352356374,21.88001052443742,Moderate,low,model
S161155,NR21,Westbound,5.923090977563693,4.018462642266499,1,67.84401349714516,8.036925284532998,Moderate,low,model
S109429,NR22,Southwest,2.952801998422418,2.0033167111156276,1,67.84460021992439,4.006633422231255,Moderate,low,model
S178496,NR11,Northeast,39.4988185176274,26.79885906313405,1,67.847242193268,44.66476510522341,Moderate,low,history
S240000,Avenue de l'Indépendance,Northeast,31.581900010959785,21.428261590566006,1,67.84981772195407,35.713769317610016,Moderate,low,history
S44111,NR11,Northbound,40.09545277431035,27.210020559401634,1,67.8631083493723,45.350034265669386,Moderate,low,history
S216778,NR 19,Northbound,10.448462013253685,7.092363155227178,1,67.87949409425659,14.184726310454357,Moderate,low,model
S244821,Ruhengeri-Gisenyi Road,Eastbound,30.306315499188692,20.584074313883487,1,67.92008191967291,34.30679052313915,Moderate,low,history
S145410,Ruhengeri-Gisenyi Road,Northeast,32.32300682300388,21.955078940285187,1,67.92399933740086,36.591798233808646,Moderate,low,history
S149203,KN3 Road,Westbound,19.358120064741556,13.150017827090425,3,67.93024210569689,21.916696378484044,Moderate,ok,model
S96762,NR10,Southbound,13.99053326367198,9.507066217512612,1,67.9535657314707,19.01413243502523,Moderate,low,model
S180819,NR10,Northeast,13.990533263671983,9.509799616838588,2,67.9731032235338,19.019599233677173,Moderate,ok,model
S68400,NR21,Northbound,5.9230909775636915,4.026717993951127,2,67.9833892338323,8.053435987902255,Moderate,ok,model
S238184,NR6,Northwest,9.91975488131104,6.7455823647282225,1,68.00150251128682,13.491164729456445,Moderate,low,model
S131197,NR10,Eastbound,13.990533263671981,9.514762198877905,1,68.00857422342916,19.02952439775581,Moderate,low,model
S108023,Avenue de l'Indépendance,Northeast,32.19365610889841,21.90600757399983,1,68.04448522373622,36.510012623333054,Moderate,low,history
S157974,NR2,Northwest,9.592190005298077,6.527683357926403,1,68.05206479772556,10.87947226321067,Moderate,low,model
S112195,NR1,Southbound,26.589748566156633,18.101700998020906,1,68.0777441463313,30.169501663368177,Moderate,low,model
S53859,NR7,Southeast,10.83556751437044,7.381168637742248,1,68.11981585600506,14.762337275484496,Moderate,low,model
S113163,Kigali-Gatuna Road,Southbound,23.728434041905995,16.16597374261821,1,68.12912185468296,26.94328957103035,Moderate,low,model
S191619,NR21,Northwest,5.923090977563692,4.035824676396619,2,68.1371380531563,8.071649352793237,Moderate,ok,model
S135313,NR10,Eastbound,13.99053326367198,9.532752633212398,2,68.13716427782836,19.065505266424797,Moderate,ok,model
S147047,NR1,Northeast,26.589748566156633,18.119066484011082,1,68.143053097813,30.19844414001847,Moderate,low,model
S124375,NR22,Southwest,2.9528019984224176,2.0128932197351923,1,68.16891958250547,4.025786439470385,Moderate,low,model
S208304,NR9,Eastbound,1.598748951187227,1.0899730785182464,3,68.1766250860609,2.179946157036493,Moderate,ok,model
S06866,NR11,Northwest,39.21929359955564,26.748451484332445,1,68.20227757655357,44.58075247388741,Moderate,low,history
S181359,NR10,Eastbound,13.990533263671983,9.541998589611817,1,68.20325151142526,19.08399717922363,Moderate,low,model
S172410,NR23,Westbound,9.817932236345337,6.698140760019244,1,68.2235383049719,13.39628152003849,Moderate,low,model
S242998,NR2,Northeast,32.590939066405895,22.23471960357189,1,68.22362362209748,37.05786600595315,Moderate,low,model
S255417,Kigali-Gatuna Road,Southbound,16.056228679354415,10.958461479738476,2,68.2505319186765,18.264102466230792,Moderate,ok,model
S224974,NR2,Northwest,9.592190005298079,6.547375025046385,2,68.25735334089563,10.912291708410642,Moderate,ok,model
S204374,NR25,Southwest,15.00052804824928,10.239665102392435,3,68.2620309728864,20.47933020478487,Moderate,ok,model
S190467,KN3 Road,Northwest,19.358120064741556,13.216100898180416,1,68.27161343136788,22.026834830300693,Moderate,low,model
S110095,NR10,Southeast,13.990533263671981,9.551891407182016,1,68.27396230838887,19.103782814364028,Moderate,low,model
S20184,NR17,Southwest,14.65494819996778,10.008659475322554,1,68.29542717417833,20.01731895064511,Moderate,low,model
S219874,NR2,Northwest,9.592190005298077,6.551655974061648,1,68.30198286775968,10.91942662343608,Moderate,low,model
S154840,NR17,Southbound,14.654948199967777,10.011287385331665,1,68.31335906976237,20.02257477066333,Moderate,low,model
S159548,NR10,Eastbound,13.99053326367198,9.560325060932177,1,68.33424345415521,19.120650121864355,Moderate,low,model
S135605,NR9,Eastbound,1.5987489511872268,1.0931216913847208,3,68.37356738048031,2.1862433827694416,Moderate,ok,model
S233317,NR21,Southbound,2.7307881533099847,1.8673553447624474,1,68.38155286776927,3.7347106895248947,Moderate,low,model
S49141,NR21,Westbound,5.9230909775636915,4.050561052718734,2,68.38593342668571,8.101122105437469,Moderate,ok,model
S187709,NR2,Northeast,32.590939066405895,22.292597973927954,1,68.40121399541607,37.15432995654659,Moderate,low,model
S214255,trunk (OSM way 507295266),Westbound,50.43033028300828,34.499565595380034,1,68.4103502828022,43.12445699422504,Moderate,low,model
S210552,NR17,Southbound,14.65494819996778,10.026375962234617,1,68.41631799324041,20.052751924469234,Moderate,low,model
S189748,NR8,Southbound,2.94190807550446,2.0127953129611464,1,68.41802195386424,4.025590625922293,Moderate,low,model
S152522,NR23,Southwest,9.817932236345339,6.718648195553166,2,68.4324156432978,13.43729639110633,Moderate,ok,model
S168732,NR1,Northeast,26.589748566156633,18.198372402801002,1,68.44131059578295,30.330620671335005,Moderate,low,model
S109297,NR9,Northeast,1.598748951187227,1.0944258252322365,2,68.45513952766122,2.188851650464473,Moderate,ok,model
S144968,NR2,Northwest,9.592190005298079,6.567905073901528,1,68.47138213769598,10.946508456502547,Moderate,low,model
S224958,NR25,Southwest,15.00052804824928,10.271440333325298,3,68.47385838876575,20.542880666650593,Moderate,ok,model
S220727,NR2,Southeast,32.590939066405895,22.318348733973885,1,68.48022601772529,37.19724788995647,Moderate,low,model
S90110,KN3 Road,Westbound,19.358120064741556,13.256608717076212,1,68.48086835261189,22.09434786179369,Moderate,low,model
S218667,Avenue de l'Indépendance,Northeast,32.55695600101618,22.300694618763355,1,68.49748059390839,37.16782436460559,Moderate,low,history
S30985,Avenue de l'Indépendance,Southeast,8.008214948501749,5.485458391582477,1,68.49789156332209,9.142430652637463,Moderate,low,history
S174682,NR23,Southeast,25.889102106704737,17.743975103685557,1,68.53839515388306,35.487950207371114,Moderate,low,model
S139166,NR11,Westbound,39.217446847621204,26.887313058227512,1,68.55957034301025,44.81218843037919,Moderate,low,history
S256979,Kigali-Gatuna Road,Southbound,16.056228679354415,11.019535119445317,2,68.6309054231058,18.365891865742196,Moderate,ok,model
S258976,NR18,Northwest,7.497430198693445,5.146504130244223,2,68.64357511645909,10.293008260488444,Moderate,ok,model
S173512,Ruhengeri-Gisenyi Road,Northbound,30.152782643624835,20.69865375925003,1,68.64591571493425,34.49775626541672,Moderate,low,history
S127401,NR23,Westbound,9.817932236345339,6.739856840811592,1,68.64843511407713,13.479713681623185,Moderate,low,model
S81939,NR1,Northeast,26.58974856615663,18.25631707798314,1,68.65923170563462,30.427195129971896,Moderate,low,model
S187921,NR23,Southwest,9.817932236345339,6.741518371700149,2,68.66535854406789,13.483036743400298,Moderate,ok,model
S196241,Ruhengeri-Gisenyi Road,Northbound,31.523528073721693,21.654297067629518,3,68.69249221403217,36.09049511271587,Moderate,ok,history
S171515,NR10,Southeast,13.990533263671981,9.611146815106926,2,68.69750161749279,19.22229363021385,Moderate,ok,model
S187789,NR10,Southeast,13.990533263671983,9.613936646852965,2,68.71744247102181,19.227873293705926,Moderate,ok,model
S179226,NR1,Northeast,42.21017537319977,29.008135669241174,1,68.72308729534235,48.34689278206862,Moderate,low,model
S33371,KK 3 Rd,Westbound,16.717947994209343,11.493259016702412,1,68.7480247018556,14.366573770878015,Moderate,low,model
S29032,NR11,Eastbound,38.5857618057872,26.539087313093038,1,68.7794825632097,44.2318121884884,Moderate,low,history
S224515,NR2,Northwest,9.592190005298079,6.600865409060162,1,68.8149985083103,11.001442348433605,Moderate,low,model
S132868,NR21,Westbound,5.923090977563692,4.076024167165287,1,68.81582914402325,8.152048334330575,Moderate,low,model
S146061,NR23,Westbound,9.817932236345337,6.7588125591146175,2,68.84150752328418,13.517625118229235,Moderate,ok,model
S127572,Ruhengeri-Gisenyi Road,Northeast,32.603667926339455,22.449456845867406,2,68.85561740043124,37.415761409779016,Moderate,ok,history
S206709,Avenue de l'Indépendance,Northbound,29.504352357132184,20.316376568782815,2,68.85891384045809,33.86062761463803,Moderate,ok,history
S63392,NR10,Eastbound,13.990533263671981,9.633885923615576,2,68.86003372459763,19.267771847231153,Moderate,ok,model
S150281,NR10,Southeast,13.99053326367198,9.63409137158974,1,68.86150220310587,19.26818274317948,Moderate,low,model
S186467,NR11,Northwest,38.92659986531308,26.805529853379753,3,68.86172937304438,44.67588308896626,Moderate,ok,history
S205395,NR23,Westbound,9.817932236345339,6.761639976050541,2,68.8703060204408,13.523279952101081,Moderate,ok,model
S158386,NR10,Southeast,13.990533263671981,9.636941079443348,1,68.88187103251288,19.273882158886696,Moderate,low,model
S202323,NR23,Southeast,25.88910210670474,17.834275396239608,1,68.88719169453506,35.668550792479216,Moderate,low,model
S111008,NR10,Eastbound,13.99053326367198,9.640009439698824,2,68.90380272158897,19.280018879397648,Moderate,ok,model
S221775,Kigali-Gatuna Road,Southwest,23.72843404190599,16.350332155353026,1,68.90607330630101,27.25055359225504,Moderate,low,model
S233926,KK 3 Rd,Westbound,8.358973997104673,5.7608266019448715,1,68.91786723993003,14.40206650486218,Moderate,low,model
S233087,NR10,Eastbound,13.990533263671981,9.642265677754608,3,68.91992961263209,19.284531355509213,Moderate,ok,model
S192324,NR10,Northeast,13.99053326367198,9.64332244837828,2,68.92748308185128,19.28664489675656,Moderate,ok,model
S117733,KN3 Road,Northwest,19.358120064741556,13.343788458510973,4,68.9312206654563,22.239647430851623,Moderate,ok,model
S141705,NR10,Eastbound,13.990533263671983,9.644492712559714,2,68.93584776788131,19.288985425119424,Moderate,ok,model
S134642,NR17,Southeast,14.654948199967778,10.112042375837147,1,69.00087422935674,20.224084751674294,Moderate,low,model
S13915,NR25,Southbound,15.000528048249283,10.351673655330643,1,69.00872837299077,20.703347310661282,Moderate,low,model
S190913,KN3 Road,Northwest,19.358120064741556,13.362303208820158,4,69.02686399366826,22.2705053480336,Moderate,ok,model
S232511,NR2,Eastbound,10.52542464148841,7.269172491504282,1,69.06298547662531,12.11528748584047,Moderate,low,model
S127248,NR10,Eastbound,13.990533263671981,9.663593109441562,1,69.07237149090082,19.327186218883124,Moderate,low,model
S90678,NR7,Southeast,10.835567514370442,7.4856267205390985,1,69.08384549873779,14.971253441078197,Moderate,low,model
S62773,NR2,Southwest,26.946580464785438,18.618177489917322,1,69.09291334478633,31.03029581652887,Moderate,low,model
S186337,NR2,Southeast,26.946580464785438,18.623720314142034,1,69.11348302052664,31.039533856903393,Moderate,low,model
S227891,Kigali-Gatuna Road,Southbound,16.056228679354412,11.1021451992858,2,69.14541030149425,18.503575332143004,Moderate,ok,model
S22336,Kigali-Gatuna Road,Southbound,16.056228679354412,11.103718258546229,1,69.15520749168033,18.506197097577047,Moderate,low,model
S182055,NR2,Northwest,9.592190005298079,6.634223911240427,1,69.16276582903517,11.057039852067378,Moderate,low,model
S202921,NR1,Southbound,19.013306691091916,13.150149360801533,1,69.16287405684473,21.91691560133589,Moderate,low,model
S207169,KN3 Road,Northwest,19.358120064741552,13.391421716154072,3,69.17728411316608,22.319036193590122,Moderate,ok,model
S148822,NR17,Southeast,14.654948199967778,10.138135878600359,1,69.17892673699556,20.276271757200718,Moderate,low,model
S150364,NR9,Northbound,1.5987489511872268,1.1063759736375152,2,69.20260825290444,2.2127519472750303,Moderate,ok,model
S192080,Avenue de l'Indépendance,Eastbound,30.146323542814834,20.865230172769927,2,69.21318330288739,34.77538362128321,Moderate,ok,history
S234183,Ruhengeri-Gisenyi Road,Northeast,30.429209423187835,21.06427603647443,3,69.22386889362598,35.107126727457384,Moderate,ok,history
S197885,NR2,Southbound,26.946580464785438,18.65354937449396,1,69.2241800360196,31.089248957489932,Moderate,low,model
S137134,KN 3 Road,Northwest,5.4004598647807045,3.7391939715959537,1,69.23843645207407,6.231989952659922,Moderate,low,model
S114122,NR10,Eastbound,13.990533263671981,9.687968096466355,1,69.24659635113603,19.37593619293271,Moderate,low,model
S236015,NR2,Northwest,9.592190005298079,6.642306440592213,1,69.24702739336325,11.070510734320354,Moderate,low,model
S158205,KN3 Road,Northbound,19.358120064741556,13.405748715603021,1,69.25129439619475,22.342914526005035,Moderate,low,model
S19748,NR25,Southbound,15.00052804824928,10.392282264096373,2,69.27944290140681,20.784564528192746,Moderate,ok,model
S184130,NR1,Northeast,26.589748566156636,18.42295073091748,1,69.28591552898762,30.704917884862468,Moderate,low,model
S167808,NR2,Eastbound,10.525424641488412,7.294142341869826,1,69.30021913907649,12.156903903116374,Moderate,low,model
S71763,NR25,Southwest,15.000528048249283,10.396346095009038,1,69.30653415379201,20.79269219001808,Moderate,low,model
S186853,KN3 Road,Northwest,25.298189013047544,17.536757629343686,1,69.32020952289945,29.227929382239477,Moderate,low,model
S204007,Kigali-Gatuna Road,Northwest,23.728434041906,16.44987782945192,1,69.32559392836602,27.41646304908653,Moderate,low,model
S133645,NR25,Southwest,15.000528048249281,10.401789971098633,2,69.34282538348796,20.803579942197267,Moderate,ok,model
S149123,NR2,Eastbound,32.590939066405895,22.600619757906788,1,69.3463287813117,37.66769959651131,Moderate,low,model
S169995,NR11,Northbound,40.392466123171886,28.01260601967915,2,69.35106644456452,46.68767669946525,Moderate,ok,history
S202586,NR8,Southbound,2.94190807550446,2.040378732725703,3,69.35562500115954,4.080757465451406,Moderate,ok,model
S157413,NR1,Northeast,26.589748566156636,18.44291845697688,1,69.36101110956339,30.7381974282948,Moderate,low,model
S165931,Avenue de l'Indépendance,Northeast,32.06943399219914,22.245573500102473,2,69.36690402928124,37.075955833504125,Moderate,ok,history
S209413,Kigali-Gatuna Road,Westbound,23.728434041905995,16.4602824156828,1,69.36944252879414,27.433804026138006,Moderate,low,model
S224189,KN3 Road,Northwest,19.35812006474156,13.429063049276339,3,69.37173136835601,22.3817717487939,Moderate,ok,model
S129134,Ruhengeri-Gisenyi Road,Northeast,29.460610610703295,20.439010639651627,1,69.37741688295476,34.065017732752715,Moderate,low,history
S247041,NR2,Northwest,9.592190005298079,6.656119420153855,2,69.39102974896727,11.09353236692309,Moderate,ok,model
S145389,NR10,Eastbound,13.99053326367198,9.708623829173746,3,69.39423713307126,19.417247658347495,Moderate,ok,model
S107133,NR1,Northeast,26.589748566156633,18.45507249282729,1,69.40672058974211,30.75845415471215,Moderate,low,model
S164271,Ruhengeri-Gisenyi Road,Northeast,32.64140965604793,22.65641565957623,3,69.41004049247107,37.76069276596038,Moderate,ok,history
S65650,KK 3 Rd,Westbound,16.717947994209347,11.604138884638598,1,69.41126320441937,14.505173605798248,Moderate,low,model
S252121,NR7,Northwest,27.711273128731584,19.24246847250187,1,69.43913541291218,38.484936945003746,Moderate,low,model
S173264,KK 15 Road,Southbound,11.454154956869823,7.95884132239712,1,69.48431684716881,13.264735537328532,Moderate,low,model
S86258,KN 3 Road,Westbound,19.358120064741556,13.45090367453188,2,69.48455547101939,22.41817279088647,Moderate,ok,model
S228107,NR23,Westbound,9.817932236345337,6.822062108140638,2,69.48573226942649,13.644124216281275,Moderate,ok,model
S227461,Kigali-Gatuna Road,Westbound,23.72843404190599,16.488017060272437,1,69.48632611470906,27.480028433787393,Moderate,low,model
S119822,NR2,Eastbound,10.52542464148841,7.314425886951034,1,69.49292913199457,12.190709811585055,Moderate,low,model
S166345,NR2,Southeast,10.525424641488408,7.321218534429803,1,69.55746474656726,12.20203089071634,Moderate,low,model
S132646,NR10,Southbound,13.990533263671981,9.732820142333368,1,69.56718488783947,19.465640284666737,Moderate,low,model
S97433,NR7,Southeast,10.835567514370444,7.53880626100677,1,69.5746323485926,15.07761252201354,Moderate,low,model
S65339,KN 3 Road,Southwest,19.358120064741556,13.469384724274944,2,69.58002470915437,22.44897454045824,Moderate,ok,model
S103276,NR7,Northbound,27.711273128731587,19.28504470085877,1,69.59277768029958,38.57008940171754,Moderate,low,model
S209744,NR16,Northeast,27.972903744375092,19.47121383719302,1,69.60741013920793,38.94242767438604,Moderate,low,model
S128911,NR16,Northeast,27.972903744375095,19.474392757052257,1,69.61877442190193,38.948785514104515,Moderate,low,model
S163523,KK 15 Road,Northeast,35.400581911493916,24.64655028589656,1,69.62187894966291,41.0775838098276,Moderate,low,model
S224404,Avenue de l'Indépendance,Northeast,31.83971924109254,22.169159074958408,3,69.62736984925029,36.94859845826401,Moderate,ok,history
S177807,NR1,Northeast,26.589748566156636,18.515279747414578,1,69.6331509165934,30.8587995790243,Moderate,low,model
S150082,NR21,Northbound,5.923090977563692,4.124480509364247,3,69.63392129189856,8.248961018728494,Moderate,ok,model
S247741,NR18,Westbound,7.497430198693444,5.221176710116455,2,69.63955077602903,10.44235342023291,Moderate,ok,model
S242700,NR10,Eastbound,13.99053326367198,9.743778351941023,1,69.64551077721862,19.487556703882046,Moderate,low,model
S224742,NR23,Westbound,9.817932236345337,6.838457993565661,2,69.65273164394169,13.676915987131322,Moderate,ok,model
S93895,NR8,Southbound,2.94190807550446,2.049500119543777,2,69.6656750293716,4.099000239087554,Moderate,ok,model
S172472,NR10,Eastbound,13.990533263671981,9.748027166895062,2,69.67587999098596,19.496054333790124,Moderate,ok,model
S206762,KN 3 Road,Southbound,17.33228065504362,12.078255185344332,1,69.68647361378615,20.13042530890722,Moderate,low,model
S77303,Ruhengeri-Gisenyi Road,Eastbound,29.58970652645285,20.621380915911306,1,69.69106265882033,34.36896819318551,Moderate,low,history
S230822,Avenue de l'Indépendance,Southeast,30.700144412109545,21.397869393498315,2,69.69957243933358,35.663115655830524,Moderate,ok,history
S229406,KN3 Road,Northwest,19.358120064741556,13.496284322255681,1,69.71898240696166,22.493807203759467,Moderate,low,model
S24651,NR2,Northwest,9.592190005298079,6.688251572513622,1,69.72601219137113,11.14708595418937,Moderate,low,model
S57752,NR1,Southeast,19.013306691091916,13.25768215631862,1,69.72844004315192,22.096136927197698,Moderate,low,model
S171478,NR1,Northeast,27.541798780881383,19.20533500166874,1,69.73159289436263,32.0088916694479,Moderate,low,model
S169706,KN3 Road,Northwest,19.358120064741556,13.502394816575485,3,69.75054794276457,22.503991360959144,Moderate,ok,model
S91159,NR10,Southbound,13.990533263671983,9.758530058570667,2,69.75095140876299,19.51706011714133,Moderate,ok,model
S152613,NR 19,Northbound,10.448462013253685,7.288585335773466,1,69.75749470618764,14.577170671546932,Moderate,low,model
S51768,NR17,Southeast,14.654948199967777,10.224039686945757,1,69.7651028679053,20.448079373891513,Moderate,low,model
S185620,NR23,Eastbound,25.889102106704737,18.062651890629528,1,69.76932539484125,36.125303781259056,Moderate,low,model
S176210,NR2,Southeast,26.946580464785438,18.802004475602992,1,69.77510374711177,31.336674126004983,Moderate,low,model
S68418,NR17,Southbound,14.654948199967778,10.227714529711323,1,69.79017864924155,20.455429059422645,Moderate,low,model
S59200,NR7,Eastbound,10.835567514370442,7.563658113658321,1,69.80398676513417,15.127316227316642,Moderate,low,model
S167640,Ruhengeri-Gisenyi Road,Northeast,31.691181113487005,22.133785798681455,2,69.84209808848635,36.889642997802426,Moderate,ok,history
S61904,NR17,Southbound,14.654948199967778,10.235499634103418,1,69.84330135077462,20.470999268206835,Moderate,low,model
S185026,NR23,Southwest,9.817932236345339,6.857298855387664,2,69.8446341888814,13.71459771077533,Moderate,ok,model
S220726,NR2,Northwest,9.592190005298079,6.7011076989193175,2,69.86003921125497,11.168512831532196,Moderate,ok,model
S246771,NR11,Westbound,39.14708406072627,27.370099451795543,3,69.91606171570308,45.61683241965924,Moderate,ok,history
S42991,KN3 Road,Northwest,19.358120064741556,13.535240496434186,1,69.92022185608286,22.558734160723645,Moderate,low,model
S227243,NR2,Northeast,32.590939066405895,22.789557145146002,1,69.92605244884469,37.98259524191,Moderate,low,model
S94161,NR10,Eastbound,13.990533263671981,9.78659687418812,2,69.95156431670934,19.57319374837624,Moderate,ok,model
S231889,NR2,Southeast,26.946580464785438,18.860497538903758,1,69.99217419646695,31.434162564839596,Moderate,low,model
S170354,NR23,Westbound,9.817932236345337,6.872788942625664,1,70.00240760659412,13.745577885251327,Moderate,low,model
S90018,NR17,Southeast,14.654948199967778,10.259192102438508,1,70.0049700787142,20.518384204877016,Moderate,low,model
S122993,NR1,Northeast,26.589748566156633,18.62108311407255,1,70.03106128567691,31.03513852345425,Moderate,low,model
S170205,NR23,Southwest,9.817932236345339,6.877101229052895,2,70.04633015895465,13.754202458105787,Moderate,ok,model
S125335,KN3 Road,Westbound,19.35812006474156,13.559784813335778,4,70.04701266438192,22.59964135555963,Moderate,ok,model
S127001,NR11,Eastbound,40.14702345969544,28.12473055800429,1,70.05433562525347,46.874550930007146,Moderate,low,history
S157393,NR9,Northbound,1.598748951187227,1.1201416963700972,3,70.06363916850627,2.2402833927401944,Moderate,ok,model
S202385,NR10,Eastbound,13.99053326367198,9.802886755240996,1,70.06799934277926,19.605773510481992,Moderate,low,model
S119303,NR9,Eastbound,1.5987489511872273,1.1202363482294253,2,70.06955953888448,2.2404726964588506,Moderate,ok,model
S142309,KN 3 Road,Southwest,19.35812006474156,13.56430936389917,3,70.07038554639867,22.607182273165282,Moderate,ok,model
S41402,NR10,Eastbound,13.990533263671981,9.803326665385747,2,70.07114368428833,19.606653330771493,Moderate,ok,model
S206057,KN3 Road,Northwest,19.358120064741556,13.564802914838308,3,70.07293512733675,22.608004858063847,Moderate,ok,model
S113132,NR21,Northbound,5.923090977563692,4.151065623030362,2,70.08275980825461,8.302131246060725,Moderate,ok,model
S169489,NR11,Northwest,38.076458010312805,26.68580218049996,1,70.08478092492808,44.47633696749993,Moderate,low,history
S205047,NR 19,Northbound,10.448462013253687,7.326138152418381,1,70.11690469970897,14.652276304836763,Moderate,low,model
S181447,NR23,Southwest,9.817932236345337,6.884866054235953,2,70.12541835182599,13.769732108471906,Moderate,ok,model
S148735,NR10,Southeast,13.99053326367198,9.812050666956806,1,70.13350014638054,19.62410133391361,Moderate,low,model
S204283,Kigali-Gatuna Road,Southbound,23.728434041905995,16.645099272992017,1,70.14832602773392,27.741832121653367,Moderate,low,model
S156326,NR11,Northbound,39.61575666214431,27.797045951546302,1,70.16664149219285,46.32840991924384,Moderate,low,history
S46948,NR8,Southbound,2.9419080755044607,2.0644263464907002,3,70.17304054059217,4.1288526929814005,Moderate,ok,model
S207528,Kigali-Gatuna Road,Southwest,23.728434041905995,16.65155965597206,1,70.17555236289212,27.752599426620105,Moderate,low,model
S192204,NR11,Northeast,39.15202887592885,27.480953421982935,1,70.19036870111874,45.80158903663822,Moderate,low,history
S80737,NR23,Westbound,9.817932236345337,6.89259138073405,1,70.20410423304952,13.7851827614681,Moderate,low,model
S56957,NR9,Northeast,1.5987489511872268,1.1224236209975302,1,70.20637106057342,2.2448472419950605,Moderate,low,model
S231680,Kigali-Gatuna Road,Southbound,16.056228679354415,11.272869773784052,2,70.20870217350011,18.788116289640087,Moderate,ok,model
S154685,Kigali-Gatuna Road,Southwest,23.72843404190599,16.665453229037986,1,70.23410478586867,27.77575538172998,Moderate,low,model
S103674,NR7,Eastbound,10.835567514370442,7.610889491888837,1,70.2398788230986,15.221778983777675,Moderate,low,model
S96971,NR10,Eastbound,13.99053326367198,9.82729270263423,2,70.24244549814209,19.65458540526846,Moderate,ok,model
S145133,KK 3 Rd,Westbound,16.717947994209343,11.746842193537825,1,70.2648566534997,14.68355274192228,Moderate,low,model
S119105,NR23,Southeast,25.889102106704737,18.193118008365854,1,70.27326762195517,36.38623601673171,Moderate,low,model
S157905,NR9,Northbound,1.5987489511872268,1.1236194044220251,2,70.28116600718506,2.2472388088440503,Moderate,ok,model
S219870,NR25,Southwest,15.000528048249283,10.543502087842757,3,70.28753957147057,21.087004175685514,Moderate,ok,model
S246271,NR2,Southeast,26.946580464785438,18.9411528094078,1,70.29148961650492,31.56858801567967,Moderate,low,model
S211869,Ruhengeri-Gisenyi Road,Northbound,30.75344249418252,21.61789920979879,3,70.29424173858956,36.02983201633131,Moderate,ok,history
S223534,Avenue de l'Indépendance,Northeast,31.709513564101435,22.298880031259383,1,70.32236551400177,37.16480005209897,Moderate,low,history
S147115,Kigali-Gatuna Road,Northwest,23.728434041905995,16.688322043163044,1,70.33048204399142,27.813870071938407,Moderate,low,model
S61027,NR1,Southeast,19.013306691091916,13.375335108849988,1,70.34723273630556,22.292225181416647,Moderate,low,model
S250496,NR11,Northeast,37.729806345378705,26.551105602778943,1,70.37169859746982,44.25184267129824,Moderate,low,history
S156868,NR10,Southeast,13.990533263671981,9.84636796205697,2,70.37878954638698,19.69273592411394,Moderate,ok,model
S229682,Avenue de l'Indépendance,Eastbound,31.4158855769816,22.11635276693158,2,70.39862910353932,36.86058794488597,Moderate,ok,history
S217288,NR1,Southeast,19.013306691091916,13.386203265299342,1,70.4043935270398,22.310338775498902,Moderate,low,model
S96465,NR23,Westbound,9.817932236345335,6.912799961489671,2,70.40993760273616,13.825599922979341,Moderate,ok,model
S209778,KN3 Road,Northwest,19.35812006474156,13.634555467831198,1,70.43326222914006,22.724259113051996,Moderate,low,model
S237384,NR18,Northwest,7.4974301986934435,5.281311593477198,1,70.44162404336298,10.562623186954395,Moderate,low,model
S127355,Ruhengeri-Gisenyi Road,Northbound,32.932388188954704,23.204344782367773,2,70.46055891613216,38.67390797061296,Moderate,ok,history
S214710,NR25,Southwest,15.000528048249283,10.570083429828163,1,70.46474227993461,21.140166859656325,Moderate,low,model
S55836,Avenue de l'Indépendance,Eastbound,8.36505506648377,5.894429933185455,1,70.46492684552243,9.824049888642426,Moderate,low,history
S120412,NR2,Eastbound,10.525424641488408,7.4185618789862975,1,70.48230481594359,12.364269798310495,Moderate,low,model
S164922,NR1,Northwest,42.210175373199775,29.751900260822538,1,70.4851377606754,49.586500434704234,Moderate,low,model
S191504,NR11,Northbound,37.438275115835424,26.3904005525647,1,70.4904285010776,43.98400092094116,Moderate,low,history
S237595,NR 19,Northwest,10.448462013253685,7.367161236570756,1,70.50952788291373,14.734322473141512,Moderate,low,model
S183342,KK 15 Road,Westbound,35.400581911493916,24.968052145419026,1,70.53006136408273,41.613420242365045,Moderate,low,model
S115317,KK 3 Rd,Westbound,16.717947994209347,11.791283385636302,1,70.53068588154773,14.739104232045378,Moderate,low,model
S52754,NR2,Westbound,9.592190005298079,6.765642658665041,1,70.53282571475499,11.276071097775068,Moderate,low,model
S137446,NR13,Northeast,31.734762189341936,22.38453064097818,1,70.5363112772781,44.76906128195636,Moderate,low,model
S221167,NR10,Eastbound,13.990533263671983,9.869902476373502,3,70.54700696793188,19.739804952747,Moderate,ok,model
S221526,NR10,Eastbound,13.99053326367198,9.870681089759925,1,70.55257225534267,19.74136217951985,Moderate,low,model
S123196,Avenue de l'Indépendance,Eastbound,29.672275568320277,20.9369966300286,2,70.56080542869475,34.894994383381,Moderate,ok,history
S202854,KN 3 Road,Westbound,19.358120064741556,13.660271810759,3,70.56610747879135,22.76711968459833,Moderate,ok,model
S186021,Avenue de l'Indépendance,Northeast,30.665695308564807,21.63984089889895,2,70.56693377128491,36.06640149816492,Moderate,ok,history
S207678,NR11,Eastbound,39.493136218879165,27.869997833278084,1,70.56921911396645,46.449996388796805,Moderate,low,history
S233892,Ruhengeri-Gisenyi Road,Northeast,30.207473504643836,21.324013146251257,1,70.5918458985757,35.54002191041876,Moderate,low,history
S68302,NR11,Westbound,40.17593783178978,28.36223632506103,2,70.59508217035075,47.27039387510172,Moderate,ok,history
S158706,NR10,Southeast,13.990533263671981,9.87729299447223,1,70.59983210303892,19.75458598894446,Moderate,low,model
S243335,Kigali-Gatuna Road,Southwest,23.728434041905995,16.753434121980455,1,70.60488733640312,27.922390203300758,Moderate,low,model
S187235,NR11,Northwest,40.396862823464616,28.52246196872119,2,70.60563611923313,47.537436614535316,Moderate,ok,history
S247984,NR11,Westbound,39.379029883083184,27.803864504620215,2,70.60576298392881,46.33977417436702,Moderate,ok,history
S58466,NR2,Eastbound,32.590939066405895,23.01585393126969,1,70.6204073603819,38.359756552116146,Moderate,low,model
S220416,NR10,Eastbound,13.99053326367198,9.886082479762477,3,70.66265662248072,19.772164959524954,Moderate,ok,model
S125245,NR10,Southbound,13.990533263671981,9.887272239593424,2,70.6711606573772,19.774544479186847,Moderate,ok,model
S152623,KN3 Road,Northwest,19.358120064741556,13.681251867663542,4,70.67448606531926,22.802086446105907,Moderate,ok,model
S30422,NR21,Northwest,5.923090977563692,4.18698724864463,1,70.68922737308412,8.37397449728926,Moderate,low,model
S188003,NR 19,Northbound,10.448462013253687,7.386054662976563,1,70.69035283477592,14.772109325953128,Moderate,low,model
S169043,NR11,Northeast,40.77083712898157,28.821543583505452,1,70.69156684795645,48.03590597250909,Moderate,low,history
S12725,trunk (OSM way 150103699),Northwest,37.885795896783435,26.782665625598256,1,70.69315819196541,44.63777604266376,Moderate,low,history
S210911,KN 3 Road,Westbound,19.358120064741556,13.68674040298886,3,70.70283869102342,22.811234004981433,Moderate,ok,model
S191552,NR25,Southwest,15.000528048249281,10.606105702758018,3,70.70488231243208,21.212211405516037,Moderate,ok,model
S136957,NR10,Southeast,13.990533263671978,9.894475957304188,1,70.72265060114849,19.788951914608376,Moderate,low,model
S137629,Avenue de l'Indépendance,Eastbound,31.565269524417165,22.324228786661585,1,70.7240239763921,37.20704797776931,Moderate,low,history
S152961,NR2,Southeast,26.946580464785434,19.06527385450241,3,70.7521085260427,31.775456424170684,Moderate,ok,model
S154253,NR25,Southwest,15.00052804824928,10.61320125324337,3,70.7521843171517,21.22640250648674,Moderate,ok,model
S190827,NR11,Westbound,39.25827047205412,27.77806099849447,3,70.75722049005749,46.296768330824115,Moderate,ok,history
S204235,NR1,Northeast,26.589748566156633,18.81894784832549,1,70.77520045555526,31.364913080542483,Moderate,low,model
S89660,NR10,Eastbound,13.99053326367198,9.904130295815513,2,70.79165682363745,19.808260591631022,Moderate,ok,model
S84165,KK 3 Rd,Northwest,16.717947994209343,11.83563560208497,1,70.7959828932625,14.794544502606211,Moderate,low,model
S121391,Avenue de l'Indépendance,Northeast,30.81928081671203,21.82302817955276,2,70.8096607099249,36.371713632587934,Moderate,ok,history
S249742,NR18,Northwest,7.497430198693445,5.309082135473507,2,70.81202485084428,10.618164270947013,Moderate,ok,model
S225606,KN3 Road,Northwest,19.35812006474156,13.708089228881063,3,70.81312226102298,22.846815381468435,Moderate,ok,model
S156427,NR25,Southwest,15.000528048249281,10.622480642878326,3,70.81404473703232,21.244961285756652,Moderate,ok,model
S178838,KN 3 Road,Southwest,19.35812006474156,13.708943921159813,1,70.81753742259804,22.848239868599688,Moderate,low,model
S164935,NR10,Eastbound,13.99053326367198,9.910450429814341,1,70.83683118461224,19.820900859628683,Moderate,low,model
S234240,NR8,Northeast,5.377438247535005,3.8095245597282026,1,70.8427393187541,7.619049119456406,Moderate,low,model
S165589,NR10,Eastbound,13.99053326367198,9.911824775565885,3,70.84665458251739,19.82364955113177,Moderate,ok,model
S225315,NR2,Northeast,38.53885534669021,27.30566250944121,1,70.8522924819724,45.50943751573535,Moderate,low,model
S174941,Avenue de l'Indépendance,Eastbound,8.048164794746999,5.703536216357075,1,70.8675376537984,9.505893693928458,Moderate,low,history
S217365,NR2,Northwest,9.59219000529808,6.798541200092036,1,70.87579787657437,11.330902000153394,Moderate,low,model
S169600,NR 19,Northbound,10.448462013253685,7.406727220058437,1,70.88820546663364,14.813454440116875,Moderate,low,model
S192751,KK 15 Road,Northeast,35.40058191149391,25.102330761947695,1,70.90937325467364,41.83721793657949,Moderate,low,model
S171156,KN3 Road,Westbound,19.35812006474156,13.73072575854615,4,70.93005783942307,22.884542930910246,Moderate,ok,model
S233583,KN3 Road,Northwest,19.35812006474156,13.732861627579162,3,70.94109129218536,22.888102712631937,Moderate,ok,model
S176860,Kigali-Gatuna Road,Northwest,23.728434041905995,16.83432665345076,1,70.94579702866281,28.057211089084596,Moderate,low,model
S48143,NR10,Eastbound,13.990533263671981,9.926131987534559,1,70.94891810385023,19.852263975069118,Moderate,low,model
S54857,KN 3 Road,Westbound,19.358120064741556,13.744124259150082,1,70.99927169159014,22.906873765250136,Moderate,low,model
S230424,NR2,Southbound,26.946580464785438,19.133359038412824,3,71.0047757763433,31.888931730688036,Moderate,ok,model
S95865,NR9,Northeast,1.5987489511872273,1.135271874587661,1,71.01001528380118,2.270543749175322,Moderate,low,model
S234032,NR7,Southeast,10.835567514370442,7.695540586510961,1,71.021112427244,15.391081173021924,Moderate,low,model
S178447,NR 19,Northbound,10.448462013253689,7.420619104214822,1,71.0211617250644,14.841238208429646,Moderate,low,model
S179194,KN3 Road,Northwest,19.358120064741556,13.750419517039044,1,71.03179167735274,22.91736586173174,Moderate,low,model
S51194,NR10,Eastbound,13.990533263671983,9.941524289069577,1,71.05893750943632,19.883048578139153,Moderate,low,model
S109660,NR7,Southeast,10.83556751437044,7.7026164208255645,1,71.08641435356417,15.405232841651129,Moderate,low,model
S07267,NR11,Northwest,41.60469156461885,29.58101872718451,1,71.1001995561976,49.30169787864085,Moderate,low,history
S131880,NR25,Southwest,15.000528048249283,10.666279173671718,1,71.10602466368898,21.332558347343436,Moderate,low,model
S171944,NR10,Eastbound,13.990533263671981,9.94936416778951,3,71.11497453513206,19.89872833557902,Moderate,ok,model
S144558,Kigali-Gatuna Road,Southbound,16.056228679354415,11.420478837813,2,71.1280280437074,19.034131396355,Moderate,ok,model
S230045,primary (OSM way 220623175),Northbound,43.07977472434717,30.643594323531605,1,71.13220651595685,61.28718864706321,Moderate,low,model
S37747,Sonatubes,Southbound,3.589963514510975,2.5538645828000988,2,71.13901220659025,4.2564409713334985,Moderate,ok,history
S254622,KN 3 Road,Westbound,19.358120064741556,13.771560732019852,3,71.14100277280056,22.95260122003309,Moderate,ok,model
S177843,NR2,Southwest,26.946580464785434,19.17326952771588,2,71.15288543855151,31.9554492128598,Moderate,ok,model
S220755,NR1,Northeast,26.58974856615663,18.91995913055791,1,71.15508852400052,31.533265217596515,Moderate,low,model
S150268,Ruhengeri-Gisenyi Road,Northbound,33.045684623013045,23.51396992411068,3,71.15594726621438,39.1899498735178,Moderate,ok,history
S225348,NR11,Northbound,39.55014171616641,28.147515370094027,3,71.16918966332938,46.91252561682337,Moderate,ok,history
S80927,NR25,Southwest,15.000528048249281,10.676386037878979,1,71.17340138652669,21.352772075757958,Moderate,low,model
S196306,NR10,Southeast,13.990533263671978,9.957858131679043,1,71.17568675910132,19.915716263358085,Moderate,low,model
S142006,KN3 Road,Northbound,19.358120064741556,13.778337517053979,1,71.17601022709603,22.96389586175663,Moderate,low,model
S200273,NR2,Southeast,26.946580464785438,19.183582993864924,1,71.19115918598496,31.972638323108207,Moderate,low,model
S203029,Kigali-Gatuna Road,Southbound,16.056228679354415,11.43086119752683,2,71.19269054896421,19.051435329211383,Moderate,ok,model
S244752,NR2,Southeast,38.53885534669021,27.442048503771534,1,71.20618465936951,45.73674750628589,Moderate,low,model
S49199,NR25,Southwest,15.00052804824928,10.681573290609375,1,71.2079818540523,21.363146581218746,Moderate,low,model
S63185,NR1,Southeast,19.013306691091916,13.53950078995749,1,71.21065793516598,22.56583464992915,Moderate,low,model
S216091,Avenue de l'Indépendance,Southeast,30.705547373169498,21.866532483737654,2,71.21362214452698,36.444220806229424,Moderate,ok,history
S240920,NR10,Eastbound,13.99053326367198,9.96402056310471,3,71.21973391091123,19.92804112620942,Moderate,ok,model
S180778,NR1,Eastbound,27.541798780881383,19.61542880694469,1,71.22057990112496,32.69238134490781,Moderate,low,model
S109865,NR11,Westbound,39.6412681708041,28.235577866395534,1,71.22773606721066,47.05929644399256,Moderate,low,history
S239375,NR11,Northeast,38.50456262908193,27.426402755581464,1,71.22896842065855,45.71067125930244,Moderate,low,history
S41934,NR2,Eastbound,10.52542464148841,7.497561252608578,1,71.23286240685431,12.495935421014297,Moderate,low,model
S96079,NR10,Eastbound,13.99053326367198,9.968510070181264,2,71.25182351744691,19.937020140362527,Moderate,ok,model
S86705,NR2,Southwest,26.946580464785434,19.21024994515815,2,71.2901214692627,32.017083241930244,Moderate,ok,model
S132074,NR17,Southbound,14.654948199967778,10.44786388930131,1,71.29239726227269,20.89572777860262,Moderate,low,model
S193274,NR1,Northeast,26.589748566156633,18.956794006826893,1,71.29361889098513,31.594656678044824,Moderate,low,model
S49053,KN 3 Road,Westbound,19.358120064741556,13.801340735959368,1,71.29484004542786,23.00223455993228,Moderate,low,model
S90153,NR1,Southeast,26.589748566156633,18.96060138379473,1,71.30793785665104,31.601002306324553,Moderate,low,model
S73079,NR17,Northbound,1.662175985960412,1.1853769552186995,3,71.31476842590672,2.370753910437399,Moderate,ok,model
S131777,NR11,Northwest,36.53417052387752,26.05782319147911,1,71.32452391234278,43.42970531913185,Moderate,low,history
S190312,NR25,Southwest,15.000528048249283,10.699364158391237,3,71.32658346410655,21.398728316782478,Moderate,ok,model
S182136,KN 3 Road,Westbound,19.358120064741556,13.809596591921045,1,71.33748807082529,23.01599431986841,Moderate,low,model
S171391,NR23,Southwest,25.88910210670473,18.469413266137984,1,71.34049373367336,36.93882653227597,Moderate,low,model
S46899,NR11,Westbound,39.03662522298526,27.85220566077454,1,71.3489076006878,46.420342767957564,Moderate,low,history
S156281,NR23,Southeast,25.889102106704737,18.472170732419293,1,71.35114480326216,36.94434146483859,Moderate,low,model
S161608,Ruhengeri-Gisenyi Road,Northeast,30.207644299960684,21.560200306692405,3,71.37332554832972,35.93366717782067,Moderate,ok,history
S85613,KN 3 Road,Westbound,19.358120064741556,13.81670859154187,1,71.37422717357411,23.027847652569786,Moderate,low,model
S221743,NR2,Eastbound,26.946580464785438,19.23352825467097,1,71.37650834697149,32.055880424451615,Moderate,low,model
S110341,NR2,Southwest,38.53885534669021,27.507788875700612,1,71.37676671568045,45.846314792834356,Moderate,low,model
S140971,NR11,Southwest,39.27732573822351,28.03583461908994,1,71.37918402577574,46.72639103181656,Moderate,low,history
S188113,NR2,Eastbound,32.590939066405895,23.265181668734865,1,71.38542900322918,38.775302781224774,Moderate,low,model
S113149,Avenue de l'Indépendance,Northbound,31.99191485920184,22.839195088429296,1,71.39052222708717,38.06532514738216,Moderate,low,history
S99918,NR10,Southeast,13.990533263671981,9.989876032710491,3,71.40454080224623,19.979752065420982,Moderate,ok,model
S200415,KN3 Road,Westbound,19.358120064741556,13.823480074751405,3,71.40920723975249,23.03913345791901,Moderate,ok,model
S42166,NR10,Southeast,13.990533263671981,9.990916943651671,1,71.41198091136546,19.981833887303342,Moderate,low,model
S224118,NR2,Southeast,10.52542464148841,7.516463713122088,1,71.41245098553267,12.527439521870148,Moderate,low,model
S249575,NR2,Southwest,38.53885534669021,27.5266988502074,1,71.42583401240391,45.87783141701233,Moderate,low,model
S201656,NR23,Westbound,9.817932236345337,7.012604908756314,1,71.42649531432,14.025209817512627,Moderate,low,model
S15321,NR21,Northwest,5.923090977563692,4.230707575862939,2,71.4273610162093,8.46141515172588,Moderate,ok,model
S184921,NR1,Eastbound,27.541798780881383,19.674365214164844,1,71.43456885547413,32.790608690274745,Moderate,low,model
S148553,Ruhengeri-Gisenyi Road,Northeast,30.87543075004001,22.057792860863856,3,71.44124737704355,36.76298810143976,Moderate,ok,history
S138651,NR11,Westbound,39.13714796599221,27.964743627630792,1,71.45319748881661,46.60790604605131,Moderate,low,history
S246065,NR1,Southbound,19.013306691091916,13.586540392202714,1,71.4580615194529,22.644233987004522,Moderate,low,model
S181849,NR23,Southeast,25.88910210670473,18.499990909833176,1,71.45860383099988,36.99998181966635,Moderate,low,model
S118668,NR10,Eastbound,13.990533263671983,9.997946120077062,2,71.46222328807059,19.995892240154124,Moderate,ok,model
S197308,NR7,Eastbound,10.835567514370442,7.744698527625243,1,71.47478447579233,15.489397055250485,Moderate,low,model
S22977,NR6,Northwest,9.919754881311041,7.090277825326827,1,71.47634099996776,14.18055565065365,Moderate,low,model
S215144,NR4,Northwest,25.215165141504144,18.02328465943306,1,71.47795605655878,45.05821164858265,Moderate,low,model
S212155,KN 3 Road,Westbound,19.358120064741556,13.8383779351804,3,71.48616647122316,23.063963225300665,Moderate,ok,model
S216051,NR2,Eastbound,10.52542464148841,7.524347015562717,1,71.48734869948859,12.540578359271194,Moderate,low,model
S237493,NR10,Southbound,13.99053326367198,10.001834350954317,2,71.49001515850168,20.003668701908634,Moderate,ok,model
S123905,Kigali-Gatuna Road,Southbound,16.056228679354412,11.47876015386508,1,71.49101064202468,19.131266923108466,Moderate,low,model
S94054,NR17,Northbound,1.662175985960412,1.1883882193448758,3,71.49593240322386,2.3767764386897516,Moderate,ok,model
S205398,Avenue de l'Indépendance,Eastbound,30.98212359916684,22.15106825997605,2,71.49628781602216,36.91844709996008,Moderate,ok,history
S143366,Kigali-Gatuna Road,Westbound,23.728434041905995,16.966141388276718,1,71.5013108674318,28.276902313794526,Moderate,low,model
S241696,NR 19,Northbound,10.448462013253687,7.471055295415656,1,71.50387574686835,14.942110590831312,Moderate,low,model
S231191,Ruhengeri-Gisenyi Road,Northbound,30.847528669323488,22.057271483217377,3,71.50417694611745,36.762119138695624,Moderate,ok,history
S74189,Avenue de l'Indépendance,Northeast,33.070374372139156,23.647874929910856,1,71.5077327634776,39.413124883184764,Moderate,low,history
S79844,Avenue de l'Indépendance,Eastbound,31.837452986050067,22.767572160147868,2,71.5119145056099,37.94595360024645,Moderate,ok,history
S160946,NR10,Eastbound,13.990533263671981,10.006332565255752,2,71.52216700158483,20.012665130511504,Moderate,ok,model
S109490,NR10,Southbound,13.990533263671978,10.006570503263415,2,71.52386770879293,20.01314100652683,Moderate,ok,model
S237400,Ruhengeri-Gisenyi Road,Northbound,31.659401647006483,22.648874840961664,3,71.53917529298346,37.748124734936106,Moderate,ok,history
S186133,NR11,Northwest,37.86465455728626,27.090993944837837,2,71.54691957865688,45.151656574729735,Moderate,ok,history
S97684,NR10,Southeast,13.990533263671981,10.010419103474682,1,71.551376311494,20.020838206949364,Moderate,low,model
S177709,NR11,Northeast,38.70932257927355,27.699364447194522,1,71.55734743347284,46.16560741199087,Moderate,low,history
S24547,NR25,Southwest,15.000528048249285,10.734375841325475,2,71.55998646713165,21.468751682650947,Moderate,ok,model
S130618,KN 3 Road,Westbound,19.35812006474156,13.85287962635428,1,71.56107917517052,23.088132710590468,Moderate,low,model
S133777,KN 3 Road,Southwest,19.358120064741556,13.853328612871032,2,71.56339854562206,23.08888102145172,Moderate,ok,model
S218604,NR25,Southwest,15.000528048249281,10.735260202901898,1,71.56588200343263,21.470520405803796,Moderate,low,model
S105783,NR17,Southbound,14.654948199967778,10.488101470884006,1,71.56696378433507,20.976202941768012,Moderate,low,model
S154894,Avenue de l'Indépendance,Eastbound,31.854987887401528,22.801233697240757,1,71.57822121244165,38.00205616206793,Moderate,low,history
S244622,NR2,Southbound,38.53885534669021,27.58655064589694,1,71.58113648610511,45.977584409828225,Moderate,low,model
S121792,NR10,Eastbound,13.99053326367198,10.015676249182366,2,71.58895276128763,20.031352498364733,Moderate,ok,model
S205208,KK 15 Road,Northbound,35.40058191149391,25.360145896335116,1,71.63765262316535,42.26690982722519,Moderate,low,model
S252073,KN 3 Road,Westbound,19.358120064741556,13.867835261890209,3,71.63833686076146,23.113058769817012,Moderate,ok,model
S102142,NR1,Eastbound,27.541798780881383,19.730524878463143,1,71.63847588691058,32.8842081307719,Moderate,low,model
S76432,NR1,Southbound,26.589748566156633,19.049723881071223,1,71.64311401318652,31.74953980178537,Moderate,low,model
S197614,NR1,Eastbound,27.54179878088138,19.732915649585966,1,71.64715640608019,32.888192749309944,Moderate,low,model
S126076,Ruhengeri-Gisenyi Road,Northbound,29.662628136412494,21.258717844575845,3,71.6683557060799,35.43119640762641,Moderate,ok,history
S240852,NR2,Southeast,26.946580464785438,19.316552135821002,2,71.68461379010381,32.19425355970167,Moderate,ok,model
S39818,NR2,Westbound,9.592190005298079,6.876376232593583,1,71.68723960634158,11.460627054322638,Moderate,low,model
S219415,NR25,Southwest,15.000528048249281,10.75425302219634,2,71.69249634149695,21.50850604439268,Moderate,ok,model
S210344,KN 3 Road,Westbound,19.358120064741556,13.879210692807938,2,71.69709995800274,23.13201782134656,Moderate,ok,model
S65446,NR21,Westbound,5.923090977563693,4.246838980499349,1,71.69970875993828,8.493677960998697,Moderate,low,model
S171439,Kigali-Gatuna Road,Northwest,23.728434041906,17.01512089338643,1,71.70772779753014,28.35853482231072,Moderate,low,model
S134044,NR11,Northwest,37.574477521625944,26.943873091329213,1,71.70791150940609,44.90645515221536,Moderate,low,history
S203397,NR25,Southwest,15.000528048249283,10.758080664696317,2,71.7180130598929,21.51616132939263,Moderate,ok,model
S108387,NR21,Westbound,5.9230909775636915,4.2481962111808516,1,71.72262298979976,8.496392422361703,Moderate,low,model
S72219,NR 19,Northbound,10.448462013253689,7.495778069923453,1,71.74049214530514,14.991556139846907,Moderate,low,model
S125235,NR11,Northwest,37.45409941970188,26.873667878399996,2,71.75093860156656,44.789446463999994,Moderate,ok,history
S103974,NR1,Eastbound,26.589748566156636,19.079775646557312,1,71.75613413224224,31.79962607759552,Moderate,low,model
S36580,NR10,Eastbound,13.990533263671983,10.039802493943945,1,71.7613996888413,20.07960498788789,Moderate,low,model
S181201,NR23,Southeast,25.889102106704733,18.580252684933768,1,71.76862530169355,37.160505369867536,Moderate,low,model
S65323,Ruhengeri-Gisenyi Road,Northbound,29.893747801626517,21.45620499716903,2,71.77489132360178,35.76034166194838,Moderate,ok,history
S118000,Kigali-Gatuna Road,Southbound,23.728434041905995,17.033791372918124,1,71.78641179116714,28.389652288196874,Moderate,low,model
S214354,Kigali-Gatuna Road,Northwest,23.72843404190599,17.035955031190458,1,71.79553021115439,28.39325838531743,Moderate,low,model
S62670,NR11,Northbound,39.86447680482847,28.620994106694564,1,71.79573495174513,47.70165684449094,Moderate,low,history
S192076,NR10,Southeast,13.99053326367198,10.045939727485338,2,71.80526673397625,20.091879454970677,Moderate,ok,model
S246889,Kigali-Gatuna Road,Southbound,16.056228679354412,11.52950866365449,2,71.8070780748127,19.21584777275748,Moderate,ok,model
S185466,NR10,Eastbound,13.990533263671981,10.04654031337099,1,71.80955953593264,20.09308062674198,Moderate,low,model
S165993,NR1,Northeast,26.589748566156636,19.098528128157024,1,71.8266593632464,31.830880213595037,Moderate,low,model
S73917,Kigali-Gatuna Road,Southbound,16.056228679354415,11.534702037303285,1,71.8394229906239,19.224503395505472,Moderate,low,model
S176271,NR25,Southwest,15.000528048249281,10.779128717183278,2,71.85832847025219,21.558257434366556,Moderate,ok,model
S236469,Ruhengeri-Gisenyi Road,Northbound,31.0280339790431,22.29875763041094,1,71.86648578982454,37.16459605068491,Moderate,low,history
S163983,Avenue de l'Indépendance,Eastbound,30.953471822449217,22.253794634928433,2,71.89434116656574,37.089657724880716,Moderate,ok,history
S123803,NR10,Eastbound,13.990533263671983,10.058456228085527,1,71.89473080488973,20.11691245617105,Moderate,low,model
S141384,KN3 Road,Northwest,19.35812006474156,13.918076322455537,1,71.89787167301233,23.19679387075923,Moderate,low,model
S168146,NR10,Eastbound,13.990533263671981,10.060200234047285,1,71.90719641952279,20.12040046809457,Moderate,low,model
S153694,NR10,Eastbound,13.99053326367198,10.061822220379323,3,71.91878987562251,20.123644440758646,Moderate,ok,model
S180975,NR11,Northwest,40.33527760401614,29.010492367277795,1,71.92337350961792,48.35082061212966,Moderate,low,history
S106127,NR1,Eastbound,26.589748566156633,19.125335370235543,1,71.9274773232652,31.875558950392573,Moderate,low,model
S115641,NR1,Southbound,26.589748566156633,19.12609646916426,1,71.93033970057134,31.876827448607106,Moderate,low,model
S148833,KN3 Road,Northwest,19.358120064741556,13.93027373315061,1,71.96088094588738,23.21712288858435,Moderate,low,model
S243059,KN 3 Road,Westbound,19.35812006474156,13.93027996307629,3,71.96091312838061,23.217133271793816,Moderate,ok,model
S154948,NR10,Eastbound,13.990533263671983,10.06884529468073,2,71.96898863623473,20.137690589361455,Moderate,ok,model
S146890,KN3 Road,Northwest,19.35812006474156,13.934153730338508,1,71.98092419995812,23.223589550564178,Moderate,low,model
S159557,NR 19,Northwest,10.448462013253687,7.5232075294142655,1,72.00301364804898,15.046415058828531,Moderate,low,model
S152811,NR7,Northbound,27.71127312873159,19.954760361141563,1,72.0095401912519,39.909520722283126,Moderate,low,model
S254988,NR2,Southeast,26.946580464785438,19.4125270284215,1,72.04078103264474,32.354211714035834,Moderate,low,model
S143651,NR1,Eastbound,26.58974856615663,19.155525010221897,1,72.04101596734542,31.925875017036496,Moderate,low,model
S69610,NR13,Northeast,31.73476218934193,22.86293330879676,1,72.04381483115459,45.72586661759352,Moderate,low,model
S159438,NR10,Southeast,13.990533263671981,10.08249019544741,2,72.06651816216146,20.16498039089482,Moderate,ok,model
S101203,NR7,Northwest,27.711273128731587,19.972141624091346,1,72.07226290654918,39.94428324818269,Moderate,low,model
S223999,Kigali-Gatuna Road,Northwest,23.728434041905995,17.105999882841694,1,72.09072395014083,28.509999804736154,Moderate,low,model
S157884,KN 3 Road,Westbound,19.358120064741556,13.958051065384138,3,72.104372835289,23.263418442306897,Moderate,ok,model
S142939,KK 3 Rd,Westbound,16.717947994209343,12.057282439043473,1,72.12178458277174,15.07160304880434,Moderate,low,model
S172037,Avenue de l'Indépendance,Northeast,31.536041163938485,22.744923088454208,1,72.12358383925203,37.90820514742368,Moderate,low,history
S202820,KN3 Road,Northwest,19.358120064741556,13.96266201407691,3,72.12819203197415,23.27110335679485,Moderate,ok,model
S247789,NR11,Westbound,39.57350671684456,28.54476481807324,1,72.13099668501981,47.574608030122064,Moderate,low,history
S150382,NR11,Northbound,39.05116782779724,28.16963854976062,1,72.1352013695965,46.94939758293437,Moderate,low,history
S214079,NR10,Eastbound,13.990533263671981,10.092999001382967,1,72.14163185323746,20.185998002765935,Moderate,low,model
S162052,NR9,Eastbound,1.5987489511872268,1.1535179420052153,3,72.15128686393294,2.3070358840104306,Moderate,ok,model
S139021,KN 3 Road,Southwest,19.358120064741556,13.967760139680681,2,72.15452788270099,23.279600232801137,Moderate,ok,model
S107786,NR14,Eastbound,39.673531987317155,28.636161676487255,1,72.17951173503198,57.27232335297451,Moderate,low,model
S16444,KN 3 Road,Westbound,19.358120064741556,13.97280190164889,1,72.1805725706735,23.288003169414814,Moderate,low,model
S240062,NR11,Northbound,40.82011885030478,29.467957475448593,1,72.18978852931139,49.113262459080985,Moderate,low,history
S165185,NR10,Southeast,13.990533263671981,10.10027922181602,2,72.19366861478075,20.20055844363204,Moderate,ok,model
S187314,NR10,Eastbound,13.990533263671978,10.102215507925088,3,72.20750858837273,20.20443101585018,Moderate,ok,model
S235647,NR2,Northwest,9.592190005298079,6.926861500636253,1,72.21355599514106,11.544769167727086,Moderate,low,model
S225096,KN 3 Road,Westbound,19.35812006474156,13.980261670955676,2,72.21910817889288,23.300436118259462,Moderate,ok,model
S158693,NR1,Northeast,26.589748566156633,19.203192641619225,1,72.22028667868264,32.00532106936537,Moderate,low,model
S106170,NR1,Northeast,26.58974856615663,19.2071220654387,1,72.23506464399397,32.0118701090645,Moderate,low,model
S102962,KN 3 Road,Southwest,19.358120064741556,13.986116880146703,3,72.24935496510687,23.310194800244506,Moderate,ok,model
S34578,NR21,Northbound,5.923090977563693,4.279401632855645,3,72.24946652120923,8.558803265711289,Moderate,ok,model
S150943,NR1,Northeast,26.589748566156633,19.213002125839527,1,72.25717865679178,32.02167020973255,Moderate,low,model
S64437,NR2,Westbound,9.592190005298079,6.931367924008934,1,72.26053612554082,11.552279873348224,Moderate,low,model
S110084,Kigali-Gatuna Road,Southbound,16.056228679354412,11.604733318911551,1,72.27558569736411,19.341222198185918,Moderate,low,model
S85488,NR25,Southwest,15.000528048249283,10.846928930668357,1,72.31031398214216,21.693857861336713,Moderate,low,model
S177458,KK 3 Rd,Westbound,16.717947994209343,12.089419610652945,1,72.31401613906444,15.111774513316181,Moderate,low,model
S229997,KK 15 Road,Northbound,35.400581911493916,25.60265257512229,1,72.32268847764217,42.67108762520381,Moderate,low,model
S137946,NR25,Southwest,15.00052804824928,10.849294213627111,2,72.32608198011629,21.698588427254222,Moderate,ok,model
S08966,NR21,Northbound,5.9230909775636915,4.283977081398609,2,72.32671417045684,8.567954162797218,Moderate,ok,model
S233719,NR7,Northbound,27.71127312873159,20.04810289453945,1,72.34637976179154,40.0962057890789,Moderate,low,model
S08784,NR7,Southeast,10.835567514370442,7.839251681692025,1,72.34740285910621,15.67850336338405,Moderate,low,model
S04501,NR21,Northwest,5.9230909775636915,4.285232112632064,2,72.34790295918572,8.570464225264129,Moderate,ok,model
S243485,NR8,Northeast,5.377438247535005,3.8907676597631755,2,72.35355350750308,7.781535319526352,Moderate,ok,model
S162317,NR1,Eastbound,27.541798780881383,19.92814078226695,1,72.35598858597578,33.21356797044492,Moderate,low,model
S179342,Ruhengeri-Gisenyi Road,Northbound,29.883116527925523,21.627691653154166,2,72.37428409765516,36.04615275525694,Moderate,ok,history
S151178,NR10,Eastbound,13.990533263671981,10.126325876349952,2,72.37984203678722,20.252651752699904,Moderate,ok,model
S226691,NR16,Northeast,27.972903744375092,20.248075100888542,1,72.38460220619787,40.496150201777084,Moderate,low,model
S169151,NR11,Northeast,39.10127286048116,28.312262431921916,1,72.40752118976805,47.1871040532032,Moderate,low,history
S230469,NR2,Northwest,9.592190005298079,6.945713922471122,1,72.41009528204486,11.576189870785203,Moderate,low,model
S177910,Kigali-Gatuna Road,Southwest,23.728434041905995,17.183866992869504,1,72.41888344810977,28.639778321449175,Moderate,low,model
S75271,NR11,Northwest,37.10438395892695,26.872584829241312,2,72.42428511678882,44.78764138206885,Moderate,ok,history
S220808,Avenue de l'Indépendance,Eastbound,30.108276279564407,21.80921987947861,3,72.43596304542126,36.34869979913102,Moderate,ok,history
S236775,NR23,Westbound,9.817932236345337,7.112033005230807,1,72.43921463322522,14.224066010461616,Moderate,low,model
S190480,NR25,Southwest,15.000528048249281,10.867820488539449,3,72.44958613178845,21.735640977078898,Moderate,ok,model
S180137,NR1,Northbound,26.589748566156633,19.264977798953733,1,72.45265125776386,32.10829633158956,Moderate,low,model
S198025,Ruhengeri-Gisenyi Road,Northbound,29.643409280180535,21.477755046649794,3,72.45372771953642,35.796258411082995,Moderate,ok,history
S207871,NR22,Southwest,2.952801998422418,2.139583086057709,1,72.45941608007634,4.279166172115418,Moderate,low,model
S182996,NR23,Westbound,9.817932236345337,7.116505269317014,1,72.48476662908898,14.23301053863403,Moderate,low,model
S128736,NR17,Southeast,14.654948199967778,10.623374249758099,1,72.49001569163825,21.246748499516197,Moderate,low,model
S164572,Ruhengeri-Gisenyi Road,Northeast,30.342662994045973,21.996677787245016,2,72.49422304021681,36.66112964540836,Moderate,ok,history
S256582,NR2,Southeast,26.946580464785438,19.534734334637438,1,72.49429796914673,32.55789055772906,Moderate,low,model
S169013,Kigali-Gatuna Road,Southbound,23.728434041905995,17.207673554007453,1,72.51921270328062,28.679455923345756,Moderate,low,model
S57510,NR13,Northwest,31.73476218934193,23.019586612950008,1,72.53744797457817,46.039173225900015,Moderate,low,model
S186395,NR10,Eastbound,13.99053326367198,10.148640471806788,3,72.53933985603604,20.297280943613575,Moderate,ok,model
S80116,NR16,Westbound,27.972903744375092,20.291695297742283,1,72.54053952773002,40.583390595484566,Moderate,low,model
S153006,KK 3 Rd,Northwest,16.717947994209347,12.12746141199514,1,72.54156680111562,15.159326764993926,Moderate,low,model
S237435,Kigali-Gatuna Road,Southwest,23.728434041905995,17.214292833005228,1,72.54710868236664,28.69048805500871,Moderate,low,model
S175893,NR2,Northbound,32.590939066405895,23.644838136243624,1,72.55034317380644,39.408063560406035,Moderate,low,model
S157380,KK 3 Rd,Westbound,16.717947994209343,12.129484535505707,1,72.55366830730088,15.161855669382135,Moderate,low,model
S192922,Ruhengeri-Gisenyi Road,Northbound,31.127510420339494,22.58557384742197,1,72.55824041958714,37.64262307903662,Moderate,low,history
S196757,Ruhengeri-Gisenyi Road,Northeast,30.744220644852366,22.308376273130467,3,72.56120274060567,37.18062712188411,Moderate,ok,history
S151302,NR2,Eastbound,10.52542464148841,7.640040654930409,1,72.58653132924833,12.733401091550682,Moderate,low,model
S128857,NR9,Eastbound,1.598748951187227,1.160480347669213,2,72.58677773064014,2.320960695338426,Moderate,ok,model
S184295,NR2,Eastbound,32.59093906640589,23.656792194037997,1,72.58702225743156,39.42798699006333,Moderate,low,model
S185463,NR25,Southwest,15.000528048249281,10.890107103281693,3,72.59815833318403,21.780214206563386,Moderate,ok,model
S219532,NR11,Northbound,39.900059987672904,28.968680049916642,3,72.60309898999274,48.28113341652774,Moderate,ok,history
S129037,Kigali-Gatuna Road,Southwest,23.728434041905995,17.229392768243834,1,72.61074514152757,28.715654613739723,Moderate,low,model
S186696,NR7,Southeast,10.835567514370442,7.868384244390833,1,72.6162633748122,15.736768488781665,Moderate,low,model
S100569,NR17,Southeast,14.654948199967777,10.643399752075233,1,72.62666238628286,21.286799504150466,Moderate,low,model
S247312,NR10,Southbound,13.990533263671981,10.161414340681949,2,72.63064351569231,20.322828681363898,Moderate,ok,model
S86214,NR9,Northbound,1.598748951187227,1.1612155242471043,2,72.63276222228565,2.3224310484942086,Moderate,ok,model
S121894,NR1,Northeast,26.589748566156633,19.314571769275517,1,72.63916663679572,32.19095294879253,Moderate,low,model
S211221,NR11,Northeast,39.52828205786051,28.714799618453505,1,72.64368225368737,47.857999364089174,Moderate,low,history
S113005,Ruhengeri-Gisenyi Road,Northbound,31.718404337366707,23.041993662737074,3,72.64550075613937,38.40332277122845,Moderate,ok,history
S75391,NR11,Westbound,37.673327191551635,27.36981976248395,1,72.65039167716972,45.61636627080657,Moderate,low,history
S192423,NR23,Eastbound,25.889102106704733,18.809492239692965,1,72.6540926841248,37.61898447938593,Moderate,low,model
S109581,NR17,Southeast,14.654948199967777,10.647448176830622,1,72.65428735431513,21.294896353661244,Moderate,low,model
S18461,NR13,Northwest,31.73476218934193,23.05715191932775,1,72.65582071092835,46.1143038386555,Moderate,low,model
S239759,Kigali-Gatuna Road,Westbound,23.728434041906,17.243349015565393,1,72.66956169594879,28.738915025942323,Moderate,low,model
S217482,NR11,Northbound,38.59195117174559,28.05303235272341,3,72.69140714829142,46.75505392120568,Moderate,ok,history
S123943,NR10,Eastbound,13.990533263671983,10.171659370872414,1,72.70387181941298,20.343318741744827,Moderate,low,model
S186584,NR11,Eastbound,36.84867985696571,26.793441550602388,1,72.71207992960832,44.655735917670654,Moderate,low,history
S161191,NR16,Northeast,27.972903744375092,20.339918859521337,1,72.71293336363541,40.67983771904267,Moderate,low,model
S164347,NR25,Southwest,15.00052804824928,10.907635547583848,3,72.71501051495906,21.8152710951677,Moderate,ok,model
S167172,NR11,Northwest,41.23275157559831,29.98381678063628,1,72.71844743531696,49.973027967727134,Moderate,low,history
S214534,NR1,Eastbound,26.589748566156633,19.33849526203636,1,72.72913925425512,32.230825436727265,Moderate,low,model
S190713,NR1,Northeast,26.589748566156633,19.338573340348013,1,72.72943289490937,32.23095556724669,Moderate,low,model
S237300,NR6,Northwest,9.91975488131104,7.21461928304609,1,72.72981408682321,14.42923856609218,Moderate,low,model
S126832,Ruhengeri-Gisenyi Road,Northbound,31.765435276573143,23.105065655728456,2,72.7364994515543,38.50844275954743,Moderate,ok,history
S232812,NR6,Northwest,9.91975488131104,7.216654156275871,1,72.7503274286762,14.433308312551741,Moderate,low,model
S239428,NR10,Southeast,13.99053326367198,10.178617914087491,3,72.75360933180036,20.357235828174982,Moderate,ok,model
S233625,NR2,Eastbound,26.946580464785438,19.60621550776281,3,72.75956789168396,32.67702584627135,Moderate,ok,model
S188857,NR11,Northbound,39.7193365854335,28.899764122423164,1,72.7599366123898,48.16627353737194,Moderate,low,history
S210584,NR2,Southeast,26.946580464785438,19.606894011736188,3,72.76208585114924,32.67815668622698,Moderate,ok,model
S149909,NR7,Northbound,27.711273128731587,20.16375665623661,1,72.76373251624601,40.32751331247323,Moderate,low,model
S156718,African Union Boulevard,Southbound,19.358120064741556,14.086063791408941,1,72.76565980735383,23.47677298568157,Moderate,low,model
S166199,Ruhengeri-Gisenyi Road,Northbound,32.20879862634196,23.438589948189232,3,72.77076745426943,39.064316580315385,Moderate,ok,history
S228511,NR25,Southwest,15.000528048249281,10.919144596803532,1,72.79173480881502,21.838289193607068,Moderate,low,model
S105439,NR11,Eastbound,39.02843761710766,28.411605856296237,1,72.79718992348886,47.3526764271604,Moderate,low,history
S232455,KN 3 Road,Westbound,19.358120064741556,14.09287265154463,3,72.80083295491627,23.488121085907714,Moderate,ok,model
S108239,NR17,Southbound,14.654948199967777,10.669150700226613,1,72.80237742669108,21.338301400453226,Moderate,low,model
S89477,KK 3 Rd,Westbound,16.717947994209343,12.171444273938832,1,72.80465448364058,15.21430534242354,Moderate,low,model
S178277,KN 3 Road,Southwest,19.358120064741556,14.096001493165316,1,72.81699589641174,23.493335821942193,Moderate,low,model
S50652,NR11,Northbound,39.09940336135814,28.472002668420117,2,72.81953232196616,47.453337780700195,Moderate,ok,history
S224185,Kigali-Gatuna Road,Southbound,23.728434041905995,17.280463789224484,1,72.82597645805886,28.800772982040808,Moderate,low,model
S216011,NR23,Westbound,9.817932236345339,7.150549498514736,1,72.83152222261091,14.301098997029472,Moderate,low,model
S221905,Ruhengeri-Gisenyi Road,Eastbound,32.807514783097474,23.89710228713358,2,72.84033077520836,39.8285038118893,Moderate,ok,history
S248983,NR10,Southbound,13.990533263671978,10.19147277558793,2,72.84549190166508,20.382945551175865,Moderate,ok,model
S234058,NR16,Northwest,27.972903744375095,20.379542596069456,1,72.85458378688146,40.75908519213891,Moderate,low,model
S177022,NR2,Southbound,26.946580464785438,19.632810106509947,1,72.858261671334,32.72135017751658,Moderate,low,model
S07778,NR11,Northbound,39.602994298572796,28.85964591117844,1,72.87238357181108,48.09940985196407,Moderate,low,history
S174741,NR10,Southeast,13.99053326367198,10.19742992865044,2,72.88807178729373,20.394859857300876,Moderate,ok,model
S182423,NR1,Southeast,27.541798780881383,20.079818308321336,1,72.90670615987541,33.46636384720223,Moderate,low,model
S244529,KK 3 Rd,Westbound,16.717947994209343,12.188686290181312,1,72.90778924783802,15.235857862726641,Moderate,low,model
S253046,NR2,Southeast,26.946580464785438,19.64882855974931,1,72.91770688836367,32.748047599582186,Moderate,low,model
S26468,NR7,Southeast,10.835567514370442,7.90115076011498,1,72.91866115583005,15.80230152022996,Moderate,low,model
S233259,Kigali-Gatuna Road,Southbound,23.728434041905995,17.302527535885886,1,72.91896087760561,28.837545893143144,Moderate,low,model
S214898,Kigali-Gatuna Road,Southbound,16.056228679354412,11.709152225966564,1,72.92591840711978,19.51525370994427,Moderate,low,model
S224462,NR10,Southbound,13.990533263671981,10.20610674975134,2,72.9500910179933,20.41221349950268,Moderate,ok,model
S213750,NR2,Southeast,38.53885534669021,28.11709061137274,1,72.95777302785794,46.861817685621226,Moderate,low,model
S68821,NR9,Northbound,1.598748951187227,1.1667437753801908,2,72.9785482901346,2.333487550760382,Moderate,ok,model
S242633,Ruhengeri-Gisenyi Road,Northbound,31.107638412308823,22.70305730150859,3,72.98225921426851,37.838428835847644,Moderate,ok,history
S147990,Avenue de l'Indépendance,Eastbound,31.753329983219288,23.174987007559473,2,72.98443035677448,38.624978345932455,Moderate,ok,history
S234652,NR17,Southbound,14.65494819996778,10.69595895763947,1,72.98530715832202,21.39191791527894,Moderate,low,model
S243039,KK 3 Rd,Northwest,16.717947994209343,12.203213953518164,1,72.99468785131427,15.254017441897705,Moderate,low,model
S146393,KK 15 Road,Westbound,35.400581911493916,25.84343430684683,1,73.00285168040118,43.072390511411385,Moderate,low,model
S179789,NR2,Northwest,9.592190005298079,7.002837883443814,1,73.00562102685538,11.671396472406355,Moderate,low,model
S194629,KN3 Road,Westbound,19.358120064741556,14.133225352142682,4,73.00928656747315,23.55537558690447,Moderate,ok,model
S00569,NR25,Southbound,15.000528048249285,10.951968510497581,2,73.01055319699755,21.903937020995162,Moderate,ok,model
S197514,KN3 Road,Northwest,19.358120064741556,14.133947976432655,3,73.01301949343681,23.55657996072109,Moderate,ok,model
S227469,KN3 Road,Northwest,19.358120064741556,14.134220910912093,2,73.01442941588034,23.557034851520154,Moderate,ok,model
S33085,NR10,Southeast,13.990533263671978,10.215705493324927,3,73.01869986508075,20.431410986649855,Moderate,ok,model
S102577,NR23,Southeast,25.889102106704733,18.90639904097035,1,73.0284077178327,37.8127980819407,Moderate,low,model
S58589,NR1,Southbound,19.01330669109192,13.890845742673761,1,73.058547723221,23.151409571122937,Moderate,low,model
S48790,NR1,Northeast,26.589748566156633,19.42716994861598,1,73.06263126287261,32.378616581026634,Moderate,low,model
S207449,Avenue de l'Indépendance,Northeast,32.89173985240906,24.03174264146733,3,73.06315430348751,40.05290440244554,Moderate,ok,history
S229801,NR11,Westbound,38.55883324777926,28.17355897053555,1,73.06641979930284,46.95593161755925,Moderate,low,history
S143385,KN3 Road,Northwest,19.358120064741556,14.145232743846588,1,73.07131424197743,23.57538790641098,Moderate,low,model
S89928,KN 3 Road,Westbound,19.358120064741556,14.145272397549283,2,73.071519084713,23.57545399591547,Moderate,ok,model
S222722,NR25,Southwest,15.000528048249281,10.961412329305746,2,73.07350977277802,21.922824658611493,Moderate,ok,model
S212567,NR11,Northwest,37.34548632263402,27.291707280528605,2,73.07899820811248,45.48617880088101,Moderate,ok,history
S154664,NR2,Southeast,26.946580464785434,19.695346220475223,2,73.09033606773842,32.825577034125374,Moderate,ok,model
S42767,NR10,Eastbound,13.990533263671978,10.227251388116855,1,73.10122634619715,20.45450277623371,Moderate,low,model
S119049,NR7,Northwest,27.711273128731587,20.259675407268116,1,73.10986872798165,40.51935081453623,Moderate,low,model
S175375,NR1,Southeast,27.541798780881383,20.13822924036866,1,73.11878719536634,33.563715400614434,Moderate,low,model
S244456,KK 15 Road,Northwest,35.40058191149391,25.88966709695641,1,73.1334506355968,43.149445161594016,Moderate,low,model
S194252,NR25,Southwest,15.000528048249285,10.971468920575957,3,73.14055135450008,21.94293784115191,Moderate,ok,model
S220383,NR2,Southbound,38.53885534669021,28.191659436977467,1,73.15126301331266,46.98609906162911,Moderate,low,model
S118384,NR2,Southbound,26.946580464785438,19.71449294354132,2,73.1613904380364,32.857488239235536,Moderate,ok,model
S152966,Ruhengeri-Gisenyi Road,Northbound,31.489223172586676,23.038944831430165,1,73.16453856342507,38.398241385716936,Moderate,low,history
S102140,NR2,Southbound,38.53885534669021,28.199608147396845,1,73.17188819885041,46.99934691232807,Moderate,low,model
S219621,NR11,Westbound,38.37445360987233,28.08285932616351,2,73.18113141535083,46.80476554360585,Moderate,ok,history
S129070,Kigali-Gatuna Road,Westbound,23.728434041905995,17.369520556866973,1,73.2012931244904,28.949200928111622,Moderate,low,model
S183673,NR7,Northwest,27.711273128731584,20.285189104549968,1,73.20193846856459,40.570378209099935,Moderate,low,model
S196973,NR1,Eastbound,27.541798780881383,20.161803584260664,1,73.20438198196527,33.60300597376777,Moderate,low,model
S213274,Avenue de l'Indépendance,Northeast,30.885924944497553,22.60992802514914,1,73.20463306758501,37.68321337524857,Moderate,low,history
S211999,Kigali-Gatuna Road,Southwest,23.728434041905995,17.37293594157368,1,73.21568676167976,28.954893235956135,Moderate,low,model
S36800,NR22,Southwest,2.9528019984224176,2.162062956827332,1,73.22072248604712,4.324125913654664,Moderate,low,model
S152206,Kigali-Gatuna Road,Southbound,23.728434041905995,17.38054085481195,1,73.24773655150086,28.96756809135325,Moderate,low,model
S237934,NR25,Southwest,15.000528048249283,10.987821642767239,2,73.2495656647876,21.975643285534478,Moderate,ok,model
S153407,NR7,Southeast,10.83556751437044,7.937131971645056,1,73.25072693348645,15.874263943290112,Moderate,low,model
S138566,NR25,Southbound,15.000528048249281,10.990063280102996,2,73.26450938762552,21.98012656020599,Moderate,ok,model
S82127,Ruhengeri-Gisenyi Road,Northeast,30.05847700372116,22.02388723043729,1,73.27013683265055,36.706478717395484,Moderate,low,history
S205586,NR2,Northeast,32.590939066405895,23.888066202668288,1,73.2966489673556,39.81344367111381,Moderate,low,model
S217285,KN 3 Road,Westbound,19.358120064741556,14.19181994358411,2,73.31197397330318,23.65303323930685,Moderate,ok,model
S200328,Ruhengeri-Gisenyi Road,Northeast,31.90291229446421,23.39538830161858,1,73.33308033347836,38.99231383603097,Moderate,low,history
S97574,Kigali-Gatuna Road,Southbound,23.728434041905995,17.401123755795872,1,73.33448016444882,29.001872926326453,Moderate,low,model
S216109,NR11,Northwest,39.021104429865204,28.616059726630894,1,73.33482776753314,47.69343287771815,Moderate,low,history
S201091,NR18,Northwest,7.4974301986934435,5.49824505961731,1,73.33506166653574,10.99649011923462,Moderate,low,model
S89044,NR1,Southbound,19.013306691091916,13.945422954421097,1,73.3455951718003,23.24237159070183,Moderate,low,model
S91378,NR23,Southeast,25.889102106704737,18.99066749662235,1,73.35390550954706,37.9813349932447,Moderate,low,model
S62347,NR9,Eastbound,1.598748951187227,1.173014813349224,2,73.37079486295494,2.346029626698448,Moderate,ok,model
S109113,KN 3 Road,Westbound,19.35812006474156,14.204169504837385,3,73.3757692241435,23.67361584139564,Moderate,ok,model
S104346,NR1,Northeast,42.21017537319977,30.980943419858054,1,73.39686022609747,51.63490569976342,Moderate,low,model
S02018,NR23,Westbound,9.817932236345337,7.210027568413755,1,73.43733277891968,14.42005513682751,Moderate,low,model
S106231,NR1,Northeast,26.589748566156633,19.52773554281579,1,73.44084316641731,32.54622590469298,Moderate,low,model
S216564,NR11,Northbound,37.32322147007484,27.41391909267672,1,73.45003462430691,45.6898651544612,Moderate,low,history
S221694,NR1,Northeast,26.589748566156633,19.5318507706237,1,73.45631991226796,32.55308461770616,Moderate,low,model
S33070,NR10,Eastbound,13.99053326367198,10.278597755581893,1,73.4682342829022,20.557195511163787,Moderate,low,model
S115946,NR10,Eastbound,13.990533263671978,10.278877306451202,1,73.47023242596109,20.557754612902404,Moderate,low,model
S173304,NR1,Eastbound,27.54179878088138,20.235970391419656,1,73.47367015645618,33.72661731903276,Moderate,low,model
S150408,NR23,Westbound,9.817932236345337,7.2139881552742935,2,73.47767311500263,14.427976310548589,Moderate,ok,model
S134181,NR1,Northeast,26.589748566156633,19.53840867698978,1,73.48098320063929,32.564014461649634,Moderate,low,model
S166822,NR2,Southeast,26.946580464785438,19.809433589918186,3,73.51371954525258,33.01572264986364,Moderate,ok,model
S257031,NR2,Eastbound,32.590939066405895,23.965620547793943,1,73.53461187160832,39.942700912989906,Moderate,low,model
S212615,KN3 Road,Northwest,19.358120064741556,14.235374902300421,3,73.53696978162881,23.725624837167366,Moderate,ok,model
S138331,NR1,Northeast,26.58974856615663,19.557112142260852,1,73.55132408868695,32.59518690376809,Moderate,low,model
S208939,NR1,Northeast,42.21017537319977,31.0565040148356,1,73.57587060525246,51.760840024726,Moderate,low,model
S233293,Avenue de l'Indépendance,Northeast,30.82448689092009,22.68692510167817,3,73.60033333875548,37.81154183613028,Moderate,ok,history
S172073,NR1,Northeast,29.43329224424493,21.66363597158446,1,73.60248996889001,54.159089928961144,Moderate,low,model
S194431,NR14,Southbound,39.67353198731716,29.20182650036079,1,73.60531073889774,58.403653000721576,Moderate,low,model
S64072,NR17,Southeast,14.654948199967777,10.78886226537054,1,73.61924530988286,21.57772453074108,Moderate,low,model
S150167,Kigali-Gatuna Road,Southwest,23.72843404190599,17.4709043513466,1,73.62856023491403,29.118173918911,Moderate,low,model
S165742,NR1,Southeast,19.013306691091916,14.001153829569926,1,73.63871028351804,23.335256382616546,Moderate,low,model
S204255,NR2,Eastbound,26.946580464785438,19.84425296095413,3,73.6429358333135,33.07375493492355,Moderate,ok,model
S238625,NR7,Northbound,27.71127312873159,20.410650043262898,1,73.65468179121923,40.821300086525795,Moderate,low,model
S65390,KN3 Road,Northwest,19.358120064741556,14.258541482788727,4,73.6566434917351,23.76423580464788,Moderate,ok,model
S180649,KN3 Road,Westbound,19.358120064741556,14.26050831618136,4,73.66680374172867,23.767513860302266,Moderate,ok,model
S121755,NR1,Eastbound,27.541798780881383,20.291317073442745,1,73.67462537533429,33.81886178907124,Moderate,low,model
S141570,NR2,Eastbound,26.946580464785438,19.853429604350822,2,73.67699077920426,33.0890493405847,Moderate,ok,model
S253460,KN 3 Road,Westbound,19.358120064741556,14.265411375491434,3,73.69213192077537,23.775685625819055,Moderate,ok,model
S221133,NR1,Northeast,27.54179878088138,20.297680126519253,1,73.69772863422865,33.82946687753209,Moderate,low,model
S79148,NR11,Northbound,35.1592157462575,25.912291117548893,1,73.69985526570544,43.18715186258149,Moderate,low,history
S211581,NR1,Southeast,19.013306691091916,14.01346344742127,1,73.7034524036097,23.355772412368783,Moderate,low,model
S133340,NR2,Southbound,26.946580464785434,19.86127132208775,2,73.70609175454759,33.10211887014625,Moderate,ok,model
S226465,NR2,Southeast,38.538855346690205,28.407742734892814,1,73.7119524680759,47.34623789148803,Moderate,low,model
S199251,KN 3 Road,Westbound,19.358120064741556,14.271473789908576,4,73.72344908585579,23.785789649847626,Moderate,ok,model
S168084,NR17,Southbound,40.78194305907233,30.06892987511583,1,73.73098881424364,60.13785975023166,Moderate,low,model
S146036,NR1,Southbound,26.589748566156633,19.607128759334188,1,73.7394289778659,32.678547932223644,Moderate,low,model
S107903,NR11,Northwest,37.82396640777984,27.894649627693468,1,73.74861041002814,46.491082712822454,Moderate,low,history
S149259,NR11,Northwest,38.795084792013995,28.616617839542723,2,73.76351409710924,47.69436306590454,Moderate,ok,history
S167685,NR11,Northwest,37.276210075485864,27.499127305272932,2,73.77125316545342,45.831878842121554,Moderate,ok,history
S235753,NR2,Eastbound,26.946580464785438,19.88230794364568,3,73.78415962510883,33.137179906076135,Moderate,ok,model
S236565,NR2,Eastbound,38.53885534669021,28.437691622632883,1,73.78966335873587,47.396152704388136,Moderate,low,model
S07001,KN 3 Road,Southwest,19.358120064741556,14.284945731242452,2,73.7930423174755,23.808242885404084,Moderate,ok,model
S244923,NR2,Northwest,9.592190005298077,7.080644576200276,1,73.81676731058712,11.801074293667126,Moderate,low,model
S207089,NR2,Southeast,26.946580464785438,19.892834755433718,3,73.82322510802528,33.154724592389535,Moderate,ok,model
S119843,NR2,Southbound,26.946580464785438,19.895038956155723,1,73.8314049983267,33.15839826025954,Moderate,low,model
S205503,KK 15 Road,Northeast,35.40058191149391,26.138243605488857,1,73.83563261993231,43.563739342481426,Moderate,low,model
S170243,NR2,Eastbound,26.94658046478544,19.898774240971246,1,73.84526681214906,33.16462373495207,Moderate,low,model
S117461,NR1,Eastbound,27.541798780881383,20.341493482783527,1,73.85680813594472,33.90248913797254,Moderate,low,model
S221913,Ruhengeri-Gisenyi Road,Northeast,30.499817367798244,22.52813810404135,1,73.86319017053064,37.54689684006892,Moderate,low,history
S34638,Kigali-Gatuna Road,Westbound,23.728434041905995,17.530825922153024,1,73.88109089370339,29.218043203588373,Moderate,low,model
S199729,KN7 Road,Southbound,28.808537745297695,21.285726758752745,1,73.88686974307514,53.21431689688186,Moderate,low,model
S154843,NR10,Eastbound,13.990533263671983,10.337170351317685,2,73.88689306189156,20.67434070263537,Moderate,ok,model
S216539,KN3 Road,Northwest,19.358120064741556,14.305812745880594,3,73.90083695129508,23.843021243134327,Moderate,ok,model
S204607,KN3 Road,Northwest,19.358120064741556,14.306148208917037,3,73.90256988318785,23.84358034819506,Moderate,ok,model
S188713,NR1,Eastbound,27.541798780881383,20.355541246333456,1,73.90781338676982,33.92590207722243,Moderate,low,model
S235827,NR9,Eastbound,1.598748951187227,1.182014629503884,2,73.93372352964629,2.364029259007768,Moderate,ok,model
S127408,NR10,Northeast,13.990533263671981,10.344121245192278,2,73.93657589916155,20.688242490384553,Moderate,ok,model
S217675,Kigali-Gatuna Road,Northwest,23.728434041905995,17.544361560631973,1,73.9381348539371,29.24060260105329,Moderate,low,model
S84963,NR10,Southeast,13.990533263671983,10.344902365161964,3,73.94215910285338,20.689804730323925,Moderate,ok,model
S174196,NR10,Eastbound,13.990533263671981,10.34638945280192,1,73.95278834486962,20.692778905603838,Moderate,low,model
S145766,KK 15 Road,Westbound,35.400581911493916,26.18051069434798,1,73.9550292133691,43.634184490579976,Moderate,low,model
S198708,NR13,Eastbound,31.734762189341918,23.47246467774983,1,73.96452047664322,46.944929355499674,Moderate,low,model
S251009,NR16,Westbound,27.972903744375092,20.691623856238742,1,73.97023936208089,41.383247712477484,Moderate,low,model
S255946,NR11,Northbound,38.45539703539011,28.445711992529795,3,73.97066259997654,47.40951998754966,Moderate,ok,history
S00980,NR25,Southeast,15.000528048249283,11.096149681318682,1,73.97172716605611,22.192299362637364,Moderate,low,model
S180466,NR10,Southeast,13.990533263671981,10.35018512792238,2,73.97991865540835,20.70037025584476,Moderate,ok,model
S111231,NR17,Southeast,14.654948199967777,10.842467444938475,1,73.98502742549657,21.684934889876956,Moderate,low,model
S174398,KN3 Road,Northwest,19.358120064741556,14.323350602034196,1,73.99143384859165,23.87225100339033,Moderate,low,model
S169774,NR1,Northeast,26.589748566156636,19.67528575936608,1,73.99575708816116,32.792142932276796,Moderate,low,model
S185437,Ruhengeri-Gisenyi Road,Northbound,30.524549919250013,22.592028809236073,1,74.01265168201097,37.65338134872679,Moderate,low,history
S205745,NR2,Eastbound,26.946580464785438,19.946503357271975,3,74.02239175890476,33.24417226211996,Moderate,ok,model
S113000,NR1,Northeast,26.589748566156633,19.69298312152753,1,74.06231417544396,32.82163853587922,Moderate,low,model
S97090,NR16,Northeast,27.972903744375085,20.719538021593483,1,74.0700293789123,41.43907604318697,Moderate,low,model
S209346,NR11,Southwest,39.93679000379662,29.584200757234857,3,74.07756295491555,49.307001262058094,Moderate,ok,history
S158716,Avenue de l'Indépendance,Southeast,29.598841394102088,21.932058867425233,3,74.09769380971598,36.553431445708725,Moderate,ok,history
S225682,NR2,Northeast,32.590939066405895,24.15388257613859,1,74.11226331012948,40.256470960230985,Moderate,low,model
S210361,KK 15 Road,Northeast,35.40058191149391,26.238167778753862,1,74.11789965586645,43.73027963125644,Moderate,low,model
S105823,KN 3 Road,Southbound,19.358120064741556,14.352240594270818,3,74.14067350688492,23.920400990451363,Moderate,ok,model
S204297,KN3 Road,Westbound,19.358120064741556,14.353363341994807,3,74.14647338683315,23.922272236658014,Moderate,ok,model
S173597,NR1,Eastbound,27.54179878088138,20.42271948750739,1,74.15172716200432,34.037865812512315,Moderate,low,model
S125013,Avenue de l'Indépendance,Northeast,33.606329394377994,24.930066537854557,1,74.18265245601357,41.55011089642427,Moderate,low,history
S171586,NR2,Eastbound,32.590939066405895,24.1794075243895,1,74.19058246564353,40.299012540649166,Moderate,low,model
S189258,NR11,Northbound,37.91115696445201,28.129563201413962,3,74.198640858653,46.882605335689945,Moderate,ok,history
S103590,Kigali-Gatuna Road,Southbound,23.728434041905995,17.612056242318303,1,74.22342414680311,29.353427070530508,Moderate,low,model
S227957,Kigali-Gatuna Road,Northwest,23.72843404190599,17.612191355359293,1,74.22399356086876,29.353652258932154,Moderate,low,model
S40237,NR17,Southwest,14.65494819996778,10.878286686100623,1,74.22944481048756,21.756573372201245,Moderate,low,model
S161700,NR25,Southwest,15.00052804824928,11.134859842788556,3,74.22978582469376,22.269719685577112,Moderate,ok,model
S114563,KN 3 Road,Southwest,19.35812006474156,14.370751141418234,3,74.23629512244216,23.951251902363722,Moderate,ok,model
S108255,NR2,Southwest,38.53885534669021,28.61013392600526,1,74.23711386503946,47.68355654334209,Moderate,low,model
S131499,NR2,Southbound,26.946580464785438,20.006607997698733,2,74.24544284512812,33.34434666283123,Moderate,ok,model
S215231,NR1,Northbound,42.21017537319977,31.33937674850977,1,74.24602355101295,52.23229458084962,Moderate,low,model
S231001,NR11,Northbound,38.68903911435801,28.729853039480567,3,74.25837833439121,47.88308839913428,Moderate,ok,history
S244538,NR11,Westbound,39.68998724070771,29.473504447704272,1,74.25929433777952,49.122507412840456,Moderate,low,history
S43158,NR10,Eastbound,13.99053326367198,10.389985787387015,1,74.26440144612502,20.77997157477403,Moderate,low,model
S213985,African Union Boulevard,Southwest,17.332280655043622,12.871957956458257,1,74.26580617197986,21.453263260763762,Moderate,low,model
S131395,NR10,Eastbound,13.990533263671981,10.391799364658734,2,74.2773643349409,20.783598729317468,Moderate,ok,model
S29367,NR11,Northeast,39.588556228208105,29.40641742974428,1,74.28009564236463,49.010695716240456,Moderate,low,history
S145000,Kigali-Gatuna Road,Southwest,23.728434041906,17.630916691515836,1,74.30290873969373,29.38486115252639,Moderate,low,model
S211521,NR25,Southwest,15.000528048249281,11.146149152960318,3,74.30504524313189,22.292298305920635,Moderate,ok,model
S256220,NR2,Southeast,26.946580464785438,20.022842398557454,2,74.30568945370963,33.371403997595756,Moderate,ok,model
S165759,trunk (OSM way 507295266),Westbound,50.430330283008296,37.48607818313817,1,74.33240665443057,46.85759772892271,Moderate,low,model
S135800,NR17,Southbound,14.654948199967777,10.893908461376055,1,74.33604208440674,21.787816922752107,Moderate,low,model
S187491,NR4,Westbound,25.215165141504144,18.744291811797464,1,74.33737477667506,46.86072952949366,Moderate,low,model
S183724,Ruhengeri-Gisenyi Road,Northbound,31.828786664298672,23.661439166381744,1,74.33974601652666,39.43573194396957,Moderate,low,history
S196164,NR16,Northeast,27.97290374437509,20.79812788057736,1,74.35097932855662,41.59625576115472,Moderate,low,model
S240374,NR24,Southwest,29.411287412001748,21.870162298619434,1,74.35975852486813,54.675405746548584,Moderate,low,model
S172552,KN 3 Road,Southwest,19.358120064741556,14.395719878093013,3,74.36527839453302,23.992866463488358,Moderate,ok,model
S136700,Avenue de l'Indépendance,Northeast,29.347647927707655,21.82781131380602,2,74.37669747018458,36.37968552301003,Moderate,ok,history
S232755,Ruhengeri-Gisenyi Road,Northbound,29.32091493218494,21.809209100540116,2,74.38106604443169,36.348681834233524,Moderate,ok,history
S235495,NR1,Northeast,29.433292244244925,21.893969212026878,1,74.38505020214922,54.73492303006719,Moderate,low,model
S48248,NR7,Northwest,27.711273128731587,20.613794093629252,1,74.38775547362518,41.22758818725851,Moderate,low,model
S170347,KN3 Road,Northbound,19.358120064741556,14.404400133164733,1,74.41011877698075,24.00733355527456,Moderate,low,model
S220551,NR2,Northeast,32.590939066405895,24.255221366091913,1,74.42320491800042,40.425368943486525,Moderate,low,model
S195606,KK 15 Road,Northeast,35.400581911493916,26.357171359294966,1,74.45406243657617,43.92861893215828,Moderate,low,model
S86077,NR1,Northbound,44.149938366367394,32.87229755163488,1,74.45604403533298,54.78716258605814,Moderate,low,model
S67278,NR13,Northwest,31.734762189341932,23.628928109291998,1,74.45755530894677,47.25785621858399,Moderate,low,model
S208534,KN 3 Road,Westbound,19.35812006474156,14.413612431427795,3,74.45770758329174,24.02268738571299,Moderate,ok,model
S212739,NR1,Southeast,19.01330669109192,14.158727912276664,1,74.46746713926561,23.597879853794442,Moderate,low,model
S210212,NR11,Northeast,39.168335212801765,29.171404126918148,1,74.47700794131218,48.61900687819691,Moderate,low,history
S146630,NR10,Eastbound,13.990533263671981,10.420205925583284,2,74.48040563714994,20.840411851166568,Moderate,ok,model
S205714,NR2,Southeast,26.946580464785438,20.071794754188613,2,74.48735389790556,33.45299125698102,Moderate,ok,model
S145420,Avenue de l'Indépendance,Northeast,30.319643391236426,22.585786426397878,1,74.49225617517013,37.64297737732979,Moderate,low,history
S216155,NR2,Southeast,38.538855346690205,28.71113347987423,1,74.49918587771445,47.85188913312371,Moderate,low,model
S234571,NR4,Northwest,25.215165141504148,18.78929628518538,1,74.51585654800337,46.97324071296345,Moderate,low,model
S212428,NR16,Eastbound,27.972903744375092,20.847982345669912,1,74.5292034612678,41.695964691339825,Moderate,low,model
S247916,NR11,Westbound,40.13111955774191,29.910638125160848,2,74.53227932533626,49.85106354193475,Moderate,ok,history
S109219,Ruhengeri-Gisenyi Road,Northeast,31.757090601295957,23.67066091266716,1,74.53661675072085,39.45110152111192,Moderate,low,history
S73931,NR11,Northwest,40.765486517132295,30.387536862679006,2,74.54231375334672,50.64589477113168,Moderate,ok,history
S111084,Ruhengeri-Gisenyi Road,Northeast,31.178367795803126,23.245557915120575,1,74.55668644158347,38.74259652520096,Moderate,low,history
S251554,KK 15 Road,Northbound,35.400581911493916,26.396356822626423,1,74.5647540162497,43.9939280377107,Moderate,low,model
S163655,NR1,Eastbound,27.541798780881383,20.536647827301866,1,74.5653832950001,34.22774637883644,Moderate,low,model
S22408,NR11,Westbound,41.9529757789027,31.291131121408288,1,74.58620167092883,52.151885202347145,Moderate,low,history
S95082,NR17,Southeast,14.654948199967778,10.930637784572788,1,74.5866695359375,21.861275569145576,Moderate,low,model
S141201,NR1,Northbound,26.589748566156633,19.83645341498979,1,74.60188412701872,33.06075569164965,Moderate,low,model
S131765,NR2,Northeast,32.590939066405895,24.318209412580686,1,74.61647350213184,40.53034902096781,Moderate,low,model
S135494,NR1,Northeast,26.589748566156636,19.840728109042534,1,74.61796060116102,33.06788018173756,Moderate,low,model
S141081,NR13,Northbound,31.73476218934193,23.682557876697327,1,74.62654906754297,47.365115753394655,Moderate,low,model
S168686,Ruhengeri-Gisenyi Road,Northbound,29.96488007175176,22.3620550514982,3,74.62754730855463,37.270091752497,Moderate,ok,history
S95456,NR10,Eastbound,13.990533263671983,10.441819509175968,2,74.63489284064207,20.883639018351936,Moderate,ok,model
S163449,NR11,Northbound,39.8069279402283,29.710615812102013,2,74.63679653128143,49.51769302017002,Moderate,ok,history
S194450,NR2,Southeast,26.946580464785434,20.11272188302063,3,74.63923635618445,33.52120313836772,Moderate,ok,model
S184334,NR10,Eastbound,13.990533263671981,10.445071055306274,2,74.65813388563318,20.890142110612548,Moderate,ok,model
S193240,Kigali-Gatuna Road,Northwest,23.728434041906,17.715916788370208,1,74.66112916293893,29.52652798061702,Moderate,low,model
S193681,NR1,Northeast,26.589748566156633,19.852451443505384,1,74.66205027893169,33.08741907250897,Moderate,low,model
S168485,KN3 Road,Northwest,19.358120064741556,14.453403363903305,1,74.66325921920698,24.08900560650551,Moderate,low,model
S162950,NR11,Northbound,40.00932993075736,29.8729187808114,2,74.66488149766901,49.788197968019,Moderate,ok,history
S119544,trunk (OSM way 507295266),Westbound,50.43033028300828,37.654537990737666,1,74.66645127927069,47.068172488422086,Moderate,low,model
S223643,NR2,Southeast,26.946580464785438,20.1288451561738,2,74.69907056473734,33.548075260289664,Moderate,ok,model
S192562,NR11,Northbound,38.093466144955514,28.459546973272133,2,74.70978583302495,47.43257828878689,Moderate,ok,history
S146239,NR11,Southwest,40.349396209854504,30.145719235733267,3,74.7116984822955,50.242865392888774,Moderate,ok,history
S102323,Ruhengeri-Gisenyi Road,Northeast,32.18729178631794,24.052552410313798,1,74.72685981160419,40.087587350522995,Moderate,low,history
S14513,KK 15 Road,Westbound,35.40058191149391,26.45415462599805,1,74.72802196341546,44.09025770999675,Moderate,low,model
S208025,Kigali-Gatuna Road,Southwest,23.728434041905995,17.73431491678428,1,74.73866537279409,29.557191527973803,Moderate,low,model
S156065,KN 3 Road,Southwest,19.35812006474156,14.468036475840266,3,74.73885081533315,24.113394126400447,Moderate,ok,model
S195038,NR2,Southwest,38.53885534669021,28.806071579874722,1,74.74552972769763,48.01011929979119,Moderate,low,model
S99181,NR17,Southeast,14.654948199967778,10.956963228956402,1,74.7663047282589,21.913926457912805,Moderate,low,model
S71785,NR11,Northbound,38.939735795116654,29.118684102721225,1,74.77884353384066,48.53114017120205,Moderate,low,history
S129535,NR2,Northwest,9.592190005298079,7.173772371083882,1,74.78763835079971,11.956287285139805,Moderate,low,model
S153667,Avenue de l'Indépendance,Northeast,30.842885112682012,23.066807922666065,1,74.78810052429704,38.44467987111011,Moderate,low,history
S54304,NR11,Northeast,38.73812647115204,28.972772598323395,1,74.79136250923021,48.287954330538994,Moderate,low,history
S136820,NR10,Northeast,13.990533263671981,10.46383553787899,2,74.79225659717729,20.92767107575798,Moderate,ok,model
S217845,NR14,Southwest,39.673531987317155,29.674445104112625,1,74.79658003123835,59.34889020822525,Moderate,low,model
S42641,KK 15 Road,Northwest,35.40058191149391,26.481665678836933,1,74.80573552447406,44.13610946472822,Moderate,low,model
S235732,Ruhengeri-Gisenyi Road,Eastbound,30.862049391971837,23.091532491898775,2,74.82177284670405,38.48588748649795,Moderate,ok,history
S47304,NR23,Southeast,25.889102106704737,19.371274308039293,1,74.82404846718318,38.74254861607859,Moderate,low,model
S195877,NR11,Northeast,36.78419232204909,27.53159036138185,1,74.84625493565325,45.88598393563642,Moderate,low,history
S245628,NR2,Northwest,9.592190005298079,7.1795894575160375,1,74.84828233751121,11.965982429193396,Moderate,low,model
S213490,KK 3 Rd,Northwest,16.717947994209347,12.514608348176163,1,74.85732311472012,15.643260435220203,Moderate,low,model
S233984,NR16,Southeast,27.972903744375092,20.94148498640156,1,74.86346493653724,41.88296997280312,Moderate,low,model
S185135,NR16,Eastbound,27.972903744375092,20.942505126638196,1,74.86711182370334,41.8850102532764,Moderate,low,model
S214392,KK 15 Road,Northeast,35.40058191149391,26.51025275688893,1,74.88648865481375,44.183754594814886,Moderate,low,model
S249476,NR2,Eastbound,32.590939066405895,24.411994890940242,1,74.90423900090578,40.686658151567066,Moderate,low,model
S99758,NR23,Westbound,9.817932236345337,7.356411749398732,1,74.92832067190055,14.712823498797464,Moderate,low,model
S139884,NR10,Eastbound,13.990533263671981,10.48413571148757,1,74.9373559527629,20.96827142297514,Moderate,low,model
S231630,NR17,Southbound,14.654948199967778,10.982051255664619,1,74.93749623549516,21.964102511329237,Moderate,low,model
S61012,NR2,Southbound,26.946580464785438,20.193581630725024,2,74.93931060052157,33.655969384541706,Moderate,ok,model
S47509,KK 3 Rd,Westbound,16.717947994209343,12.52963739935816,1,74.94722081739994,15.6620467491977,Moderate,low,model
S226425,Kigali-Gatuna Road,Northwest,23.728434041906,17.784721604572923,1,74.95109695466594,29.641202674288202,Moderate,low,model
S154307,NR23,Southwest,9.817932236345339,7.359354075999414,2,74.95828957502447,14.718708151998829,Moderate,ok,model
S217118,NR1,Southeast,27.541798780881383,20.646636901563536,1,74.96473656577491,34.41106150260589,Moderate,low,model
S141483,NR23,Southeast,25.88910210670474,19.408012504753177,1,74.96595449606924,38.816025009506355,Moderate,low,model
S218511,NR2,Southeast,26.946580464785438,20.205371151832043,1,74.98306205582189,33.67561858638674,Moderate,low,model
S249492,NR2,Eastbound,32.590939066405895,24.44018910198265,1,74.99074835549959,40.733648503304416,Moderate,low,model
S253758,NR11,Northeast,39.20198502521912,29.398791938667273,1,74.99312067936015,48.997986564445455,Moderate,low,history
S149928,NR11,Eastbound,41.11300761599417,30.833727313609092,1,74.99749860580344,51.38954552268182,Moderate,low,history
S184784,Kigali-Gatuna Road,Westbound,23.728434041905995,17.802646984621333,1,75.02664083597203,29.671078307702224,Free,low,model
S185030,KK 15 Road,Northeast,35.40058191149391,26.567209877107672,1,75.04738182985007,44.27868312851278,Free,low,model
S206126,NR2,Southbound,26.946580464785438,20.22343361733784,1,75.05009269642358,33.70572269556307,Free,low,model
S68435,NR23,Westbound,9.817932236345339,7.369127065994335,2,75.05783181833657,14.73825413198867,Free,ok,model
S219753,NR2,Northeast,32.590939066405895,24.463912834523686,1,75.06354077333295,40.77318805753948,Free,low,model
S208421,Avenue de l'Indépendance,Southeast,29.43527721582494,22.097556633461398,3,75.07167835192445,36.829261055769,Free,ok,history
S247630,NR1,Southbound,19.013306691091916,14.274776809426017,1,75.07782334418458,23.791294682376694,Free,low,model
S173433,NR11,Northbound,39.03458056505392,29.312214304273475,2,75.09294036200177,48.85369050712246,Free,ok,history
S159885,NR11,Northeast,37.07123009016658,27.84020525877104,2,75.09922166342103,46.40034209795173,Free,ok,history
S143010,NR11,Westbound,39.546565832698406,29.70000588824443,1,75.10135270377253,49.50000981374072,Free,low,history
S112892,NR7,Northwest,27.71127312873159,20.814560727080256,1,75.11224991499691,41.62912145416051,Free,low,model
S215887,KK 15 Road,Westbound,35.40058191149391,26.59387654460729,1,75.12271016079754,44.323127574345484,Free,low,model
S172527,NR 19,Northbound,10.448462013253687,7.849791597225369,1,75.12868006093193,15.699583194450739,Free,low,model
S114436,NR1,Southbound,26.58974856615663,19.978203420373298,1,75.13498433678876,33.297005700622165,Free,low,model
S107106,NR10,Eastbound,13.990533263671978,10.513072511037304,2,75.14418723649155,21.02614502207461,Free,ok,model
S221235,KN 3 Road,Westbound,19.358120064741556,14.549944444009164,1,75.16197024994233,24.24990740668194,Free,low,model
S227238,Ruhengeri-Gisenyi Road,Northeast,31.103295114718648,23.384870937891776,3,75.18454508321733,38.97478489648629,Free,ok,history
S203578,NR1,Northbound,42.21017537319977,31.7359835275559,1,75.18562348287665,52.893305879259835,Free,low,model
S99605,NR10,Eastbound,13.990533263671978,10.519134427493888,2,75.18751593842407,21.038268854987777,Free,ok,model
S209497,Kigali-Gatuna Road,Northwest,23.728434041906,17.841283041608985,1,75.18946682322184,29.735471736014976,Free,low,model
S136428,NR2,Southeast,26.946580464785434,20.261106023271314,1,75.18989672826616,33.76851003878553,Free,low,model
S148507,NR11,Northwest,38.56190665922704,29.010854826852917,1,75.23189940586414,48.35142471142152,Free,low,history
S155664,NR13,Eastbound,31.734762189341925,23.88069706698615,1,75.25090915918837,47.761394133972296,Free,low,model
S89183,NR1,Southbound,19.013306691091916,14.308322704577353,1,75.25425712130897,23.847204507628927,Free,low,model
S64582,NR1,Southeast,19.013306691091916,14.31150715235024,1,75.2710056428819,23.85251192058373,Free,low,model
S80804,NR2,Southbound,26.946580464785438,20.283385466132614,1,75.27257676587024,33.805642443554355,Free,low,model
S199497,NR2,Southeast,26.94658046478544,20.284310960773535,3,75.27601131906755,33.807184934622555,Free,ok,model
S101094,NR16,Northwest,27.97290374437509,21.057011592686013,1,75.27645962361075,42.11402318537203,Free,low,model
S192461,Avenue de l'Indépendance,Northeast,29.694788186360327,22.353233543140526,2,75.27662229093795,37.255389238567545,Free,ok,history
S150774,NR11,Northwest,39.2487539070066,29.556235727210424,2,75.30490215622899,49.26039287868404,Free,ok,history
S202633,NR4,Westbound,25.215165141504148,18.993380311165467,1,75.325226722003,47.48345077791367,Free,low,model
S160750,Kigali-Gatuna Road,Northwest,23.728434041906,17.87442315403873,1,75.32913095938528,29.790705256731215,Free,low,model
S121125,NR11,Westbound,39.39839210332207,29.68158358473805,1,75.33704296078444,49.46930597456341,Free,low,history
S189941,NR10,Northeast,13.990533263671981,10.540430101445738,3,75.33973082223513,21.080860202891476,Free,ok,model
S172017,NR10,Eastbound,13.99053326367198,10.540788359414247,1,75.3422915392697,21.08157671882849,Free,low,model
S152440,NR7,Northwest,27.711273128731587,20.87967837061511,1,75.34723602780507,41.75935674123022,Free,low,model
S105237,Kigali-Gatuna Road,Southwest,23.72843404190599,17.88008743433175,1,75.35300223670187,29.800145723886253,Free,low,model
S195179,Avenue de l'Indépendance,Northeast,30.009265146338976,22.616599544670986,2,75.36538943683574,37.69433257445164,Free,ok,history
S216976,NR1,Southeast,19.013306691091916,14.332010643841109,1,75.37884323170319,23.886684406401848,Free,low,model
S175352,KK 15 Road,Northbound,35.40058191149391,26.691435500795343,1,75.39829590238779,44.48572583465891,Free,low,model
S73802,NR2,Eastbound,32.590939066405895,24.577195918186792,1,75.41113150532226,40.96199319697799,Free,low,model
S178925,KN 3 Road,Westbound,19.358120064741556,14.602020303560128,2,75.43098325005184,24.336700505933546,Free,ok,model
S00819,NR25,Southeast,15.000528048249281,11.318075570265371,1,75.45118101083321,22.636151140530743,Free,low,model
S227402,Avenue de l'Indépendance,Northbound,30.684484317797374,23.15587004633162,1,75.46442627651048,38.593116743886036,Free,low,history
S238842,KK 15 Road,Northwest,35.40058191149391,26.715453393895864,1,75.4661419427737,44.525755656493104,Free,low,model
S140033,NR1,Northeast,26.589748566156633,20.066987698075806,1,75.4688885009504,33.44497949679301,Free,low,model
S212269,NR11,Northbound,37.34195885100996,28.19235616279807,3,75.4977966616113,46.987260271330115,Free,ok,history
S125439,NR2,Southeast,26.946580464785438,20.345245210452234,1,75.50214112339776,33.90874201742039,Free,low,model
S173121,NR2,Southbound,26.946580464785434,20.34995083383322,1,75.51960390828484,33.916584723055365,Free,low,model
S208797,NR1,Southbound,19.013306691091916,14.36464880439587,1,75.5505028019454,23.94108134065978,Free,low,model
S244492,NR11,Northwest,38.94452679953611,29.426990360254273,4,75.56129905423525,49.044983933757116,Free,ok,history
S166971,NR23,Southbound,25.889102106704737,19.562532140985265,1,75.56280654445322,39.12506428197053,Free,low,model
S97008,NR21,Northbound,5.9230909775636915,4.4756883330475095,1,75.56338995975489,8.951376666095022,Free,low,model
S218023,KN3 Road,Northbound,19.358120064741556,14.628204471172516,1,75.56624518419017,24.380340785287526,Free,low,model
S162211,NR11,Northwest,38.69706611958948,29.244022858816095,3,75.57167969385668,48.74003809802683,Free,ok,history
S234114,Ruhengeri-Gisenyi Road,Northbound,31.847704519050865,24.070914208655328,1,75.58131605452579,40.118190347758876,Free,low,history
S62475,NR11,Northwest,37.38037780076361,28.262286066084794,1,75.60727774535079,47.103810110141325,Free,low,history
S233713,NR2,Southeast,26.946580464785434,20.374159473924976,1,75.60944328557946,33.95693245654163,Free,low,model
S91518,Avenue de l'Indépendance,Eastbound,31.16602109691423,23.5668922431466,2,75.61726333259774,39.278153738577664,Free,ok,history
S203748,NR2,Northeast,32.590939066405895,24.645038446565046,1,75.61929527820409,41.07506407760841,Free,low,model
S166626,NR2,Northbound,32.590939066405895,24.65194159154235,1,75.64047645670048,41.08656931923725,Free,low,model
S210175,NR1,Northeast,26.589748566156633,20.114180272550808,1,75.64637259545991,33.52363378758468,Free,low,model
S98430,NR9,Eastbound,1.5987489511872273,1.2095960843576206,2,75.65891339346163,2.4191921687152407,Free,ok,model
S214406,NR2,Southeast,38.53885534669021,29.16972646738063,1,75.6891355619512,48.61621077896772,Free,low,model
S236885,NR2,Southwest,26.946580464785438,20.40361120919481,3,75.71874003033088,34.00601868199135,Free,ok,model
S219325,NR11,Northeast,39.73483013812002,30.088400889599136,1,75.72298858460078,50.147334815998555,Free,low,history
S235987,NR14,Southwest,39.673531987317155,30.048915454806163,1,75.7404595699022,60.09783090961233,Free,low,model
S200204,KK 15 Road,Northeast,35.400581911493916,26.815021492617873,1,75.7474031349511,44.69170248769646,Free,low,model
S65011,NR17,Southeast,14.65494819996778,11.101163402119878,1,75.75027390505744,22.202326804239757,Free,low,model
S183175,NR1,Northwest,42.21017537319977,31.97638605908442,1,75.75516039998966,53.2939767651407,Free,low,model
S135543,NR10,Eastbound,13.99053326367198,10.601667885665009,1,75.777439543305,21.203335771330018,Free,low,model
S155444,KN 3 Road,Southwest,19.358120064741556,14.669363089504866,2,75.7788619992254,24.448938482508108,Free,ok,model
S79088,NR11,Northwest,38.77421672472493,29.39289716844509,2,75.80526352632235,48.98816194740848,Free,ok,history
S25898,NR22,Southwest,2.952801998422418,2.2388408888178066,1,75.82089452709471,4.477681777635613,Free,low,model
S240011,NR1,Southeast,19.013306691091916,14.41673392569327,1,75.8244431645747,24.027889876155452,Free,low,model
S211638,NR2,Eastbound,26.946580464785438,20.43395995202921,3,75.83136561142848,34.05659992004868,Free,ok,model
S241815,NR11,Northbound,37.0170752180709,28.071155026458467,2,75.8329902108386,46.78525837743078,Free,ok,history
S172167,NR11,Northbound,41.33656079536528,31.357627030082934,1,75.8593033061396,52.262711716804894,Free,low,history
S129994,NR2,Eastbound,26.946580464785438,20.4416430209231,2,75.85987783361537,34.069405034871835,Free,ok,model
S186345,NR1,Northbound,26.589748566156633,20.171393591603177,1,75.86154318614835,33.618989319338624,Free,low,model
S199276,NR2,Southwest,26.946580464785438,20.444663325286427,3,75.8710863220812,34.07443887547738,Free,ok,model
S142127,NR10,Eastbound,13.990533263671983,10.614861589567807,1,75.87174405374887,21.22972317913561,Free,low,model
S228425,NR1,Eastbound,26.589748566156636,20.176607662999917,1,75.88115251560014,33.627679438333196,Free,low,model
S179520,NR2,Eastbound,26.946580464785438,20.449078006247888,3,75.88746940626224,34.081796677079815,Free,ok,model
S115790,NR1,Southbound,19.013306691091916,14.429175051684105,1,75.8898769483608,24.048625086140177,Free,low,model
S147949,NR23,Southwest,9.817932236345337,7.4511323565685625,2,75.89309212162783,14.902264713137123,Free,ok,model
S199646,NR1,Northeast,42.21017537319977,32.03621121445574,1,75.89689199632248,53.39368535742623,Free,low,model
S190121,NR2,Northeast,32.590939066405895,24.740249798595705,1,75.91143583861158,41.233749664326176,Free,low,model
S205424,NR11,Northbound,39.08698290035354,29.67623644876903,2,75.92357927554599,49.46039408128171,Free,ok,history
S179564,trunk (OSM way 507295266),Westbound,50.43033028300829,38.28970004562579,1,75.92593550498103,47.86212505703224,Free,low,model
S38407,NR2,Eastbound,10.525424641488408,7.992059328070167,1,75.93099186295636,13.320098880116944,Free,low,model
S193494,NR11,Westbound,37.92106499580311,28.796852318847804,1,75.93893347150161,47.99475386474634,Free,low,history
S159291,NR1,Southeast,27.54179878088138,20.91521428166733,1,75.93989938008693,34.85869046944554,Free,low,model
S244051,NR2,Northwest,9.592190005298079,7.28447638043955,1,75.94174402733991,12.140793967399249,Free,low,model
S187576,KK 3 Rd,Northwest,16.717947994209343,12.696826679727732,1,75.94727943959137,15.871033349659664,Free,low,model
S206942,Avenue de l'Indépendance,Northeast,31.171222312090208,23.67641449714162,3,75.95600281596396,39.46069082856937,Free,ok,history
S201034,KK 15 Road,Northwest,35.40058191149391,26.895975273680154,1,75.97608237323222,44.82662545613359,Free,low,model
S23921,NR1,Southeast,19.013306691091916,14.44574670760058,1,75.97703514859242,24.076244512667635,Free,low,model
S241509,KK 15 Road,Northbound,35.40058191149391,26.89729724784249,1,75.97981670213575,44.828828746404156,Free,low,model
S173484,NR13,Northeast,31.734762189341932,24.1140189058204,2,75.98613394972614,48.22803781164081,Free,ok,model
S200699,NR1,Northeast,29.433292244244928,22.36952451109402,1,76.00075562552102,55.92381127773505,Free,low,model
S214175,NR2,Eastbound,38.53885534669021,29.29036634085809,1,76.00216995903486,48.81727723476349,Free,low,model
S151434,NR11,Northeast,35.75986431306313,27.17911214854283,1,76.00451699313149,45.29852024757138,Free,low,history
S238729,NR2,Southeast,38.53885534669021,29.299042439519592,1,76.02468255984631,48.831737399199326,Free,low,model
S98961,NR2,Southbound,26.946580464785438,20.494490482597545,3,76.05599719556376,34.15748413766257,Free,ok,model
S99734,NR11,Northeast,39.254305964774744,29.858233761292233,2,76.06358850946397,49.76372293548705,Free,ok,history
S106352,NR10,Southbound,13.990533263671981,10.642842003226981,1,76.07173938724935,21.285684006453963,Free,low,model
S99123,NR4,Northwest,25.215165141504144,19.19294127871601,1,76.11665904628339,47.98235319679002,Free,low,model
S218114,NR11,Northeast,38.10483608825332,29.00653152275211,1,76.1229662701371,48.34421920458684,Free,low,history
S57566,NR1,Southbound,19.01330669109192,14.473854453481561,1,76.1248671187891,24.1230907558026,Free,low,model
S225975,Avenue de l'Indépendance,Eastbound,28.453342085210622,21.660390739257018,2,76.12599839551214,36.10065123209503,Free,ok,history
S247220,Avenue de l'Indépendance,Eastbound,29.716471180295166,22.622090347370932,3,76.12643577401451,37.70348391228489,Free,ok,history
S207220,Kigali-Gatuna Road,Southbound,23.728434041905995,18.06495892221541,1,76.13211596817341,30.10826487035902,Free,low,model
S07173,NR7,Northbound,27.711273128731587,21.099466477401446,1,76.14037211276703,42.19893295480289,Free,low,model
S30426,NR11,Northwest,36.59121759950041,27.861965281062535,1,76.14385939822604,46.436608801770895,Free,low,history
S242178,Kigali-Gatuna Road,Southwest,23.728434041905995,18.07043901820994,1,76.15521102781726,30.11739836368323,Free,low,model
S85150,NR13,Northwest,31.73476218934193,24.168501464150875,2,76.15781495368455,48.33700292830176,Free,ok,model
S232887,KK 15 Road,Westbound,35.40058191149391,26.960448802777037,1,76.15820799268693,44.934081337961736,Free,low,model
S132895,NR1,Southbound,26.589748566156633,20.257126754519025,1,76.18397257167842,33.76187792419837,Free,low,model
S123817,NR10,Eastbound,13.99053326367198,10.65857476852328,1,76.18419232238624,21.31714953704656,Free,low,model
S239309,NR2,Southbound,26.946580464785438,20.533650956751504,1,76.20132351704316,34.222751594585844,Free,low,model
S241846,Avenue de l'Indépendance,Eastbound,29.98013567011164,22.853303384291944,3,76.2281519862343,38.08883897381991,Free,ok,history
S143358,NR17,Southeast,14.654948199967778,11.171541831733434,1,76.23051053676188,22.343083663466867,Free,low,model
S91486,NR1,Eastbound,27.541798780881383,20.995390502584797,1,76.23100680395324,34.99231750430799,Free,low,model
S245000,KK 15 Road,Northbound,13.914115833213758,10.608086674808522,1,76.23974675765194,17.6801444580142,Free,low,model
S171533,NR2,Southeast,26.946580464785434,20.546615740518266,1,76.24943642615128,34.244359567530445,Free,low,model
S181444,KN3 Road,Northbound,19.358120064741556,14.761668148770314,1,76.25569063215433,24.602780247950523,Free,low,model
S115269,NR1,Northeast,26.589748566156633,20.277711194075806,1,76.26138751791443,33.796185323459675,Free,low,model
S186372,NR17,Southeast,40.78194305907234,31.100926124876853,1,76.26151132580269,62.20185224975371,Free,low,model
S168117,NR7,Northwest,27.711273128731587,21.13466738190265,1,76.26739949378153,42.2693347638053,Free,low,model
S186144,NR11,Westbound,39.35946355918166,30.01845598150925,1,76.26744184755697,50.030759969182085,Free,low,history
S170331,NR11,Westbound,39.07152676499858,29.801084947809063,1,76.2731518710596,49.6684749130151,Free,low,history
S147827,NR7,Northwest,27.711273128731587,21.1372961009748,1,76.27688559375224,42.2745922019496,Free,low,model
S75712,NR1,Northbound,26.589748566156636,20.288239765105953,1,76.30098387214075,33.813732941843256,Free,low,model
S235181,Ruhengeri-Gisenyi Road,Northeast,30.658709822960795,23.39313703861171,3,76.30176603547817,38.98856173101951,Free,ok,history
S250260,NR11,Northeast,39.2292295399871,29.934772733400212,1,76.30731748857603,49.89128788900036,Free,low,history
S102072,NR11,Northwest,37.73350057219285,28.797818631162798,2,76.31896907117313,47.99636438527133,Free,ok,history
S109169,Avenue de l'Indépendance,Eastbound,31.612417759882344,24.126380096014778,2,76.31931312331415,40.21063349335796,Free,ok,history
S234113,NR2,Eastbound,38.53885534669021,29.413415349817594,1,76.32145554199411,49.02235891636265,Free,low,model
S199432,NR7,Southeast,38.2111844563645,29.177977290087703,1,76.35978236531159,58.3559545801754,Free,low,model
S143814,NR10,Southbound,13.99053326367198,10.683441977997981,1,76.36193543629078,21.366883955995963,Free,low,model
S117799,NR16,Northwest,27.972903744375092,21.36808294175967,1,76.38850487967827,42.73616588351934,Free,low,model
S208669,NR11,Northbound,40.185249935752765,30.699584150465213,2,76.39515543525793,51.165973584108684,Free,ok,history
S208423,NR10,Southbound,13.99053326367198,10.688379769041331,1,76.39722923782277,21.37675953808266,Free,low,model
S155283,NR1,Eastbound,26.589748566156633,20.322943716205604,1,76.43150015368178,33.871572860342674,Free,low,model
S92593,NR17,Southwest,14.65494819996778,11.203926022383977,1,76.45148839494777,22.40785204476795,Free,low,model
S232076,NR2,Eastbound,26.946580464785438,20.60206329989489,3,76.45520487031094,34.336772166491485,Free,ok,model
S136001,NR13,Southbound,31.734762189341936,24.263131106235875,1,76.45600418075483,48.52626221247175,Free,low,model
S191187,NR2,Eastbound,38.538855346690205,29.468643705587116,1,76.46476118839358,49.11440617597852,Free,low,model
S120320,NR16,Northbound,27.972903744375092,21.38949857744733,1,76.46506338030215,42.77899715489466,Free,low,model
S64784,NR2,Southbound,26.946580464785438,20.60645234639508,2,76.4714928238267,34.3440872439918,Free,ok,model
S114065,NR11,Northwest,37.74443777837506,28.864911637194716,2,76.47461013111793,48.10818606199119,Free,ok,history
S137174,NR2,Northeast,32.590939066405895,24.9261883148372,1,76.48195795785041,41.54364719139533,Free,low,model
S169116,Kigali-Gatuna Road,Southwest,23.728434041905995,18.149985390476175,1,76.49044752983737,30.249975650793623,Free,low,model
S212433,KK 3 Rd,Northwest,16.717947994209343,12.790750214868176,1,76.50909202073457,15.98843776858522,Free,low,model
S179878,Avenue de l'Indépendance,Eastbound,7.392860377755128,5.656832307219866,1,76.51750497332652,9.428053845366446,Free,low,history
S163628,NR1,Southeast,27.54179878088138,21.08110753503435,1,76.54223205518504,35.13517922505725,Free,low,model
S137641,NR2,Southeast,26.946580464785434,20.62576045312255,1,76.5431460963178,34.37626742187092,Free,low,model
S191902,NR23,Southeast,25.88910210670473,19.826507891175023,1,76.58244696729122,39.653015782350046,Free,low,model
S27326,NR25,Southbound,15.000528048249281,11.488746556614347,1,76.58894753345169,22.97749311322869,Free,low,model
S157517,NR1,Northeast,42.21017537319977,32.33282852149235,1,76.59960716965233,53.88804753582058,Free,low,model
S112715,NR10,Eastbound,13.990533263671981,10.720782954435093,1,76.62883717429722,21.44156590887018,Free,low,model
S230039,NR1,Northbound,44.149938366367394,33.834155977352225,1,76.63466185748169,56.3902599622537,Free,low,model
S246372,NR11,Westbound,38.20765898526135,29.285462075595277,2,76.64814556393571,48.80910345932546,Free,ok,history
S75347,NR17,Westbound,40.78194305907234,31.274520169865134,1,76.68717531326114,62.54904033973026,Free,low,model
S227566,NR2,Northeast,32.590939066405895,24.994067369509118,1,76.69023380572827,41.65677894918186,Free,low,model
S244052,NR2,Southeast,32.590939066405895,25.004536351256036,1,76.72235617484931,41.674227252093395,Free,low,model
S137678,NR7,Northwest,27.71127312873159,21.261313685579957,1,76.72442037149065,42.52262737115991,Free,low,model
S54008,NR13,Westbound,31.734762189341932,24.355258246888134,1,76.74630772896671,48.71051649377626,Free,low,model
S33261,NR13,Eastbound,31.734762189341932,24.355598307940966,1,76.74737930168183,48.711196615881924,Free,low,model
S255287,NR1,Southeast,27.54179878088138,21.138184679360954,1,76.7494703143151,35.230307798934916,Free,low,model
S197184,NR11,Northbound,39.826576383017525,30.572760155029233,1,76.76472077591329,50.95460025838205,Free,low,history
S208119,NR11,Northbound,38.3788724408997,29.46287143938383,1,76.7684654747328,49.10478573230638,Free,low,history
S239378,Avenue de l'Indépendance,Northeast,30.420584630777086,23.356890084851578,1,76.77988562133342,38.9281501414193,Free,low,history
S250364,NR16,Westbound,27.972903744375085,21.47881308857162,1,76.78435276098455,42.95762617714325,Free,low,model
S178671,NR1,Eastbound,27.54179878088138,21.148362731886003,1,76.78642524455051,35.24727121981001,Free,low,model
S171058,NR2,Southwest,38.538855346690205,29.595535082027023,1,76.79401688449147,49.32589180337837,Free,low,model
S182030,NR11,Southwest,37.870231693301434,29.083633606144705,1,76.79814013730757,48.47272267690784,Free,low,history
S112700,NR1,Northeast,42.21017537319977,32.41954167356465,1,76.80503903840348,54.032569455941086,Free,low,model
S191719,Kigali-Gatuna Road,Northwest,23.728434041905995,18.230559974886866,1,76.83001728091489,30.38426662481145,Free,low,model
S210324,NR2,Southeast,26.94658046478544,20.70359005530106,1,76.83197533118201,34.50598342550177,Free,low,model
S100906,NR2,Eastbound,26.946580464785438,20.705750464078168,2,76.83999270756094,34.50958410679695,Free,ok,model
S119506,Kigali-Gatuna Road,Southbound,23.728434041905995,18.233020975852764,1,76.84038880800998,30.38836829308794,Free,low,model
S60494,NR23,Southeast,25.889102106704733,19.896677680046537,1,76.85348683797618,39.793355360093074,Free,low,model
S59967,NR23,Southbound,25.889102106704737,19.89786459273469,1,76.85807144150263,39.79572918546938,Free,low,model
S111730,NR16,Northeast,27.972903744375092,21.50297009426463,1,76.87071135254786,43.00594018852925,Free,low,model
S159233,NR2,Eastbound,26.94658046478544,20.71811904307122,1,76.88589307332056,34.530198405118696,Free,low,model
S59757,NR13,Northeast,31.734762189341925,24.403530768777063,1,76.89842017147038,48.80706153755413,Free,low,model
S85914,NR17,Southeast,14.654948199967778,11.269562004356112,1,76.89936430059092,22.539124008712225,Free,low,model
S207459,NR2,Southeast,38.53885534669021,29.640308073003325,1,76.91019311903068,49.400513455005544,Free,low,model
S145712,NR1,Northeast,26.589748566156633,20.450568432129938,1,76.91147729828243,34.08428072021656,Free,low,model
S124970,NR10,Southbound,13.99053326367198,10.76379782867412,2,76.93629417703148,21.52759565734824,Free,ok,model
S209772,Ruhengeri-Gisenyi Road,Northeast,30.70290407039714,23.622984217395796,3,76.94055312563218,39.371640362326325,Free,ok,history
S118348,Ruhengeri-Gisenyi Road,Northeast,30.97470230103903,23.834405786906423,2,76.94797372146789,39.72400964484404,Free,ok,history
S226999,NR1,Northeast,29.433292244244925,22.649332397172184,1,76.95140662220956,56.62333099293046,Free,low,model
S221347,NR1,Northbound,44.149938366367394,33.97601577823103,1,76.95597555831093,56.626692963718384,Free,low,model
S159401,NR2,Eastbound,26.946580464785434,20.737657028092357,3,76.9583994347369,34.56276171348726,Free,ok,model
S119711,NR11,Westbound,39.23833257015565,30.198945693014128,1,76.96286695929378,50.33157615502355,Free,low,history
S192929,NR 19,Northwest,10.448462013253687,8.042329470266171,1,76.97141895203926,16.084658940532343,Free,low,model
S71948,NR11,Northeast,38.59971070226357,29.716752483051387,1,76.98698239546322,49.527920805085635,Free,low,history
S71565,NR2,Eastbound,32.590939066405895,25.092553188352515,1,76.99242153539979,41.82092198058752,Free,low,model
S239960,NR2,Southeast,26.946580464785438,20.74820299012887,1,76.9975359851066,34.58033831688145,Free,low,model
S133909,NR2,Southwest,26.946580464785438,20.75240469481187,3,77.01312870451856,34.587341158019775,Free,ok,model
S175689,NR2,Southbound,26.946580464785434,20.75427716568838,1,77.02007753009946,34.59046194281396,Free,low,model
S208623,NR10,Eastbound,13.99053326367198,10.780260130353435,1,77.05396161235409,21.56052026070687,Free,low,model
S115170,Avenue de l'Indépendance,Eastbound,30.346235444616596,23.38994808641116,1,77.07693472918244,38.983246810685266,Free,low,history
S60463,NR2,Southeast,26.946580464785438,20.77115315526009,1,77.08270510391635,34.61858859210015,Free,low,model
S219035,KK 15 Road,Westbound,35.400581911493916,27.29573498449879,1,77.10532853030975,45.49289164083132,Free,low,model
S197409,Avenue de l'Indépendance,Eastbound,28.506763342272475,21.99032161941509,2,77.14071694279582,36.65053603235848,Free,ok,history
S117823,NR10,Eastbound,13.990533263671981,10.79241280365912,1,77.14082515841518,21.58482560731824,Free,low,model
S136008,NR11,Westbound,39.05534066267667,30.136879172450406,2,77.16455332637973,50.22813195408401,Free,ok,history
S88928,NR10,Eastbound,13.99053326367198,10.796445744318886,2,77.1696513695664,21.59289148863777,Free,ok,model
S234685,KK 15 Road,Northwest,35.40058191149391,27.318505734628253,1,77.16965162586337,45.53084289104708,Free,low,model
S78317,Avenue de l'Indépendance,Eastbound,30.04824802295977,23.19497841165191,1,77.19244860442014,38.65829735275318,Free,low,history
S18882,NR21,Northwest,5.9230909775636915,4.572516753904283,1,77.19815162766702,9.145033507808568,Free,low,model
S168082,NR2,Eastbound,26.946580464785438,20.80544643967149,3,77.2099690603067,34.675744066119144,Free,ok,model
S137940,NR13,Southbound,31.734762189341932,24.50304711011426,1,77.21200796753904,49.00609422022851,Free,low,model
S163518,NR11,Northeast,38.81937914872839,29.976464365474634,2,77.220360095472,49.96077394245773,Free,ok,history
S210652,NR1,Northeast,29.433292244244928,22.729577818050995,1,77.2240415018313,56.82394454512748,Free,low,model
S225967,Ruhengeri-Gisenyi Road,Northbound,30.543801425153617,23.588627261723005,1,77.22885220926415,39.31437876953834,Free,low,history
S188023,Ruhengeri-Gisenyi Road,Northeast,28.700856279777206,22.165930300668666,3,77.23090239745534,36.943217167781114,Free,ok,history
S187896,NR2,Southbound,26.946580464785438,20.813819054587427,1,77.24104021950956,34.689698424312375,Free,low,model
S213354,NR1,Westbound,37.22478757589549,28.755670127356225,1,77.24871517057802,47.92611687892704,Free,low,model
S152967,NR11,Northwest,39.88726579365398,30.813625038463535,2,77.25178556451955,51.35604173077255,Free,ok,history
S210202,NR1,Northeast,26.58974856615663,20.54333765693305,1,77.26036824237053,34.23889609488842,Free,low,model
S101378,NR10,Eastbound,13.990533263671981,10.809212969079509,1,77.2609075391491,21.618425938159017,Free,low,model
S186517,Ruhengeri-Gisenyi Road,Northbound,31.011942847286132,23.96014073327034,1,77.26101151178635,39.933567888783905,Free,low,history
S110152,NR1,Eastbound,26.589748566156633,20.545899110676988,1,77.2700014802989,34.24316518446164,Free,low,model
S202996,NR1,Northbound,26.589748566156633,20.56079285087554,1,77.3260145718161,34.26798808479257,Free,low,model
S125802,trunk (OSM way 507295266),Westbound,50.43033028300829,38.99773105217946,1,77.3299140285804,48.74716381522433,Free,low,model
S171861,KK 15 Road,Northeast,35.400581911493916,27.37666258555602,1,77.33393381498998,45.627770975926694,Free,low,model
S135964,NR4,Northbound,35.914140545144726,27.776763076207367,1,77.34213503255486,69.44190769051842,Free,low,model
S233537,NR7,Northwest,27.711273128731587,21.436976513039795,1,77.35832422225856,42.87395302607959,Free,low,model
S193268,NR11,Northbound,39.52978400515456,30.579895902545204,2,77.35912723064128,50.96649317090867,Free,ok,history
S173349,NR11,Northbound,38.58271367714487,29.848597393567296,3,77.36261799347884,49.747662322612165,Free,ok,history
S255899,NR11,Westbound,38.612140276156865,29.874277630771118,2,77.37016756157024,49.79046271795186,Free,ok,history
S190273,NR14,Northbound,39.673531987317155,30.696229085540736,1,77.37206028279437,61.39245817108147,Free,low,model
S204485,NR1,Northeast,26.589748566156633,20.576960223691273,1,77.38681760188427,34.29493370615212,Free,low,model
S91114,NR11,Westbound,37.421293345319434,28.96104936414974,3,77.39189850254633,48.268415606916236,Free,ok,history
S234079,NR11,Westbound,38.60915328030616,29.887003744882687,3,77.40911469334789,49.81167290813781,Free,ok,history
S178357,NR2,Southeast,26.94658046478544,20.86184529704794,1,77.41926781511589,34.76974216174657,Free,low,model
S222377,KK 15 Road,Northeast,35.40058191149391,27.408905402084297,1,77.42501372042457,45.68150900347383,Free,low,model
S145765,NR1,Northbound,42.21017537319977,32.68407967288173,1,77.43175521993595,54.47346612146955,Free,low,model
S239203,NR7,Northwest,27.711273128731587,21.458712222064392,1,77.43676056447794,42.917424444128784,Free,low,model
S159358,NR7,Northbound,27.71127312873159,21.462762032124054,1,77.45137486978555,42.92552406424811,Free,low,model
S140563,NR17,Southeast,14.65494819996778,11.350463216969338,1,77.45140455013204,22.700926433938676,Free,low,model
S139077,NR1,Northbound,26.589748566156633,20.594678734318165,1,77.45345422532887,34.32446455719695,Free,low,model
S65608,NR11,Northwest,36.72284491195569,28.44343770306481,1,77.45434149031468,47.40572950510801,Free,low,history
S142462,NR13,Eastbound,31.73476218934193,24.587325188410542,2,77.4775781892204,49.174650376821084,Free,ok,model
S257068,NR11,Northeast,36.78950102773606,28.505771810880507,2,77.48344232608551,47.509619684800846,Free,ok,history
S154419,NR1,Eastbound,29.433292244244925,22.80716051519159,1,77.48762974230672,57.01790128797897,Free,low,model
S145237,NR2,Southbound,26.946580464785438,20.88145044740234,2,77.49202343017444,34.802417412337235,Free,ok,model
S166933,NR2,Southbound,26.946580464785438,20.8842514675965,2,77.50241814499854,34.807085779327494,Free,ok,model
S18109,NR17,Southeast,14.654948199967782,11.358199505247455,1,77.50419414837936,22.71639901049491,Free,low,model
S251812,KK 15 Road,Northbound,35.40058191149391,27.43777938238761,1,77.50657729577908,45.72963230397935,Free,low,model
S113047,NR17,Southeast,14.654948199967775,11.36041426979305,1,77.51930689061072,22.720828539586105,Free,low,model
S154851,NR1,Eastbound,26.589748566156633,20.61505028845794,1,77.53006854189185,34.358417147429904,Free,low,model
S169309,NR11,Northeast,35.59425282511258,27.604387658974556,1,77.55293472405471,46.0073127649576,Free,low,history
S173725,NR23,Southeast,25.889102106704737,20.078300473371105,1,77.55502833051612,40.1566009467422,Free,low,model
S250961,NR25,Southwest,15.000528048249283,11.64150210299652,2,77.60728199401757,23.28300420599304,Free,ok,model
S250588,NR2,Southeast,26.946580464785434,20.91262952486797,2,77.60773042129482,34.85438254144662,Free,ok,model
S153576,NR13,Eastbound,31.734762189341925,24.63279159632841,2,77.62084823374319,49.26558319265682,Free,ok,model
S167035,NR1,Northeast,29.433292244244925,22.847703125973496,1,77.62537379908935,57.11925781493373,Free,low,model
S86874,KN7 Road,Southwest,28.808537745297695,22.364009466432613,1,77.62979733354568,55.91002366608153,Free,low,model
S119923,NR2,Southbound,26.946580464785434,20.92360409453293,3,77.64845755429523,34.87267349088822,Free,ok,model
S231156,Avenue de l'Indépendance,Northwest,29.392655181813424,22.82582252342204,2,77.65825299629758,38.04303753903673,Free,ok,history
S227834,NR2,Southbound,26.94658046478544,20.927698384297088,2,77.6636516520009,34.87949730716181,Free,ok,model
S180586,NR1,Northbound,42.21017537319977,32.78354568174113,1,77.66739984348933,54.63924280290188,Free,low,model
S29797,NR13,Northeast,31.734762189341932,24.662841765707107,1,77.71553988197233,49.325683531414214,Free,low,model
S232805,Avenue de l'Indépendance,Northeast,30.94681298805009,24.053537893002364,4,77.72541199085825,40.0892298216706,Free,ok,history
S200073,NR13,Northbound,31.734762189341925,24.670889653431157,2,77.74089973082212,49.34177930686232,Free,ok,model
S247171,NR11,Northbound,37.600861323417035,29.23511770256673,2,77.75119152485932,48.72519617094455,Free,ok,history
S256846,NR16,Westbound,27.97290374437509,21.750426798558877,1,77.75534137364109,43.500853597117754,Free,low,model
S145199,NR2,Northeast,32.5909390664059,25.342449406076796,1,77.7591874675354,42.237415676794654,Free,low,model
S218083,NR2,Southeast,26.946580464785438,20.954047403920235,2,77.76143407622197,34.923412339867056,Free,ok,model
S178262,NR17,Southeast,40.78194305907234,31.712990623337152,1,77.76233363231644,63.4259812466743,Free,low,model
S254268,NR2,Southeast,26.946580464785438,20.96325836826377,2,77.79561638872566,34.93876394710628,Free,ok,model
S24692,NR13,Eastbound,31.734762189341925,24.689231304927034,1,77.79869645035146,49.37846260985407,Free,low,model
S161582,NR1,Northeast,26.589748566156633,20.686542968627837,1,77.7989416378221,34.47757161437973,Free,low,model
S191838,KK 15 Road,Westbound,35.400581911493916,27.554173604201203,1,77.83536912780202,45.923622673668675,Free,low,model
S97106,NR14,Westbound,39.67353198731716,30.88112560759056,1,77.83810530774683,61.76225121518112,Free,low,model
S145138,NR17,Southwest,40.78194305907234,31.74417098152571,1,77.83878991627377,63.48834196305142,Free,low,model
S211550,NR11,Westbound,37.7530362748285,29.398934130989264,3,77.87170789913588,48.99822355164877,Free,ok,history
S220149,KN3 Road,Northbound,19.358120064741556,15.077907916014365,1,77.8893191362984,25.129846526690606,Free,low,model
S51811,Avenue de l'Indépendance,Eastbound,29.108607898221763,22.673317718520387,2,77.89214035173937,37.788862864200645,Free,ok,history
S199990,NR2,Northeast,32.590939066405895,25.389573645414806,1,77.90378053753561,42.315956075691346,Free,low,model
S181845,NR11,Northwest,38.966755021039035,30.362178535307724,3,77.91816002875912,50.60363089217954,Free,ok,history
S157389,NR2,Eastbound,26.946580464785438,20.99948172746373,3,77.93004294146508,34.99913621243955,Free,ok,model
S106521,NR11,Northeast,39.79110263634672,31.01567364451512,1,77.94625328171784,51.692789407525204,Free,low,history
S171952,KK 15 Road,Northbound,35.40058191149391,27.596900794206523,1,77.9560654206261,45.99483465701087,Free,low,model
S164745,NR1,Eastbound,27.541798780881383,21.47644279820948,1,77.97763308443646,35.79407133034913,Free,low,model
S193179,NR11,Eastbound,39.8879142601221,31.10744220088818,1,77.98713665002988,51.8457370014803,Free,low,history
S133319,NR2,Eastbound,32.590939066405895,25.422317204364905,1,78.00424882684565,42.37052867394151,Free,low,model
S09871,NR7,Eastbound,10.835567514370442,8.45235827327076,1,78.00568140119101,16.90471654654152,Free,low,model
S241316,KK 15 Road,Northeast,35.400581911493916,27.615458571685707,1,78.0084876591237,46.025764286142845,Free,low,model
S112000,NR11,Eastbound,36.52701099570345,28.4978426213805,1,78.01854530263263,47.496404368967504,Free,low,history
S113316,NR1,Northeast,26.589748566156633,20.75628462781853,1,78.06122941018359,34.593807713030884,Free,low,model
S252229,NR2,Southeast,26.946580464785438,21.03573429012887,2,78.0645778696075,35.05955715021478,Free,ok,model
S226734,NR2,Southeast,38.53885534669021,30.08916541801625,1,78.07488091521734,50.14860903002708,Free,low,model
S146400,NR1,Northeast,44.14993836636739,34.480200512998046,1,78.09795843172553,57.46700085499674,Free,low,model
S180251,NR16,Eastbound,27.9729037443751,21.848306618252085,1,78.10525077377936,43.69661323650416,Free,low,model
S254150,NR1,Southbound,19.013306691091916,14.850756493852098,1,78.1071737553676,24.75126082308683,Free,low,model
S241302,NR16,Northeast,27.972903744375085,21.854417462879365,1,78.1270963593615,43.70883492575873,Free,low,model
S91169,NR1,Northbound,44.149938366367394,34.494806343179896,1,78.13104076597624,57.491343905299814,Free,low,model
S150832,NR17,Southeast,14.654948199967778,11.451409286170643,1,78.14022356077533,22.902818572341285,Free,low,model
S244258,NR2,Southeast,38.53885534669021,30.117555857638905,1,78.14854796984896,50.19592642939817,Free,low,model
S196436,NR2,Eastbound,32.590939066405895,25.47159650986018,1,78.15545436711828,42.45266084976697,Free,low,model
S52819,NR13,Northbound,31.734762189341925,24.805577040513835,1,78.16531566398425,49.61115408102768,Free,low,model
S168523,Kigali-Gatuna Road,Northwest,23.728434041905995,18.55770776367737,1,78.20873358479209,30.929512939462285,Free,low,model
S216644,NR11,Westbound,36.62640309864644,28.651663316846413,1,78.22680059431022,47.752772194744026,Free,low,history
S210542,Avenue de l'Indépendance,Eastbound,29.56294228222543,23.126547585068177,1,78.22816607456863,38.54424597511363,Free,low,history
S04295,NR11,Northwest,37.076229753373454,29.028444505399023,1,78.29394924589874,48.3807408423317,Free,low,history
S104888,NR1,Southeast,26.58974856615663,20.81855558228303,1,78.29542099837995,34.697592637138385,Free,low,model
S202114,NR16,Eastbound,27.972903744375092,21.902040993690736,1,78.29734515171629,43.804081987381466,Free,low,model
S127820,NR1,Northeast,26.589748566156633,20.819886407013332,1,78.30042602776933,34.699810678355554,Free,low,model
S171143,KN3 Road,Northwest,19.35812006474156,15.158239854150349,3,78.3042971293438,25.263733090250582,Free,ok,model
S40272,KK 15 Road,Northbound,35.400581911493916,27.721676160846307,1,78.30853241382903,46.20279360141051,Free,low,model
S66791,NR11,Westbound,38.85451090988154,30.429563924109512,2,78.3166824430947,50.71593987351585,Free,ok,history
S138080,NR2,Northeast,32.59093906640589,25.524852403850186,1,78.31886142293062,42.54142067308364,Free,low,model
S51908,KN3 Road,Northwest,19.358120064741556,15.161144183930277,1,78.31930028962081,25.268573639883797,Free,low,model
S14587,NR1,Northeast,26.589748566156633,20.82672837481592,1,78.32615762799702,34.71121395802654,Free,low,model
S153822,NR2,Eastbound,32.59093906640589,25.529385754689603,1,78.33277127324263,42.548976257816,Free,low,model
S169482,NR11,Northwest,36.83364273699034,28.857036797646156,3,78.34423818382305,48.09506132941026,Free,ok,history
S239628,NR2,Southbound,38.53885534669021,30.19311086972826,1,78.34459689608114,50.321851449547104,Free,low,model
S141222,NR1,Northwest,42.21017537319977,33.0734356222543,1,78.35417723294607,55.12239270375717,Free,low,model
S200127,NR1,Northbound,42.21017537319977,33.07666085344951,1,78.3618181185067,55.12776808908252,Free,low,model
S145285,NR17,Southwest,40.78194305907234,31.957755378361085,1,78.36251287014578,63.91551075672217,Free,low,model
S180617,NR2,Northeast,32.590939066405895,25.54526381085351,1,78.38149050815497,42.57543968475584,Free,low,model
S170909,NR11,Southwest,38.5819990083514,30.24187766272604,2,78.38338717540252,50.40312943787673,Free,ok,history
S172885,NR10,Eastbound,13.99053326367198,10.967527641386923,2,78.39249179918941,21.93505528277385,Free,ok,model
S89384,NR7,Northbound,27.711273128731584,21.723647431696204,1,78.39281627653804,43.44729486339241,Free,low,model
S225304,NR11,Northbound,39.137293060178834,30.683783607949618,1,78.40037265931802,51.1396393465827,Free,low,history
S147697,KK 15 Road,Northwest,35.40058191149391,27.7669911827497,1,78.4365388460868,46.278318637916165,Free,low,model
S150586,NR1,Northeast,42.210175373199775,33.119635483998096,1,78.46362918697211,55.19939247333016,Free,low,model
S159082,NR13,Eastbound,31.73476218934193,24.910696635348412,2,78.49655997647473,49.82139327069683,Free,ok,model
S171445,Ruhengeri-Gisenyi Road,Northeast,31.94917381649765,25.079165569815018,1,78.49707073447027,41.79860928302502,Free,low,history
S190845,NR2,Southeast,26.946580464785438,21.152308093409633,3,78.49718861750223,35.25384682234939,Free,ok,model
S226288,NR1,Southwest,49.74259336522037,39.04832268022737,1,78.50077778117948,65.08053780037895,Free,low,model
S179787,Ruhengeri-Gisenyi Road,Northbound,30.730278031549116,24.127112285165513,2,78.51250893465887,40.211853808609185,Free,ok,history
S137810,NR11,Westbound,39.341683183384774,30.89709952810183,2,78.5352761448464,51.495165880169715,Free,ok,history
S180231,KK 15 Road,Northbound,35.40058191149391,27.807695296213893,1,78.55152032736855,46.346158827023146,Free,low,model
S142673,Kigali-Gatuna Road,Southbound,23.728434041905995,18.647353569252115,1,78.5865326650703,31.07892261542019,Free,low,model
S195077,NR24,Eastbound,29.41128741200175,23.11412639714459,1,78.58930509690133,57.78531599286148,Free,low,model
S48313,NR2,Northeast,32.5909390664059,25.613212167586966,1,78.58997899814602,42.68868694597828,Free,low,model
S234119,NR1,Northeast,42.21017537319977,33.175451112049174,1,78.59586182414454,55.29241852008195,Free,low,model
S26044,NR2,Northbound,32.590939066405895,25.618699305652413,1,78.60681538955613,42.69783217608735,Free,low,model
S110785,NR11,Westbound,37.91644979799392,29.80774118687551,2,78.61427255368348,49.67956864479252,Free,ok,history
S98411,NR23,Westbound,9.817932236345337,7.718961717126006,1,78.6210531027187,15.437923434252014,Free,low,model
S249548,NR11,Northeast,38.40522812468731,30.19737725960242,1,78.62829810973366,50.32896209933736,Free,low,history
S162427,Kigali-Gatuna Road,Southbound,23.728434041905995,18.65990744648204,1,78.63943913672264,31.099845744136736,Free,low,model
S135465,NR25,Southwest,15.000528048249281,11.799244070231783,1,78.65885809005822,23.598488140463566,Free,low,model
S134826,NR11,Northeast,38.56469474089392,30.33870301943517,1,78.66963092349873,50.56450503239195,Free,low,history
S83652,NR11,Northeast,36.60618039811456,28.803671863354896,1,78.68526994648822,48.00611977225817,Free,low,history
S247219,NR2,Southeast,38.53885534669021,30.325731523218735,1,78.68871882782364,50.54288587203123,Free,low,model
S201617,NR11,Northwest,40.1781247221059,31.618345114211962,2,78.69542277769781,52.69724185701994,Free,ok,history
S216270,NR11,Northbound,38.347148574277696,30.186259410157962,1,78.71839375928501,50.31043235026327,Free,low,history
S97199,KK 15 Road,Northeast,35.400581911493916,27.869209576991057,1,78.72528662570498,46.44868262831843,Free,low,model
S157101,NR1,Northeast,26.589748566156633,20.93429210180831,1,78.73068844454372,34.890486836347186,Free,low,model
S222578,NR11,Westbound,39.4784212656426,31.082216546974212,1,78.73216696743782,51.80369424495702,Free,low,history
S205200,NR23,Eastbound,25.88910210670474,20.38713155660347,1,78.7479282694923,40.77426311320694,Free,low,model
S60373,NR7,Northwest,27.71127312873159,21.832913963121936,1,78.7871198183426,43.66582792624387,Free,low,model
S99225,NR23,Southbound,25.889102106704733,20.399428328024765,1,78.79542613701439,40.79885665604953,Free,low,model
S99306,NR11,Northeast,37.40648682364502,29.474735086950098,1,78.79578540992206,49.124558478250165,Free,low,history
S144175,NR2,Southeast,38.53885534669021,30.370230755092088,1,78.80418471665983,50.61705125848682,Free,low,model
S176066,NR1,Southeast,27.541798780881383,21.705750371596544,1,78.81021332079432,36.17625061932758,Free,low,model
S115320,NR17,Southeast,14.654948199967777,11.549706064162612,1,78.81096477835389,23.099412128325227,Free,low,model
S38556,NR2,Northeast,32.590939066405895,25.69837998505055,1,78.85130260496219,42.83063330841758,Free,low,model
S160086,NR2,Southeast,38.53885534669021,30.390739000730193,1,78.85739918152552,50.65123166788365,Free,low,model
S216334,NR17,Southbound,40.78194305907234,32.1612745247827,1,78.86155516964293,64.3225490495654,Free,low,model
S154342,NR2,Eastbound,32.590939066405895,25.703349874881813,1,78.86655190422643,42.83891645813636,Free,low,model
S56099,NR13,Northbound,31.73476218934193,25.03684617386681,1,78.89407213606093,50.07369234773362,Free,low,model
S60715,NR13,Westbound,31.73476218934193,25.039666158461685,1,78.90295824202275,50.07933231692337,Free,low,model
S232994,NR23,Eastbound,25.889102106704737,20.428215759721137,1,78.90662130932172,40.856431519442275,Free,low,model
S145459,Kigali-Gatuna Road,Northwest,23.728434041906,18.732381650102123,1,78.94487102275475,31.22063608350354,Free,low,model
S234401,KK 15 Road,Northwest,35.40058191149391,27.948577742531924,1,78.94948679772278,46.580962904219874,Free,low,model
S148439,NR1,Northeast,26.589748566156633,20.992785512256667,1,78.95067326426785,34.987975853761114,Free,low,model
S179528,NR1,Northeast,26.589748566156633,20.994969430560865,1,78.95888664883131,34.99161571760144,Free,low,model
S155886,Avenue de l'Indépendance,Northeast,31.451502561194054,24.83728496320402,1,78.97010616544952,41.39547493867337,Free,low,history
S89519,NR2,Southeast,32.590939066405895,25.744894480462143,1,78.99402477481688,42.908157467436915,Free,low,model
S125261,NR17,Southwest,40.78194305907234,32.217478023416206,1,78.99936983568789,64.43495604683241,Free,low,model
S117378,KN 3 Road,Westbound,19.358120064741556,15.29386810583325,1,79.00492431436643,25.489780176388745,Free,low,model
S171998,NR2,Southeast,26.94658046478544,21.2900134911828,1,79.00821968488802,35.483355818637996,Free,low,model
S230158,Musanze - Rubavu Road,Northeast,50.54912486037209,39.93925978123798,1,79.01078384949113,66.56543296872997,Free,low,model
S240183,Avenue de l'Indépendance,Northeast,30.272081471182602,23.92070812657755,3,79.01903986796806,39.867846877629255,Free,ok,history
S126905,NR11,Westbound,37.5093312505092,29.66186725138464,1,79.07863526887584,49.436445418974394,Free,low,history
S208339,NR1,Eastbound,42.210175373199775,33.38359725842351,1,79.08898023584031,55.63932876403918,Free,low,model
S177203,NR2,Southeast,38.53885534669021,30.481053651480703,1,79.09174617999771,50.801756085801166,Free,low,model
S70424,Avenue de l'Indépendance,Northbound,30.65774538714713,24.248000150952553,1,79.09257463243927,40.41333358492093,Free,low,history
S161507,NR1,Southeast,27.54179878088138,21.785572692284273,1,79.10003578781175,36.309287820473784,Free,low,model
S165002,NR1,Northbound,26.589748566156633,21.03349669726874,1,79.1037818388404,35.05582782878123,Free,low,model
S149647,NR1,Northeast,42.21017537319977,33.3937638068071,1,79.11306577515332,55.65627301134517,Free,low,model
S175880,NR1,Northeast,44.149938366367394,34.929169748054385,1,79.11487771104744,58.21528291342397,Free,low,model
S173324,KK 15 Road,Northeast,35.400581911493916,28.007712280018378,1,79.11653076788771,46.67952046669729,Free,low,model
S131416,NR11,Northbound,36.08687378023315,28.551318107227484,1,79.1182918229583,47.585530178712474,Free,low,history
S246555,NR2,Eastbound,32.590939066405895,25.788613079178884,1,79.12816819003932,42.981021798631474,Free,low,model
S168358,NR2,Eastbound,32.590939066405895,25.789848785171994,1,79.13195975305807,42.98308130861999,Free,low,model
S238583,Musanze - Rubavu Road,Northeast,50.54912486037208,40.00369315557944,1,79.13825069391119,66.67282192596572,Free,low,model
S190129,Ruhengeri-Gisenyi Road,Northeast,30.06307437922951,23.792104810726087,3,79.14062451032613,39.65350801787682,Free,ok,history
S162100,Kigali-Gatuna Road,Northwest,23.728434041905995,18.780645320731757,1,79.14827117357972,31.30107553455293,Free,low,model
S174246,NR13,Northwest,31.734762189341936,25.12054334935041,2,79.15781186407347,50.241086698700805,Free,ok,model
S212486,NR23,Southeast,25.889102106704737,20.494584977592393,1,79.16298098374267,40.98916995518479,Free,low,model
S73333,NR1,Southwest,49.742593365220365,39.381299213941496,1,79.17017700463643,65.6354986899025,Free,low,model
S247155,NR11,Northbound,38.38666793607358,30.392166064526943,3,79.17375406258206,50.6536101075449,Free,ok,history
S137389,NR2,Southbound,38.53885534669021,30.515291199870124,1,79.18058521810984,50.85881866645021,Free,low,model
S243699,NR4,Westbound,25.21516514150414,19.9687012982718,1,79.19322037436643,49.9217532456795,Free,low,model
S182057,NR13,Southeast,31.734762189341932,25.139049174305157,1,79.21612591364577,50.278098348610314,Free,low,model
S245877,NR1,Northeast,29.43329224424493,23.32137543608453,1,79.23468174255818,58.30343859021133,Free,low,model
S14422,NR13,Southeast,31.734762189341932,25.14783729662374,1,79.24381832950871,50.29567459324748,Free,low,model
S83463,NR13,Northeast,31.734762189341936,25.14961236646019,1,79.2494117851201,50.299224732920365,Free,low,model
S181606,NR2,Eastbound,38.53885534669021,30.546539333138764,1,79.26166737010303,50.9108988885646,Free,low,model
S232890,NR2,Southeast,38.53885534669021,30.551154220192437,1,79.27364200456522,50.9185903669874,Free,low,model
S205091,NR10,Eastbound,13.990533263671981,11.093577579393015,1,79.29345772829659,22.18715515878603,Free,low,model
S208710,NR16,Northeast,27.97290374437509,22.181667490851105,1,79.29697858168011,44.36333498170221,Free,low,model
S171810,Kigali-Gatuna Road,Southwest,23.728434041906,18.81791541882677,1,79.30534052771067,31.36319236471128,Free,low,model
S160080,Avenue de l'Indépendance,Northeast,29.708063190435354,23.568119671713436,1,79.33240050230302,39.280199452855726,Free,low,history
S218773,NR11,Northwest,37.84104029092737,30.026770384991305,2,79.34974872292403,50.04461730831884,Free,ok,history
S189082,NR2,Southeast,26.94658046478544,21.387747378348383,1,79.37091463719672,35.64624563058064,Free,low,model
S202813,NR1,Northbound,44.149938366367394,35.043767490153364,1,79.37444260816694,58.40627915025561,Free,low,model
S150287,Ruhengeri-Gisenyi Road,Northeast,28.978142339223837,23.00573580255144,1,79.38996065807729,38.342893004252396,Free,low,history
S219607,NR 19,Southeast,49.18984691316867,39.05412964173925,1,79.39469645164523,78.10825928347849,Free,low,model
S219454,NR1,Eastbound,27.541798780881383,21.866999022889445,1,79.39568216607843,36.444998371482406,Free,low,model
S83813,NR2,Southbound,38.53885534669021,30.601784971677677,1,79.40501786155362,51.00297495279613,Free,low,model
S231663,Avenue de l'Indépendance,Northeast,30.377374044267214,24.122281623477416,1,79.40871251190241,40.203802705795695,Free,low,history
S209847,NR1,Southwest,49.74259336522037,39.50090548941195,1,79.41062742625452,65.83484248235325,Free,low,model
S173272,NR1,Northeast,26.589748566156633,21.115816888067066,1,79.4133755553568,35.193028146778445,Free,low,model
S184329,NR11,Northwest,38.94518957074476,30.93012690790407,2,79.41963371809719,51.55021151317346,Free,ok,history
S221912,NR2,Southeast,26.946580464785438,21.400881003640137,3,79.41965412497301,35.6681350060669,Free,ok,model
S68059,NR2,Southbound,38.53885534669021,30.60846254851047,1,79.4223447301716,51.01410424751745,Free,low,model
S134441,NR11,Northbound,38.24334682021665,30.376614761437835,2,79.42980227185501,50.62769126906306,Free,ok,history
S44793,NR2,Northeast,32.590939066405895,25.89129523525073,1,79.44323169852744,43.152158725417884,Free,low,model
S208969,NR7,Eastbound,38.211184456364506,30.358371327317684,1,79.44891465478022,60.71674265463536,Free,low,model
S147353,NR2,Southbound,26.946580464785434,21.41029988372575,2,79.45460802236241,35.68383313954291,Free,ok,model
S221159,KK 15 Road,Northwest,35.40058191149391,28.128555037771015,1,79.45788887904749,46.8809250629517,Free,low,model
S183708,NR7,Northwest,27.711273128731587,22.019992899438208,1,79.46222029260521,44.039985798876415,Free,low,model
S174136,NR13,Southeast,31.734762189341936,25.217255670820503,1,79.46256386093127,50.43451134164101,Free,low,model
S141014,NR1,Northeast,27.541798780881383,21.88723092275916,1,79.46914105680185,36.4787182045986,Free,low,model
S178280,NR13,Northbound,31.734762189341932,25.22040574327501,1,79.47249011289342,50.44081148655001,Free,low,model
S55211,NR2,Eastbound,10.52542464148841,8.36549572184472,1,79.47893796959195,13.9424928697412,Free,low,model
S182838,NR4,Southbound,34.30679889772647,27.270274791811968,1,79.48941803958043,68.17568697952991,Free,low,model
S180359,NR1,Northbound,44.14993836636739,35.10101952123387,1,79.50411896378363,58.501699202056464,Free,low,model
S165046,NR2,Southwest,38.53885534669021,30.640479266755683,1,79.5054211940603,51.067465444592806,Free,low,model
S169952,NR1,Northbound,42.21017537319977,33.564815065691796,1,79.51830280004685,55.94135844281966,Free,low,model
S249168,NR24,Northeast,29.411287412001748,23.39064879330233,1,79.52949650125618,58.476621983255825,Free,low,model
S96311,NR25,Southwest,15.00052804824928,11.93021360701639,1,79.53195759937779,23.86042721403278,Free,low,model
S214670,NR14,Eastbound,39.673531987317155,31.567210755330635,1,79.56743242679288,63.13442151066127,Free,low,model
S176688,Ruhengeri-Gisenyi Road,Northbound,29.083788508494298,23.141792482051542,1,79.56938785774997,38.56965413675257,Free,low,history
S228708,NR11,Northeast,37.27682477382051,29.661569453919803,2,79.57107300284628,49.435949089866334,Free,ok,history
S150512,NR13,Northeast,31.734762189341932,25.253770901588616,2,79.57762768447672,50.50754180317724,Free,ok,model
S190469,NR17,Southbound,40.78194305907234,32.4680104189447,1,79.61369170643741,64.9360208378894,Free,low,model
S106359,NR13,Northwest,31.734762189341925,25.26523582976737,1,79.61375503312473,50.53047165953474,Free,low,model
S223238,Kigali-Gatuna Road,Northbound,59.660176633744896,47.50148479781738,1,79.62008743190624,79.16914132969563,Free,low,model
S201978,NR2,Southeast,38.53885534669021,30.68469106727864,1,79.62014126066641,51.14115177879773,Free,low,model
S230767,NR1,Northbound,42.210175373199775,33.60948099078846,1,79.6241207093584,56.0158016513141,Free,low,model
S202334,NR1,Eastbound,42.21017537319977,33.617518961809786,1,79.64316344242043,56.02919826968297,Free,low,model
S253816,Musanze - Rubavu Road,Northeast,54.46803216429323,43.3828305168647,1,79.64824281884836,72.30471752810783,Free,low,model
S105597,NR11,Westbound,38.248575064262866,30.47260583015779,2,79.66991130770133,50.78767638359632,Free,ok,history
S144607,Ruhengeri-Gisenyi Road,Northeast,31.194767421108445,24.85406014975285,2,79.6738113615008,41.42343358292142,Free,ok,history
S168566,NR2,Southbound,26.946580464785434,21.470794677629012,1,79.67910698608924,35.78465779604835,Free,low,model
S219944,NR11,Northeast,38.38177757088079,30.58359531928468,2,79.68259224785778,50.972658865474465,Free,ok,history
S138427,NR2,Southbound,38.53885534669021,30.709366874903193,1,79.68416964812778,51.18227812483865,Free,low,model
S187777,KK 15 Road,Northbound,35.40058191149391,28.209226345267307,1,79.68577018251865,47.01537724211218,Free,low,model
S176777,NR11,Northwest,37.85437172061965,30.172234585815787,1,79.70607677363898,50.28705764302631,Free,low,history
S181816,NR1,Southbound,26.589748566156633,21.19582919214022,1,79.71428966093428,35.326381986900365,Free,low,model
S254372,NR2,Southeast,26.946580464785438,21.48261874528327,2,79.72298664521595,35.804364575472114,Free,ok,model
S164988,KN 3 Road,Southwest,17.332280655043622,13.820244024643038,1,79.73701960925382,23.03374004107173,Free,low,model
S134739,KK 15 Road,Westbound,35.40058191149391,28.229414898114236,1,79.74279905536997,47.0490248301904,Free,low,model
S194403,KK 15 Road,Eastbound,35.400581911493916,28.230059809355765,1,79.74462080859182,47.050099682259614,Free,low,model
S253421,Musanze - Rubavu Road,Northeast,50.54912486037209,40.31116874318,1,79.74652153628455,67.18528123863332,Free,low,model
S197887,NR11,Northwest,38.059869813446255,30.352469186065964,4,79.74927222515794,50.587448643443274,Free,ok,history
S198587,NR2,Southwest,38.538855346690205,30.736119321693405,1,79.75358646538807,51.22686553615567,Free,low,model
S155133,NR7,Northwest,27.71127312873159,22.10321493072961,1,79.76253861758724,44.20642986145922,Free,low,model
S225537,NR7,Northwest,27.71127312873159,22.107833361396896,1,79.7792048697866,44.21566672279379,Free,low,model
S138118,NR1,Eastbound,42.21017537319977,33.677853705922125,1,79.78610230391268,56.12975617653687,Free,low,model
S239218,KK 15 Road,Northeast,35.40058191149391,28.247114511912226,1,79.7927971425264,47.078524186520376,Free,low,model
S204533,Musanze - Rubavu Road,Northeast,50.54912486037209,40.33731540885893,1,79.79824679513158,67.22885901476488,Free,low,model
S186814,NR2,Eastbound,32.590939066405895,26.013004457879166,1,79.8166766685556,43.35500742979861,Free,low,model
S24093,Ruhengeri-Gisenyi Road,Northeast,31.111792868402716,24.83283053624932,1,79.81806333465808,41.38805089374886,Free,low,history
S234022,NR2,Eastbound,38.53885534669021,30.761168939370975,1,79.81858480914327,51.26861489895162,Free,low,model
S133943,NR1,Southbound,19.013306691091916,15.176460541521427,1,79.82020585946725,25.294100902535714,Free,low,model
S14298,NR7,Southeast,10.835567514370442,8.653979074366019,1,79.86641274569939,17.307958148732034,Free,low,model
S210304,NR2,Eastbound,38.53885534669021,30.78244859564499,1,79.87380091787973,51.30408099274165,Free,low,model
S135884,NR11,Eastbound,38.240487819115515,30.54907543874561,1,79.88673048118088,50.91512573124268,Free,low,history
S160025,NR1,Westbound,49.74259336522038,39.74448186365604,1,79.9003010796881,66.24080310609341,Free,low,model
S177955,NR1,Southeast,27.54179878088138,22.007264435621938,1,79.90496412637603,36.67877405936989,Free,low,model
S124668,NR7,Southeast,38.211184456364506,30.533737062308262,1,79.90785288840353,61.06747412461653,Free,low,model
S233474,NR1,Northeast,29.433292244244928,23.520046835098977,1,79.90967045046698,58.800117087747445,Free,low,model
S228975,NR1,Northeast,29.43329224424493,23.520401338823238,1,79.9108748815626,58.8010033470581,Free,low,model
S132259,NR1,Northeast,26.58974856615663,21.25285376747169,1,79.92875041519676,35.42142294578615,Free,low,model
S132538,NR1,Northeast,44.149938366367394,35.29255153849417,1,79.93794067304833,58.82091923082362,Free,low,model
S90998,NR15,Southeast,53.8430158617462,43.04168902255902,1,79.93922393403452,71.7361483709317,Free,low,model
S179652,NR2,Southbound,26.946580464785434,21.542755797594722,1,79.94615801343483,35.9045929959912,Free,low,model
S177671,NR11,Northwest,38.28299252093016,30.61370005913149,1,79.96684178331749,51.022833431885815,Free,low,history
S243024,NR2,Southeast,26.946580464785438,21.54915810871023,2,79.96991728457452,35.91526351451706,Free,ok,model
S115272,NR13,Northeast,31.734762189341925,25.383626817705235,2,79.98681907952123,50.76725363541047,Free,ok,model
S170546,NR1,Northeast,42.21017537319977,33.77820064021108,1,80.02383392526167,56.29700106701846,Free,low,model
S218410,NR11,Westbound,37.68474298630066,30.157496665543096,3,80.02574590068477,50.26249444257182,Free,ok,history
S179197,NR17,Southbound,40.78194305907234,32.63765609350863,1,80.0296740305709,65.27531218701725,Free,low,model
S54372,NR7,Northwest,27.711273128731584,22.1788811045802,1,80.03559057553623,44.357762209160406,Free,low,model
S187714,KK 15 Road,Westbound,35.400581911493916,28.336183652778562,1,80.04440074918183,47.22697275463094,Free,low,model
S156780,NR4,Southbound,35.91414054514472,28.74919170441237,1,80.04978336673301,71.87297926103093,Free,low,model
S148325,NR11,Northwest,36.17684642917248,28.961974540109136,3,80.05665888211479,48.26995756684856,Free,ok,history
S125849,NR2,Southbound,26.946580464785438,21.574173033058297,2,80.06274881984392,35.95695505509716,Free,ok,model
S112471,NR1,Eastbound,27.54179878088138,22.05125600238965,1,80.06469068279199,36.75209333731609,Free,low,model
S193079,NR23,Southeast,25.889102106704733,20.728901545470414,1,80.06805898495051,41.45780309094082,Free,low,model
S39966,NR13,Southeast,31.73476218934193,25.409977448660268,1,80.06985304334238,50.81995489732053,Free,low,model
S184510,KK 15 Road,Northbound,35.40058191149391,28.34538181083823,1,80.0703838194112,47.242303018063716,Free,low,model
S164955,NR16,Northeast,27.972903744375092,22.40446353805336,1,80.09344951383012,44.80892707610672,Free,low,model
S138135,NR11,Northwest,39.472823965510244,31.616678547648746,3,80.09733120506938,52.69446424608124,Free,ok,history
S51668,NR11,Eastbound,37.582278155060386,30.105417162864786,1,80.105354546771,50.17569527144131,Free,low,history
S145370,NR16,Eastbound,27.972903744375092,22.409643126640944,1,80.11196596330178,44.81928625328189,Free,low,model
S237131,NR2,Southeast,26.946580464785434,21.588076383327788,1,80.11434479243,35.98012730554631,Free,low,model
S69138,NR11,Northwest,38.61752624217728,30.941130521727302,1,80.12199001999778,51.568550869545504,Free,low,history
S248935,NR1,Westbound,37.22478757589549,29.827564309665444,1,80.12823242806081,49.71260718277574,Free,low,model
S139900,NR1,Southeast,19.01330669109192,15.236921542578598,1,80.13819894735813,25.394869237630996,Free,low,model
S242513,NR2,Southeast,26.946580464785438,21.598673669652204,2,80.15367180959367,35.99778944942034,Free,ok,model
S220332,NR11,Northwest,38.34713925953734,30.737353265049972,2,80.15553143877679,51.228922108416626,Free,ok,history
S170114,KK 15 Road,Westbound,35.400581911493916,28.376954181809438,1,80.15956984197473,47.294923636349054,Free,low,model
S202221,Avenue de l'Indépendance,Eastbound,28.90581371678723,23.173506213074212,3,80.16901527188648,38.62251035512368,Free,ok,history
S136105,NR1,Northeast,26.58974856615663,21.321167363228568,1,80.18566745819516,35.535278938714285,Free,low,model
S225309,NR2,Southeast,26.946580464785434,21.608998853334008,2,80.19198904133037,36.01499808889001,Free,ok,model
S11940,NR11,Northwest,38.0201486305033,30.490529039859258,1,80.19571237393038,50.81754839976543,Free,low,history
S231096,NR2,Southeast,38.53885534669021,30.9067862255784,1,80.19643019374921,51.511310375963994,Free,low,model
S158331,NR2,Eastbound,32.590939066405895,26.139533012202723,1,80.20490897467525,43.565888353671205,Free,low,model
S120730,NR13,Northwest,31.734762189341932,25.454289400218745,1,80.20948525893641,50.90857880043749,Free,low,model
S245581,NR11,Westbound,38.54252263005665,30.91500474309472,1,80.21012282934029,51.52500790515787,Free,low,history
S159415,NR17,Westbound,40.78194305907234,32.71931151428013,1,80.22989847954634,65.43862302856026,Free,low,model
S213910,NR1,Northbound,44.14993836636739,35.43349256218278,1,80.25717333543406,59.055820936971294,Free,low,model
S232115,NR2,Southeast,38.53885534669021,30.93310350496814,1,80.26471784566048,51.555172508280236,Free,low,model
S115960,NR1,Southwest,49.74259336522037,39.92700326144962,1,80.26723288891944,66.54500543574937,Free,low,model
S240139,NR2,Southeast,26.946580464785438,21.629688675824355,1,80.26876992459452,36.04948112637393,Free,low,model
S202441,NR1,Northbound,26.589748566156633,21.343351327171945,1,80.26909797235808,35.572252211953234,Free,low,model
S81747,NR11,Westbound,37.53932439622578,30.135005195905084,2,80.27583255849663,50.225008659841805,Free,ok,history
S188828,NR2,Southeast,26.946580464785434,21.63538656282083,1,80.28991504541578,36.05897760470139,Free,low,model
S201610,NR11,Northwest,37.36196459762811,30.00494298227907,2,80.30879346260048,50.00823830379844,Free,ok,history
S126973,NR1,Southeast,27.541798780881383,22.118502963740035,1,80.30885397032955,36.86417160623339,Free,low,model
S160042,NR11,Northwest,38.04072992839415,30.557076119193162,2,80.3272602200646,50.928460198655266,Free,ok,history
S211701,NR2,Southeast,26.946580464785438,21.64582551509117,1,80.32865447761935,36.076375858485285,Free,low,model
S175115,NR11,Northwest,36.479768201211314,29.308462091546176,1,80.34168948083662,48.84743681924362,Free,low,history
S123345,NR1,Northeast,26.58974856615663,21.364068883613268,1,80.3470135509495,35.60678147268878,Free,low,model
S87006,NR2,Southbound,38.538855346690205,30.96501727900075,1,80.34752719156742,51.60836213166791,Free,low,model
S232991,NR11,Northbound,38.26296962872017,30.74384196355745,2,80.34881312631086,51.23973660592909,Free,ok,history
S191005,NR7,Northbound,27.711273128731587,22.26619293329708,1,80.35066750582115,44.53238586659417,Free,low,model
S117612,NR11,Northwest,37.01574837359306,29.742987132663757,2,80.3522512431015,49.571645221106266,Free,ok,history
S78253,NR11,Northwest,38.94857213557047,31.297832839429457,1,80.35681701113289,52.16305473238242,Free,low,history
S191537,NR13,Northwest,31.734762189341932,25.501705107502488,1,80.35889777698475,51.003410215004976,Free,low,model
S229226,NR2,Eastbound,38.53885534669021,30.969839071475807,1,80.36003870087842,51.61639845245968,Free,low,model
S183571,NR11,Northwest,36.258085580587135,29.13721939252088,2,80.36061178067597,48.562032320868134,Free,ok,history
S155522,NR1,Eastbound,27.541798780881376,22.134054328773374,1,80.36531856495196,36.89009054795562,Free,low,model
S130861,NR13,Eastbound,31.734762189341936,25.512790191638754,1,80.39382819199818,51.0255803832775,Free,low,model
S72669,NR12,Southbound,47.67349198824447,38.328972339849244,1,80.3989192763571,76.65794467969849,Free,low,model
S131943,NR14,Northwest,39.67353198731716,31.89749238427266,1,80.39993110386455,63.79498476854532,Free,low,model
S223444,NR16,Northbound,27.97290374437509,22.49087219334745,1,80.40235078515941,44.9817443866949,Free,low,model
S23750,NR1,Northeast,26.58974856615663,21.380081037502823,1,80.40723282624545,35.63346839583804,Free,low,model
S221443,NR2,Southeast,38.53885534669021,30.995549764679602,1,80.42675239274215,51.65924960779934,Free,low,model
S06120,Kigali-Gatuna Road,Southbound,16.056228679354415,12.91551182322749,1,80.43926180395428,21.52585303871248,Free,low,model
S188210,NR1,Eastbound,27.541798780881383,22.157400784515495,1,80.45008592502113,36.92900130752582,Free,low,model
S164094,NR7,Northbound,27.711273128731587,22.29814542868579,1,80.46597254879148,44.59629085737158,Free,low,model
S180903,NR7,Northwest,27.71127312873159,22.30025708122551,1,80.47359274195225,44.60051416245103,Free,low,model
S194227,NR2,Northeast,32.590939066405895,26.231778563696697,1,80.4879494581238,43.7196309394945,Free,low,model
S204368,KK 15 Road,Northeast,35.400581911493916,28.49385028222298,1,80.48977938685113,47.48975047037163,Free,low,model
S155021,NR1,Northeast,26.589748566156636,21.408693927552786,1,80.5148415536419,35.68115654592131,Free,low,model
S161597,NR17,Southwest,40.78194305907235,32.837166157927136,1,80.51888579796882,65.67433231585426,Free,low,model
S174060,NR2,Southbound,26.946580464785438,21.697400166213285,3,80.5200503810421,36.162333610355475,Free,ok,model
S241551,Ruhengeri-Gisenyi Road,Northeast,29.239660858073158,23.54816088204107,3,80.53500003417226,39.24693480340178,Free,ok,history
S237631,NR2,Eastbound,26.946580464785434,21.703641021869394,1,80.54321048354294,36.17273503644899,Free,low,model
S203844,NR2,Southeast,26.946580464785438,21.705430126495806,1,80.54984993313376,36.17571687749302,Free,low,model
S171546,NR4,Southbound,35.36229040984846,28.4969418654428,1,80.58567908120101,71.242354663607,Free,low,model
S232828,NR11,Northbound,38.41779012323636,30.96274477642883,2,80.59480953252834,51.60457462738138,Free,ok,history
S173114,NR11,Northwest,36.86583021018958,29.71453705253422,1,80.60183883861438,49.52422842089036,Free,low,history
S169705,NR23,Southeast,25.889102106704737,20.872727435192438,1,80.62360505653395,41.745454870384876,Free,low,model
S46157,NR17,Southwest,14.654948199967777,11.816016855275931,1,80.62817209617918,23.632033710551863,Free,low,model
S179788,NR2,Southeast,32.590939066405895,26.278847540793873,1,80.63237296491894,43.798079234656456,Free,low,model
S43025,NR13,Westbound,31.73476218934193,25.593391946245127,2,80.6478138816513,51.186783892490254,Free,ok,model
S215220,NR1,Northbound,44.14993836636739,35.60696982062416,1,80.65010085665011,59.344949701040264,Free,low,model
S185876,Ruhengeri-Gisenyi Road,Northeast,28.85276305140396,23.26984973630355,3,80.650333886034,38.78308289383925,Free,ok,history
S238400,NR2,Southeast,38.53885534669021,31.082158255472418,1,80.65148270715781,51.803597092454034,Free,low,model
S233946,NR7,Southeast,38.211184456364506,30.826685356937837,1,80.67450877410135,61.65337071387568,Free,low,model
S197712,NR11,Northbound,37.864537480378786,30.555696924691194,2,80.69739909149821,50.926161541151984,Free,ok,history
S27632,NR11,Westbound,38.963454261523964,31.44621526058467,1,80.70694925946928,52.410358767641114,Free,low,history
S216970,KK 15 Road,Northbound,35.400581911493916,28.576979625984887,1,80.72460418145405,47.62829937664148,Free,low,model
S232311,KK 15 Road,Northbound,35.400581911493916,28.578008127339814,1,80.72750950475495,47.630013545566364,Free,low,model
S126340,Ruhengeri-Gisenyi Road,Northbound,30.052906022141702,24.264280771851116,1,80.73855072109907,40.44046795308519,Free,low,history
S249483,NR24,Eastbound,29.411287412001744,23.74819856916458,1,80.74518546737858,59.370496422911444,Free,low,model
S199453,NR11,Southwest,37.63006263102209,30.385468416416344,2,80.74785501782999,50.64244736069391,Free,ok,history
S112841,NR23,Southbound,25.889102106704737,20.909560509931488,1,80.76587756404402,41.81912101986298,Free,low,model
S144651,NR14,Westbound,39.67353198731716,32.04385593455846,1,80.76885099315645,64.08771186911692,Free,low,model
S253574,NR4,Southeast,34.30679889772647,27.709823591179095,1,80.77064745616777,69.27455897794775,Free,low,model
S219368,NR1,Northeast,42.21017537319976,34.09448502402303,1,80.77314231125044,56.82414170670505,Free,low,model
S150240,NR1,Northeast,42.21017537319976,34.09617959102249,1,80.77715690485134,56.82696598503749,Free,low,model
S213345,NR24,Eastbound,29.411287412001744,23.75768410665471,1,80.77743681821968,59.394210266636776,Free,low,model
S107293,NR13,Southeast,31.73476218934193,25.63723740499713,1,80.78597612307729,51.27447480999426,Free,low,model
S241283,NR24,Southbound,29.411287412001744,23.760263028693263,1,80.78620529544554,59.400657571733156,Free,low,model
S177564,Kigali-Gatuna Road,Southwest,23.728434041905995,19.170498330199703,1,80.7912494197608,31.95083055033284,Free,low,model
S193678,NR7,Northbound,27.711273128731587,22.390498108566725,1,80.79924009464517,44.78099621713345,Free,low,model
S195194,NR1,Northeast,44.14993836636739,35.67727008108518,1,80.80933156695747,59.46211680180864,Free,low,model
S126274,NR1,Northeast,26.589748566156633,21.488308297376353,1,80.81425908903336,35.81384716229392,Free,low,model
S183621,NR11,Southwest,37.617489796948746,30.405593557869757,3,80.82834267249814,50.675989263116264,Free,ok,history
S196226,Ruhengeri-Gisenyi Road,Northbound,28.019196184631845,22.650380042607544,3,80.83879313793797,37.750633404345905,Free,ok,history
S202329,NR2,Eastbound,32.590939066405895,26.34993689591394,1,80.85049909799913,43.9165614931899,Free,low,model
S96280,NR13,Southeast,31.73476218934193,25.658732628738957,1,80.85371012282677,51.31746525747792,Free,low,model
S139129,NR17,Westbound,40.78194305907234,32.986632290960905,1,80.8853865623323,65.97326458192181,Free,low,model
S256785,NR11,Northwest,36.918729905309704,29.86520892224067,3,80.89446467643897,49.775348203734445,Free,ok,history
S144448,NR17,Southeast,40.78194305907235,32.99118964552494,1,80.89656149472192,65.98237929104988,Free,low,model
S137287,NR2,Southeast,26.946580464785438,21.799556423599633,2,80.89915695272695,36.332594039332726,Free,ok,model
S124543,NR1,Westbound,49.74259336522037,40.24569432747541,1,80.90791332889145,67.07615721245902,Free,low,model
S211097,NR2,Southeast,32.59093906640589,26.369271908959977,1,80.90982544329603,43.9487865149333,Free,low,model
S152507,NR10,Southeast,13.99053326367198,11.325708824690658,1,80.95265999687915,22.651417649381315,Free,low,model
S18693,Kigali-Gatuna Road,Southwest,23.72843404190599,19.209087800118606,1,80.95387907265217,32.015146333531014,Free,low,model
S141671,NR14,Westbound,39.67353198731716,32.11730768810906,1,80.95399143785917,64.23461537621812,Free,low,model
S190922,NR11,Westbound,39.37508749195696,31.878339372745735,1,80.96068200294776,53.1305656212429,Free,low,history
S238371,Kigali-Gatuna Road,Southwest,23.728434041906,19.210772361469825,1,80.96097840903585,32.01795393578304,Free,low,model
S146735,Ruhengeri-Gisenyi Road,Eastbound,27.716813651302004,22.440394315233195,1,80.96310996476701,37.40065719205533,Free,low,history
S36663,NR11,Northbound,38.606983377339255,31.260336409903136,1,80.97067855410764,52.10056068317189,Free,low,history
S219990,NR 19,Southbound,49.189846913168665,39.82953955541923,1,80.97105816516869,79.65907911083846,Free,low,model
S211608,NR4,Northwest,25.215165141504144,20.418319189994552,1,80.97634528828056,51.04579797498637,Free,low,model
S196739,Kigali-Gatuna Road,Northwest,23.728434041905995,19.22222935185328,1,81.0092622121862,32.03704891975546,Free,low,model
S258214,NR1,Westbound,37.22478757589548,30.161294731084038,1,81.02475983130837,50.26882455180672,Free,low,model
S135578,NR11,Northbound,38.138285638982566,30.90495082652535,1,81.03392774146158,51.50825137754225,Free,low,history
S199843,NR2,Southbound,38.538855346690205,31.24572857779912,1,81.07591234020022,52.07621429633186,Free,low,model
S153254,NR17,Southwest,40.78194305907234,33.067537442063745,1,81.08377130085651,66.13507488412749,Free,low,model
S121897,NR4,Northwest,25.215165141504144,20.452284552866974,1,81.11104741171228,51.13071138216743,Free,low,model
S01482,NR2,Eastbound,32.590939066405895,26.43556219252975,1,81.11322640524652,44.059270320882916,Free,low,model
S99336,NR15,Northbound,53.84301586174621,43.67708157503392,1,81.11930744589871,72.79513595838986,Free,low,model
S99010,NR1,Eastbound,26.589748566156633,21.575915236590806,1,81.14373546221711,35.95985872765134,Free,low,model
S145946,NR11,Westbound,38.542583872796726,31.285908800548352,1,81.17231813985849,52.14318133424725,Free,low,history
S168904,NR1,Eastbound,26.58974856615663,21.584125790857176,1,81.17461410797017,35.97354298476196,Free,low,model
S08522,NR13,Southeast,31.73476218934193,25.761856783591394,1,81.1786665672367,51.52371356718279,Free,low,model
S149766,NR2,Eastbound,32.590939066405895,26.466556756756574,1,81.20832818848655,44.11092792792762,Free,low,model
S214768,NR11,Eastbound,39.46646149471984,32.05063578008633,1,81.20980337792467,53.41772630014388,Free,low,history
S254260,Musanze - Rubavu Road,Northeast,50.54912486037208,41.064350220024416,1,81.23652057964065,68.44058370004069,Free,low,model
S224514,NR2,Southeast,32.590939066405895,26.479021591583926,1,81.24657450842828,44.13170265263988,Free,low,model
S180025,Ruhengeri-Gisenyi Road,Northbound,28.624849572664424,23.259663619137836,3,81.25689380512894,38.76610603189639,Free,ok,history
S162206,NR13,Southeast,31.734762189341925,25.787497295185393,2,81.25946286071773,51.574994590370785,Free,ok,model
S117657,Kigali-Gatuna Road,Northwest,23.728434041906,19.282569017463516,1,81.2635548701158,32.13761502910586,Free,low,model
S212527,NR24,Southbound,29.411287412001744,23.90514834118868,1,81.27882335213182,59.76287085297171,Free,low,model
S166226,NR1,Eastbound,26.58974856615663,21.61513340928352,1,81.29122904454694,36.02522234880587,Free,low,model
S225515,NR4,Westbound,35.91414054514472,29.196193093222227,1,81.29442233629979,72.99048273305557,Free,low,model
S205604,NR7,Northbound,27.71127312873159,22.52826733792258,1,81.29639960339762,45.05653467584516,Free,low,model
S129983,NR11,Eastbound,36.25225042533632,29.47246310682549,1,81.29829944633586,49.12077184470915,Free,low,history
S168285,NR11,Northbound,37.44733560711987,30.44464165162984,2,81.29988731652618,50.74106941938307,Free,ok,history
S233886,NR2,Southbound,38.53885534669021,31.34579260664408,1,81.33555686763829,52.242987677740125,Free,low,model
S232393,KK 15 Road,Westbound,35.40058191149391,28.795760931155698,1,81.34262030818834,47.992934885259494,Free,low,model
S211177,NR2,Southeast,38.53885534669021,31.352399250715813,1,81.35269968107242,52.253998751193016,Free,low,model
S229024,NR7,Northwest,27.711273128731587,22.54559004179032,1,81.35891100006738,45.09118008358064,Free,low,model
S145622,NR1,Northeast,44.14993836636739,35.95510820529193,1,81.43863737006227,59.925180342153205,Free,low,model
S220824,NR2,Southwest,38.53885534669021,31.38849080046492,1,81.44634945199695,52.314151334108196,Free,low,model
S136346,NR2,Southeast,38.538855346690205,31.38872300253453,1,81.44695196618044,52.31453833755755,Free,low,model
S55019,NR2,Northeast,32.590939066405895,26.54839296493865,1,81.45942929365977,44.24732160823108,Free,low,model
S168993,NR23,Southeast,25.889102106704737,21.091301503957535,1,81.46787562205692,42.18260300791507,Free,low,model
S67509,NR13,Southeast,31.734762189341925,25.855996247726353,1,81.47531118544211,51.71199249545271,Free,low,model
S191327,NR2,Northeast,32.590939066405895,26.553894232326684,1,81.4763090386,44.25649038721114,Free,low,model
S213506,NR2,Southeast,38.53885534669021,31.40270879365384,1,81.48324207130548,52.33784798942306,Free,low,model
S137661,NR2,Southwest,38.53885534669021,31.40575234444391,1,81.49113942778557,52.34292057407319,Free,low,model
S27743,KK 15 Road,Southbound,11.454154956869825,9.335923592577611,1,81.50687351211563,15.55987265429602,Free,low,model
S149612,NR23,Southeast,25.889102106704737,21.101982669024544,1,81.509133001409,42.20396533804908,Free,low,model
S206577,NR1,Northbound,42.21017537319977,34.435510897866614,1,81.58106568713886,57.392518163111035,Free,low,model
S87012,NR1,Eastbound,26.589748566156633,21.694973720392554,1,81.59149631074686,36.15828953398759,Free,low,model
S157973,NR2,Southeast,32.590939066405895,26.591718060947773,1,81.59236530977408,44.31953010157962,Free,low,model
S149155,NR1,Eastbound,26.589748566156633,21.69617885587471,1,81.59602864199157,36.16029809312452,Free,low,model
S158955,NR1,Eastbound,26.58974856615663,21.697187972966283,1,81.59982377788414,36.16197995494381,Free,low,model
S187369,NR4,Northwest,25.21516514150415,20.57905426563708,1,81.61379927575395,51.447635664092694,Free,low,model
S103748,NR2,Eastbound,32.59093906640589,26.59961250578365,1,81.61658813078515,44.33268750963941,Free,low,model
S156924,NR2,Southeast,26.946580464785434,22.000557025800553,1,81.64507943615152,36.66759504300092,Free,low,model
S132111,NR2,Southbound,38.53885534669021,31.466665462307656,1,81.64919580313915,52.444442437179426,Free,low,model
S249250,NR2,Southeast,38.53885534669021,31.46734839854251,1,81.65096787506165,52.44558066423751,Free,low,model
S206902,NR1,Westbound,49.74259336522037,40.636877012075004,1,81.6943272613687,67.72812835345833,Free,low,model
S96009,NR2,Eastbound,32.5909390664059,26.628477090294496,1,81.7051544174209,44.380795150490826,Free,low,model
S98750,NR15,Southeast,53.84301586174621,43.99572213039075,1,81.71110296525634,73.32620355065124,Free,low,model
S119402,NR2,Southbound,26.946580464785438,22.0223759879913,2,81.72605060879903,36.7039599799855,Free,ok,model
S225014,Kigali-Gatuna Road,Southwest,23.728434041905995,19.394220795643676,1,81.73409488966777,32.32370132607279,Free,low,model
S206312,NR7,Northwest,27.711273128731587,22.65482235336617,1,81.7530910547636,45.30964470673234,Free,low,model
S174323,NR11,Westbound,37.40423796231084,30.580216520225733,1,81.75602067080979,50.967027533709555,Free,low,history
S122509,NR2,Southeast,26.946580464785438,22.03132575987405,1,81.7592636240625,36.71887626645675,Free,low,model
S244272,NR4,Southbound,34.30679889772647,28.053280896858503,2,81.77178226534451,70.13320224214627,Free,ok,model
S167534,Ruhengeri-Gisenyi Road,Northbound,29.52173887360592,24.143051037809094,1,81.7805859647188,40.23841839634849,Free,low,history
S157204,NR11,Northbound,36.281460691824506,29.672388104752528,1,81.78388504473516,49.45398017458754,Free,low,history
S204941,NR17,Southeast,40.78194305907234,33.36157812096874,1,81.80477833693392,66.72315624193747,Free,low,model
S119029,NR13,Southeast,31.734762189341932,25.962571914988676,1,81.81114375487006,51.92514382997735,Free,low,model
S71995,NR23,Southbound,25.889102106704737,21.183237045362322,1,81.82298852255794,42.366474090724644,Free,low,model
S179231,Kigali-Gatuna Road,Southwest,23.728434041905995,19.421524035885454,1,81.849160385324,32.36920672647576,Free,low,model
S252052,NR2,Southeast,26.94658046478544,22.057146302024655,1,81.85508484406607,36.76191050337443,Free,low,model
S235648,NR2,Southeast,32.590939066405895,26.677969309061755,1,81.85701324746695,44.463282181769586,Free,low,model
S65292,NR23,Southeast,25.889102106704733,21.19348697368125,1,81.86258019428408,42.386973947362506,Free,low,model
S166444,NR13,Northeast,31.734762189341925,25.98531650756468,1,81.88281466401476,51.97063301512936,Free,low,model
S228777,NR2,Northeast,32.590939066405895,26.687750509947183,1,81.88702527278937,44.47958418324531,Free,low,model
S257679,NR4,Southwest,34.30679889772647,28.097587554422432,1,81.90093059450228,70.24396888605608,Free,low,model
S122628,NR13,Southeast,31.73476218934193,26.00101990016733,1,81.93229791682425,52.00203980033466,Free,low,model
S188675,NR1,Northeast,42.21017537319977,34.58944371413045,1,81.94574746091223,57.64907285688408,Free,low,model
S191744,NR4,Westbound,35.91414054514473,29.430228092023505,1,81.94607373390758,73.57557023005874,Free,low,model
S140431,NR1,Westbound,59.408562177667164,48.68694781568912,1,81.95274558250713,81.14491302614854,Free,low,model
S152498,NR13,Eastbound,31.73476218934193,26.011186993164667,1,81.96433563286787,52.02237398632933,Free,low,model
S250949,NR6,Westbound,42.52223439212596,34.855947185091594,1,81.97110919351414,69.71189437018317,Free,low,model
S238033,NR24,Southeast,29.411287412001748,24.110299485968714,1,81.97634856381744,60.27574871492178,Free,low,model
S210358,NR1,Southeast,27.54179878088138,22.579205496544233,1,81.98159341799412,37.63200916090705,Free,low,model
S61512,NR11,Northwest,37.72663242855354,30.931269914669137,1,81.98789004888411,51.552116524448564,Free,low,history
S39475,NR7,Northwest,27.711273128731587,22.721969097632865,1,81.99539946100234,45.44393819526573,Free,low,model
S60566,NR7,Southeast,38.211184456364506,31.335775462160637,1,82.006815302846,62.671550924321274,Free,low,model
S158424,NR19,Northbound,59.999996371251214,49.20719353866434,1,82.01199419112264,82.01198923110724,Free,low,model
S110849,NR7,Southeast,38.2111844563645,31.33857601082944,1,82.01414443621009,62.67715202165888,Free,low,model
S194957,NR1,Eastbound,27.54179878088138,22.594905108774775,1,82.03859627519834,37.65817518129129,Free,low,model
S209795,NR4,Northwest,39.55905037010758,32.45439031249948,1,82.04036752364341,81.13597578124869,Free,low,model
S92541,NR14,Northwest,39.673531987317155,32.57080454335738,1,82.09706298337548,65.14160908671477,Free,low,model
S196543,NR1,Northeast,29.433292244244925,24.16412598986597,1,82.09793790428174,60.41031497466493,Free,low,model
S174094,NR1,Northeast,42.21017537319977,34.66339510576898,1,82.12094548125849,57.77232517628163,Free,low,model
S240128,NR11,Northbound,36.8367803727155,30.252504102089638,3,82.12580957400189,50.4208401701494,Free,ok,history
S151239,NR17,Southwest,40.78194305907235,33.49322860496935,1,82.1275939610201,66.9864572099387,Free,low,model
S187425,NR1,Southeast,19.013306691091916,15.617189509438388,1,82.13820858817435,26.028649182397313,Free,low,model
S235625,Avenue de l'Indépendance,Northeast,26.562341390251774,21.827834523768413,3,82.17586771841995,36.37972420628068,Free,ok,history
S200227,NR7,Northwest,27.71127312873159,22.773628604245772,1,82.18182000679582,45.54725720849154,Free,low,model
S242119,Avenue de l'Indépendance,Eastbound,29.57351071797964,24.306367790474628,3,82.18965959863948,40.51061298412438,Free,ok,history
S225964,Kigali-Gatuna Road,Southwest,23.728434041906,19.504063595259716,1,82.19701123476685,32.50677265876619,Free,low,model
S207638,NR1,Northbound,44.14993836636739,36.291505719668876,1,82.20058070865865,60.485842866114794,Free,low,model
S144387,NR7,Northbound,27.71127312873159,22.784035942913928,1,82.21937634215367,45.568071885827855,Free,low,model
S236016,NR2,Southeast,32.590939066405895,26.802040697324486,1,82.23770613885597,44.670067828874146,Free,low,model
S253319,NR2,Eastbound,32.590939066405895,26.810321747573653,1,82.26311519574841,44.68386957928942,Free,low,model
S184084,KK 15 Road,Northeast,35.400581911493916,29.12205796006473,1,82.26434817617881,48.53676326677456,Free,low,model
S160793,NR23,Southeast,25.889102106704737,21.30352864897537,1,82.28763037501483,42.60705729795074,Free,low,model
S116705,Avenue de l'Indépendance,Eastbound,29.368589794945386,24.16966395799992,1,82.29766606689351,40.2827732633332,Free,low,history
S102664,NR2,Northeast,32.590939066405895,26.822291874830405,1,82.2998435859073,44.703819791384014,Free,low,model
S220860,KK 15 Road,Northwest,35.40058191149391,29.135973876551983,1,82.30365802854804,48.55995646091997,Free,low,model
S206739,KK 15 Road,Northeast,35.400581911493916,29.136301449446826,1,82.30458336049783,48.560502415744715,Free,low,model
S157088,NR1,Eastbound,42.21017537319977,34.742186753218306,1,82.30761053714299,57.903644588697176,Free,low,model
S35662,NR11,Northeast,39.49063587873159,32.505949005613836,1,82.31305544289934,54.176581676023055,Free,low,history
S235487,NR2,Southeast,38.53885534669021,31.723530973196684,1,82.31570628607463,52.872551621994475,Free,low,model
S247304,Avenue de l'Indépendance,Northeast,28.25330181834935,23.265241847102832,3,82.34521400961718,38.77540307850472,Free,ok,history
S215339,NR7,Northwest,27.71127312873159,22.822491457774973,1,82.35814843927963,45.644982915549946,Free,low,model
S138853,NR2,Southeast,38.53885534669021,31.74381047848903,1,82.36832721918205,52.90635079748172,Free,low,model
S48868,Ruhengeri-Gisenyi Road,Eastbound,31.68851565998289,26.101385644219675,1,82.36859663698672,43.5023094070328,Free,low,history
S96291,NR13,Eastbound,31.734762189341925,26.14654848233946,2,82.39087574168349,52.29309696467892,Free,ok,model
S28792,NR12,Northeast,47.673491988244486,39.29201048992839,1,82.41898978077202,78.58402097985677,Free,low,model
S215829,NR23,Southeast,25.889102106704733,21.337608466273494,1,82.41926807012555,42.67521693254699,Free,low,model
S224447,NR2,Eastbound,32.590939066405895,26.865540653921567,1,82.4325454359615,44.77590108986928,Free,low,model
S221925,KK 15 Road,Eastbound,35.400581911493916,29.182702203465183,1,82.43565678221266,48.6378370057753,Free,low,model
S186084,Ruhengeri-Gisenyi Road,Northbound,28.699853064206362,23.661460786600454,1,82.44453633147813,39.435767977667425,Free,low,history
S209656,NR11,Northeast,35.708513905836284,29.44272723929473,1,82.45296154562888,49.07121206549122,Free,low,history
S27714,NR17,Westbound,40.78194305907234,33.62622013559319,1,82.45369791940972,67.25244027118637,Free,low,model
S149864,trunk (OSM way 507295266),Westbound,50.430330283008296,41.58173244109094,1,82.4538173907246,51.97716555136368,Free,low,model
S130684,NR11,Westbound,38.76040975217894,31.962174148255784,1,82.46087787154782,53.27029024709297,Free,low,history
S164968,NR23,Southeast,25.889102106704733,21.34912632832907,1,82.46375729964036,42.69825265665815,Free,low,model
S196881,NR11,Northbound,37.51050928231342,30.955649787060185,1,82.52527192867541,51.592749645100305,Free,low,history
S239673,NR6,Westbound,42.52223439212595,35.092575250816886,1,82.5275899831716,70.18515050163379,Free,low,model
S244078,NR4,Southwest,34.30679889772648,28.319780401326714,2,82.54859477199277,70.79945100331679,Free,ok,model
S143297,NR1,Northeast,26.58974856615663,21.95131667622947,1,82.55556317734067,36.585527793715784,Free,low,model
S149254,Musanze - Rubavu Road,Northeast,50.54912486037209,41.732347427024614,1,82.55800182950472,69.55391237837436,Free,low,model
S36812,NR12,Southeast,47.673491988244486,39.35865735607721,1,82.55878836352584,78.71731471215442,Free,low,model
S246848,NR2,Southbound,38.53885534669021,31.820628903355445,1,82.56765442850201,53.03438150559241,Free,low,model
S85941,NR16,Northbound,27.972903744375092,23.100120719041154,1,82.58034607396175,46.200241438082315,Free,low,model
S251525,Musanze - Rubavu Road,Northeast,54.46803216429323,44.98156565920041,1,82.58342347217804,74.96927609866736,Free,low,model
S235501,NR1,Northeast,42.21017537319977,34.85974196045221,1,82.58611022636376,58.099569934087015,Free,low,model
S239564,NR4,Northwest,25.215165141504148,20.82965702841201,1,82.60765658887718,52.07414257103003,Free,low,model
S127048,NR14,Northwest,39.67353198731716,32.78182666327999,1,82.62895946284715,65.56365332655999,Free,low,model
S228931,Kigali-Gatuna Road,Northwest,23.728434041905995,19.606833536526565,1,82.63012005722582,32.67805589421094,Free,low,model
S138418,Avenue de l'Indépendance,Eastbound,28.498633597388462,23.55398475899745,2,82.64952310259491,39.25664126499576,Free,ok,history
S137765,NR17,Westbound,40.78194305907235,33.70930665462661,1,82.65743151521477,67.41861330925322,Free,low,model
S220530,NR11,Northeast,37.72132434176727,31.181503954461952,1,82.66280280073823,51.96917325743659,Free,low,history
S170832,NR15,Northbound,53.84301586174622,44.515303580814674,1,82.67609618138312,74.19217263469112,Free,low,model
S208868,NR16,Southwest,27.972903744375092,23.12886382891653,1,82.68309947467422,46.25772765783306,Free,low,model
S228400,NR4,Southwest,34.30679889772647,28.366006704331276,2,82.68333862595121,70.9150167608282,Free,ok,model
S188707,NR2,Eastbound,32.5909390664059,26.95115633564831,1,82.69524324148436,44.91859389274718,Free,low,model
S144716,NR2,Eastbound,32.590939066405895,26.952319214551494,1,82.69881134641321,44.92053202425249,Free,low,model
S186618,NR11,Northeast,37.98412554843472,31.41407344662355,1,82.703163474348,52.35678907770592,Free,low,history
S205343,NR23,Southeast,25.889102106704737,21.414456096358748,1,82.71610196482192,42.828912192717496,Free,low,model
S244045,NR24,Southeast,29.41128741200175,24.33423264390555,1,82.73773365655383,60.83558160976388,Free,low,model
S59244,KK 15 Road,Northwest,35.40058191149391,29.294680115280872,1,82.75197336733449,48.82446685880145,Free,low,model
S116112,NR1,Westbound,49.74259336522037,41.16490272807265,1,82.75584351992154,68.60817121345443,Free,low,model
S197187,NR16,Northbound,27.972903744375095,23.15192601840226,1,82.76554422083457,46.30385203680452,Free,low,model
S149505,NR11,Westbound,38.3830761515874,31.77382285282782,1,82.78081393826419,52.9563714213797,Free,low,history
S104852,NR16,Northeast,27.972903744375092,23.15905953373283,1,82.79104573971784,46.31811906746566,Free,low,model
S211610,Kigali-Gatuna Road,Northwest,23.728434041905995,19.64952939366606,1,82.81005547590576,32.7492156561101,Free,low,model
S243073,NR24,Northeast,29.411287412001748,24.364960808024314,1,82.8422111100169,60.91240202006079,Free,low,model
S27689,Sonatubes,Southbound,3.1473882098867634,2.60946768976239,2,82.90898725379267,4.34911281627065,Free,ok,history
S216870,NR2,Eastbound,32.590939066405895,27.02239548679731,1,82.9138289993352,45.037325811328856,Free,low,model
S167166,Kigali-Gatuna Road,Southbound,23.728434041905995,19.67473402003054,1,82.9162766716238,32.79122336671757,Free,low,model
S161578,NR11,Northwest,37.91470282499471,31.440886556903706,2,82.9253144935024,52.40147759483951,Free,ok,history
S104644,NR17,Northwest,40.78194305907235,33.8259688605376,1,82.94349489807519,67.6519377210752,Free,low,model
S219965,NR11,Northwest,37.29170928277749,30.94705416627576,2,82.98641913034568,51.578423610459595,Free,ok,history
S78523,NR16,Northbound,27.97290374437509,23.215243280508165,1,82.99189634603589,46.43048656101633,Free,low,model
S172805,NR1,Northbound,42.21017537319977,35.033666522452364,1,82.99815438505868,58.389444204087276,Free,low,model
S141680,NR1,Southbound,26.589748566156633,22.072931663492895,1,83.01293864654015,36.78821943915482,Free,low,model
S237136,NR2,Eastbound,38.538855346690205,31.993091246187017,1,83.015156932871,53.32181874364503,Free,low,model
S217313,NR4,Northeast,35.91414054514472,29.816130281546315,1,83.02058695812839,74.54032570386579,Free,low,model
S142145,NR2,Southeast,26.946580464785438,22.37163882457122,3,83.0221810660062,37.2860647076187,Free,ok,model
S67622,NR17,Westbound,49.999723271469996,41.51201727494426,1,83.02449405481241,83.02403454988853,Free,low,model
S172431,KN7 Road,Southwest,28.808537745297688,23.923414031606256,1,83.04279183871867,59.80853507901564,Free,low,model
S47205,NR13,Northbound,31.734762189341925,26.35376098851325,1,83.04382692794881,52.7075219770265,Free,low,model
S60773,NR11,Northeast,37.39499062833494,31.054713410670395,1,83.0451161743028,51.75785568445066,Free,low,history
S174180,NR17,Southeast,40.78194305907233,33.868080281364975,1,83.04675486478739,67.73616056272995,Free,low,model
S180182,NR13,Eastbound,31.73476218934193,26.356738827921063,1,83.05321045315075,52.71347765584213,Free,low,model
S131208,NR11,Northeast,37.98436221830914,31.547777309616063,1,83.05464529929496,52.579628849360105,Free,low,history
S251587,KK 15 Road,Northbound,35.400581911493916,29.406200186213802,1,83.06699663788902,49.01033364368967,Free,low,model
S154217,NR4,Northeast,35.914140545144726,29.833711519782284,1,83.06954048442498,74.5842787994557,Free,low,model
S23814,Avenue de l'Indépendance,Eastbound,31.663088135438116,26.30597161605457,1,83.08087797226662,43.84328602675762,Free,low,history
S242023,NR23,Southeast,25.88910210670474,21.513073745978915,1,83.09702537117914,43.02614749195783,Free,low,model
S181554,NR2,Southeast,26.946580464785438,22.40228970977909,1,83.13592791135424,37.33714951629848,Free,low,model
S194570,NR17,Southbound,40.78194305907234,33.90680250816065,1,83.1417043053758,67.81360501632132,Free,low,model
S209688,NR2,Southbound,38.538855346690205,32.04390974626374,1,83.14701995687513,53.406516243772906,Free,low,model
S237653,NR16,Northeast,27.972903744375095,23.26118642838873,1,83.15613795749103,46.52237285677746,Free,low,model
S200274,KK 15 Road,Northwest,35.40058191149391,29.43840857344533,1,83.15797928702192,49.06401428907555,Free,low,model
S156317,NR6,Southwest,42.522234392125945,35.36250684016515,1,83.16239103068725,70.7250136803303,Free,low,model
S220277,NR7,Northbound,27.711273128731587,23.04548797906526,1,83.16286253615411,46.09097595813052,Free,low,model
S220410,NR23,Eastbound,25.889102106704737,21.536168387619714,1,83.18623140677519,43.07233677523943,Free,low,model
S69486,NR11,Northbound,58.968733304850645,49.0554056830259,1,83.1888408208197,81.75900947170983,Free,low,model
S173761,NR1,Northbound,44.14993836636739,36.73254019061337,1,83.1995276772471,61.22090031768895,Free,low,model
S128709,NR13,Eastbound,31.73476218934193,26.4037899949113,1,83.20147426149288,52.8075799898226,Free,low,model
S100312,NR2,Southeast,26.946580464785438,22.42104540364141,1,83.20553115428459,37.36840900606902,Free,low,model
S188862,NR11,Northwest,39.32429655776496,32.72228907609941,1,83.21137805486842,54.53714846016569,Free,low,history
S190995,NR7,Southeast,38.2111844563645,31.79700357357223,1,83.21386532752737,63.59400714714446,Free,low,model
S118096,NR1,Southwest,49.74259336522038,41.394690132489586,1,83.21779652412015,68.99115022081598,Free,low,model
S142607,NR1,Eastbound,26.58974856615663,22.12791824308901,1,83.21973480882544,36.87986373848169,Free,low,model
S144978,NR1,Eastbound,26.589748566156633,22.129861915397694,1,83.22704466474168,36.88310319232948,Free,low,model
S185427,NR1,Northbound,29.433292244244925,24.502778945372114,1,83.24851580326741,61.256947363430285,Free,low,model
S191470,NR4,Northbound,35.914140545144726,29.89816420740743,1,83.24900374498701,74.74541051851858,Free,low,model
S223625,KK 15 Road,Westbound,35.400581911493916,29.478524002491664,1,83.27129784530612,49.13087333748611,Free,low,model
S156077,NR11,Northbound,39.012771943990074,32.49054768434444,1,83.28182301680724,54.150912807240736,Free,low,history
S233814,NR4,Northbound,37.596896826758616,31.313129926428886,1,83.2864746011234,78.28282481607222,Free,low,model
S254091,NR4,Northbound,37.596896826758616,31.313563885383605,1,83.2876288425405,78.28390971345901,Free,low,model
S154131,NR2,Southbound,38.53885534669021,32.098502088554326,1,83.28867528576197,53.49750348092388,Free,low,model
S153431,NR14,Northbound,39.673531987317155,33.04585836507147,1,83.294470418302,66.09171673014293,Free,low,model
S230236,NR1,Northeast,42.21017537319977,35.15961296002718,1,83.29653371293702,58.59935493337864,Free,low,model
S194883,NR7,Northwest,27.71127312873159,23.08310475384352,1,83.29860792252994,46.16620950768704,Free,low,model
S119933,NR4,Northwest,25.21516514150414,21.00666481561625,1,83.30964599172621,52.516662039040625,Free,low,model
S49714,NR13,Eastbound,31.734762189341932,26.440667954428733,2,83.3176810863539,52.88133590885746,Free,ok,model
S226286,NR1,Westbound,37.2247875758955,31.015932890477835,1,83.32064441534077,51.693221484129715,Free,low,model
S183958,NR23,Eastbound,25.889102106704733,21.5720460552832,1,83.32481353108223,43.1440921105664,Free,low,model
S233044,NR 19,Northwest,49.6532482577355,41.37546535960483,1,83.32881898246995,82.75093071920966,Free,low,model
S223344,NR17,Southbound,40.78194305907234,33.9836103237219,1,83.3300421083343,67.9672206474438,Free,low,model
S200075,NR 19,Northwest,49.65324825773551,41.38306429475576,1,83.34412298657352,82.76612858951152,Free,low,model
S191188,NR11,Northbound,37.32125393342889,31.10896814392961,3,83.35456305787493,51.84828023988268,Free,ok,history
S246387,NR6,Westbound,42.522234392125945,35.45006084984503,1,83.36829274524082,70.90012169969006,Free,low,model
S143535,NR1,Northbound,42.21017537319977,35.189916522789105,1,83.36832579267607,58.64986087131518,Free,low,model
S187778,NR2,Northeast,32.5909390664059,27.170984101922468,1,83.36974901692778,45.284973503204114,Free,low,model
S160102,NR13,Southeast,31.734762189341932,26.459949421593524,2,83.37843927653586,52.91989884318705,Free,ok,model
S173975,NR1,Northeast,42.21017537319977,35.205377289304145,1,83.40495384830092,58.67562881550691,Free,low,model
S173637,NR2,Southbound,26.946580464785434,22.477168218532192,2,83.4138055027279,37.46194703088699,Free,ok,model
S251879,NR24,Eastbound,29.411287412001748,24.533430070602865,1,83.41501589825546,61.33357517650717,Free,low,model
S248309,NR4,Northbound,37.59689682675862,31.362106504202448,1,83.41674220804647,78.40526626050612,Free,low,model
S51865,NR13,Northwest,31.73476218934193,26.476476539522565,1,83.4305181855582,52.95295307904513,Free,low,model
S249962,NR2,Southeast,26.946580464785438,22.485401969209367,1,83.4443613303511,37.47566994868228,Free,low,model
S114799,NR1,Northeast,26.589748566156633,22.18912616748287,1,83.44992850261524,36.98187694580478,Free,low,model
S88515,NR23,Eastbound,25.889102106704737,21.605717745643467,1,83.45487478319319,43.211435491286935,Free,low,model
S92021,NR10,Eastbound,13.990533263671985,11.677766771420412,1,83.46906119542324,23.35553354284082,Free,low,model
S230720,NR6,Westbound,42.52223439212596,35.49699349446585,1,83.47866475482998,70.9939869889317,Free,low,model
S197430,NR11,Westbound,39.50725455076335,32.98451538374376,1,83.48976854709446,54.9741923062396,Free,low,history
S83468,NR13,Northwest,31.73476218934193,26.49743126633133,2,83.49654901535847,52.99486253266266,Free,ok,model
S176436,NR4,Southbound,34.30679889772647,28.64724629404127,2,83.50311662549122,71.61811573510317,Free,ok,model
S159714,NR1,Northbound,42.21017537319977,35.24790846794066,1,83.5057143361702,58.74651411323443,Free,low,model
S256336,NR1,Westbound,37.22478757589549,31.093740814226354,1,83.52966622262412,51.82290135704392,Free,low,model
S183716,NR2,Southeast,26.946580464785438,22.51102855963134,1,83.53946278656544,37.5183809327189,Free,low,model
S183132,NR2,Southeast,32.590939066405895,27.22775987492955,1,83.54395624946996,45.37959979154925,Free,low,model
S39509,NR1,Southwest,59.7027273519522,49.89222561631377,1,83.56774946342944,83.15370936052295,Free,low,model
S214315,NR11,Northeast,37.97722809806059,31.73901205579067,1,83.57379841898337,52.89835342631779,Free,low,history
S137977,NR11,Northbound,38.984170436629725,32.58573601399646,1,83.5870961188358,54.309560023327435,Free,low,history
S209746,NR1,Westbound,37.22478757589549,31.115335693622185,1,83.58767831833266,51.858892822703645,Free,low,model
S192937,NR23,Southeast,25.889102106704737,21.641550785183426,1,83.59328452561017,43.28310157036685,Free,low,model
S244698,NR1,Southeast,59.41738937066843,49.66896811858022,1,83.5933194720592,82.78161353096704,Free,low,model
S178791,NR2,Northbound,32.590939066405895,27.249247137477195,1,83.60988642258913,45.41541189579532,Free,low,model
S224286,NR2,Southeast,32.590939066405895,27.265677963210727,1,83.66030174109238,45.44279660535121,Free,low,model
S242724,NR1,Westbound,37.22478757589548,31.142372010274613,1,83.66030819324413,51.903953350457684,Free,low,model
S09609,NR11,Northeast,37.71919351056229,31.557247442640435,1,83.66363250530168,52.595412404400726,Free,low,history
S246354,NR24,Southeast,29.411287412001748,24.609113981451905,1,83.67234537108281,61.52278495362977,Free,low,model
S238266,KK 15 Road,Northwest,35.40058191149391,29.627916423194197,1,83.69330339616413,49.37986070532366,Free,low,model
S174623,NR14,Northbound,39.673531987317155,33.21464795485955,1,83.71991675830027,66.4292959097191,Free,low,model
S66837,KN7 Road,Northwest,38.31856727405711,32.088180440045114,1,83.74055379092901,80.2204511001128,Free,low,model
S248218,NR11,Northbound,39.42194961277154,33.01798489963085,1,83.75533230587358,55.029974832718075,Free,low,history
S11291,NR7,Northbound,27.711273128731587,23.21005972071633,1,83.7567426544964,46.420119441432654,Free,low,model
S82753,NR17,Westbound,40.78194305907235,34.16193946023388,1,83.76731685086844,68.32387892046776,Free,low,model
S249948,NR4,Southbound,34.306798897726466,28.740039903458573,2,83.77359831541494,71.85009975864644,Free,ok,model
S243645,NR11,Northeast,37.60484658246549,31.5043232075434,1,83.77729487196828,52.50720534590567,Free,low,history
S60191,NR15,Eastbound,53.84301586174622,45.12371482856818,2,83.80606863559285,75.20619138094698,Free,ok,model
S145610,NR4,Southeast,34.30679889772647,28.75274358045023,1,83.81062793461527,71.88185895112557,Free,low,model
S94845,NR11,Northwest,40.298582524123916,33.77953676521102,1,83.82313880392591,56.29922794201836,Free,low,history
S129322,NR11,Northwest,37.13298707953105,31.13195695375649,2,83.83908595093195,51.88659492292748,Free,ok,history
S230470,NR2,Southeast,32.590939066405895,27.324515389157636,1,83.84083482063029,45.54085898192939,Free,low,model
S227688,KK 15 Road,Northwest,35.40058191149391,29.683492839576925,1,83.85029634199105,49.47248806596155,Free,low,model
S226238,KN7 Road,Westbound,38.31856727405711,32.13394808792993,1,83.85999366339993,80.33487021982482,Free,low,model
S185125,NR23,Southeast,25.88910210670474,21.714788423964407,1,83.8761743627282,43.429576847928814,Free,low,model
S176571,KK 15 Road,Northbound,35.40058191149391,29.694071649586327,1,83.88017949486083,49.49011941597721,Free,low,model
S200021,NR11,Northwest,37.5441565803771,31.49238079504344,2,83.88091160770225,52.4873013250724,Free,ok,history
S175301,NR1,Westbound,49.74259336522037,41.72727886079427,1,83.8864161231482,69.54546476799045,Free,low,model
S164318,NR15,Eastbound,53.84301586174621,45.168253187250414,2,83.88878755088652,75.28042197875068,Free,ok,model
S171495,NR2,Southbound,26.94658046478544,22.610225127130388,1,83.90758581289406,37.68370854521731,Free,low,model
S166597,NR1,Northeast,26.58974856615663,22.315334104545023,1,83.92457735741033,37.192223507575044,Free,low,model
S199431,NR2,Southeast,26.946580464785438,22.617823294301385,1,83.9357829608807,37.69637215716897,Free,low,model
S58463,NR11,Southwest,38.72357363262141,32.50329532567959,1,83.93671419390448,54.17215887613265,Free,low,history
S195813,NR1,Northeast,29.433292244244928,24.712412528757042,1,83.96074867767823,61.7810313218926,Free,low,model
S180308,NR1,Northeast,29.433292244244925,24.712726887705365,1,83.96181671636626,61.78181721926342,Free,low,model
S78535,NR2,Eastbound,32.590939066405895,27.364643378562718,1,83.96396103470876,45.6077389642712,Free,low,model
S176159,NR2,Southeast,38.538855346690205,32.36323387254421,1,83.97559704721128,53.938723120907014,Free,low,model
S199756,NR11,Northbound,38.90693803611127,32.680221634209964,1,83.99587138900006,54.4670360570166,Free,low,history
S60961,NR11,Northbound,37.41733033424922,31.432416660754626,1,84.00496876706241,52.38736110125771,Free,low,history
S199809,KK 15 Road,Northeast,35.40058191149391,29.746040452739212,1,84.02698161038202,49.576734087898686,Free,low,model
S189154,Kigali-Gatuna Road,Northwest,59.6601766337449,50.14892862375609,1,84.05762680124371,83.58154770626015,Free,low,model
S182741,NR13,Northeast,31.73476218934193,26.680118031538772,1,84.07221668262335,53.360236063077544,Free,low,model
S216585,NR1,Northeast,29.433292244244928,24.74660339776076,1,84.07691260769323,61.8665084944019,Free,low,model
S185117,NR1,Northbound,26.58974856615663,22.360654846628695,1,84.09502177500575,37.2677580777145,Free,low,model
S159648,NR2,Southeast,38.538855346690205,32.410809134347076,1,84.09904456887452,54.018015223911796,Free,low,model
S179916,NR1,Westbound,59.70272735195219,50.22181081523068,1,84.11979325361341,83.70301802538447,Free,low,model
S78952,NR17,Southeast,40.78194305907235,34.307846258557184,1,84.12508989300122,68.61569251711437,Free,low,model
S221441,NR4,Northwest,39.5691868951222,33.28915111199613,1,84.12897439674144,83.22287777999031,Free,low,model
S156125,NR2,Northbound,32.590939066405895,27.42181272014303,1,84.13937586845695,45.70302120023838,Free,low,model
S144699,NR4,Southbound,35.36229040984846,29.754633050461525,1,84.1422676687673,74.38658262615381,Free,low,model
S198988,NR11,Westbound,37.61329533617802,31.65292645241868,2,84.15355838809897,52.754877420697795,Free,ok,history
S14723,NR17,Southbound,40.78194305907235,34.32402452825789,1,84.16476007173024,68.64804905651577,Free,low,model
S83420,Kigali-Gatuna Road,Northwest,59.978197723262284,50.48537036833655,1,84.17286995063543,84.14228394722757,Free,low,model
S31322,NR17,Southwest,40.78194305907235,34.34063996784912,1,84.20550221971267,68.68127993569824,Free,low,model
S233550,NR23,Southeast,25.889102106704733,21.801219954806363,1,84.21002731168613,43.602439909612734,Free,low,model
S211398,NR16,Northwest,27.97290374437509,23.570793523119466,1,84.26294866817028,47.141587046238925,Free,low,model
S141059,NR15,Southeast,53.84301586174621,45.37219377068348,1,84.26755642214873,75.62032295113914,Free,low,model
S222352,NR4,Southeast,35.36229040984846,29.80478540775413,1,84.28409207185697,74.51196351938532,Free,low,model
S159344,NR2,Northeast,32.590939066405895,27.472809594130563,1,84.29585148851694,45.7880159902176,Free,low,model
S230263,NR4,Northbound,25.215165141504148,21.25701218239942,1,84.30249043822597,53.14253045599855,Free,low,model
S198377,NR1,Northbound,29.433292244244928,24.819530100555827,1,84.32468204574964,62.048825251389566,Free,low,model
S144539,Kigali-Gatuna Road,Northwest,23.72843404190599,20.00919306721755,1,84.32580520012397,33.34865511202925,Free,low,model
S244060,NR 19,Southbound,49.18984691316866,41.48564762841552,1,84.33782626249516,82.97129525683104,Free,low,model
S189873,NR11,Northbound,36.051275292567695,30.408886161429308,1,84.3489888073346,50.681476935715516,Free,low,history
S240262,Rubavu-Karongi Road,Northwest,58.7030039575821,49.524464136179894,1,84.36444610562948,82.54077356029983,Free,low,model
S21577,NR7,Northwest,27.711273128731584,23.385396400744845,1,84.3894695566997,46.77079280148969,Free,low,model
S141734,NR13,Northeast,31.73476218934193,26.782782242796493,2,84.39572379020836,53.565564485592986,Free,ok,model
S137620,NR11,Northeast,37.67097534023608,31.79845326319039,1,84.41101664077888,52.99742210531732,Free,low,history
S246244,NR4,Southwest,34.30679889772647,28.962540598558494,2,84.42215983164158,72.40635149639624,Free,ok,model
S76879,NR11,Westbound,38.0502675113524,32.12575825157992,1,84.42978289704563,53.54293041929986,Free,low,history
S208308,NR4,Westbound,35.914140545144726,30.327294679469148,1,84.44388260202743,75.81823669867286,Free,low,model
S123583,NR12,Northbound,47.67349198824448,40.265727741779905,1,84.46146078770313,80.53145548355981,Free,low,model
S47802,NR13,Westbound,31.734762189341925,26.809656311392043,2,84.48040716812437,53.619312622784086,Free,ok,model
S237557,NR1,Northbound,44.149938366367394,37.29954157152615,1,84.48379080850597,62.16590261921024,Free,low,model
S248382,NR4,Southbound,34.30679889772647,29.00040303387472,1,84.53252406419239,72.50100758468679,Free,low,model
S163157,NR1,Southeast,27.541798780881383,23.282313636738852,1,84.53447003214865,38.80385606123142,Free,low,model
S208852,NR1,Westbound,49.74259336522037,42.05467874074715,1,84.54460432324674,70.09113123457858,Free,low,model
S225166,NR16,Northeast,27.972903744375095,23.650629084666797,1,84.54835186505285,47.30125816933359,Free,low,model
S59234,Rubavu-Karongi Road,Northwest,58.70300395758209,49.64131572288473,1,84.56350165445502,82.73552620480788,Free,low,model
S172902,NR13,Eastbound,31.734762189341925,26.837444223865766,1,84.56797017649966,53.67488844773154,Free,low,model
S50265,NR17,Southwest,40.78194305907235,34.49527944792881,1,84.58468837044535,68.99055889585762,Free,low,model
S255151,NR4,Northbound,37.596896826758616,31.803389082923914,1,84.59046295621046,79.50847270730978,Free,low,model
S201913,NR6,Westbound,42.52223439212595,35.97070717880603,1,84.59270236623995,71.94141435761206,Free,low,model
S229006,NR2,Southeast,38.53885534669021,32.60211660736393,1,84.5954461129678,54.33686101227321,Free,low,model
S98574,NR14,Southwest,39.673531987317155,33.563699064924634,1,84.59972526684614,67.12739812984928,Free,low,model
S87604,NR17,Southwest,40.78194305907234,34.50169038844961,1,84.60040841721094,69.00338077689922,Free,low,model
S115436,NR16,Eastbound,27.972903744375095,23.666023285414276,1,84.60338440971877,47.33204657082855,Free,low,model
S184655,NR2,Northwest,59.96094446308104,50.735161803815785,1,84.61368021821983,84.55860300635963,Free,low,model
S204093,NR2,Northeast,32.590939066405895,27.576669142946358,1,84.61452763529557,45.96111523824393,Free,low,model
S243058,NR6,Westbound,42.52223439212595,35.98149355009378,1,84.618068792633,71.96298710018756,Free,low,model
S222248,NR11,Westbound,37.17503986209348,31.457443556822337,3,84.61979778237914,52.4290725947039,Free,ok,history
S204903,NR4,Northwest,25.215165141504144,21.337549303132096,1,84.6218899752931,53.34387325783024,Free,low,model
S204560,NR4,Southbound,34.30679889772647,29.03315228933383,1,84.6279840211436,72.58288072333457,Free,low,model
S113330,NR1,Southeast,26.589748566156633,22.50761229435859,1,84.64770638337748,37.51268715726432,Free,low,model
S86641,NR15,Southeast,53.84301586174622,45.58434290044458,1,84.66157062504152,75.97390483407429,Free,low,model
S223664,NR11,Northeast,36.982177394652155,31.313967561630065,1,84.6731311341291,52.18994593605011,Free,low,history
S115542,NR13,Northeast,31.734762189341932,26.879250874656705,1,84.69970789219923,53.75850174931341,Free,low,model
S242851,Musanze - Rubavu Road,Northeast,50.54912486037209,42.814980859499904,1,84.69974698427399,71.35830143249983,Free,low,model
S137267,NR7,Southbound,38.211184456364506,32.36990536535104,1,84.7131692615183,64.73981073070208,Free,low,model
S84422,NR12,Southbound,47.67349198824447,40.40143892101079,1,84.74612879411715,80.80287784202159,Free,low,model
S230374,KK 15 Road,Northwest,35.40058191149391,30.011261608786405,1,84.77618160011744,50.01876934797734,Free,low,model
S145882,Avenue de l'Indépendance,Northeast,29.221836964851835,24.774777837666242,1,84.781726307848,41.291296396110404,Free,low,history
S176181,NR1,Northeast,42.21017537319977,35.787914890628734,1,84.78504193410986,59.64652481771456,Free,low,model
S242761,NR2,Southeast,38.53885534669021,32.68393062779345,1,84.8077358130472,54.47321771298909,Free,low,model
S27540,NR17,Southbound,40.78194305907233,34.58849843641107,1,84.81326744610942,69.17699687282214,Free,low,model
S227653,NR4,Westbound,35.91414054514472,30.463014136031592,1,84.82178237772122,76.15753534007898,Free,low,model
S246462,NR4,Westbound,34.30679889772647,29.11401891984462,1,84.86370006900883,72.78504729961155,Free,low,model
S116984,NR2,Northeast,32.590939066405895,27.659488175882423,1,84.86864437850238,46.09914695980404,Free,low,model
S49451,NR15,Southeast,53.84301586174622,45.69969262903419,1,84.87580403441405,76.16615438172364,Free,low,model
S72439,NR15,Northeast,53.843015861746224,45.70608436431884,2,84.88767509175054,76.17680727386474,Free,ok,model
S66773,NR1,Northeast,26.589748566156633,22.572438442912425,1,84.89150766789336,37.620730738187376,Free,low,model
S111249,NR2,Southeast,38.53885534669021,32.72043901221123,1,84.90246717984405,54.53406502035205,Free,low,model
S216442,KK 15 Road,Westbound,35.40058191149391,30.06016908278515,1,84.91433603532143,50.10028180464192,Free,low,model
S224715,NR4,Southwest,34.30679889772647,29.135551709540476,1,84.92646544026964,72.83887927385119,Free,low,model
S201554,NR14,Northbound,39.673531987317155,33.69643588596498,1,84.93429800184431,67.39287177192996,Free,low,model
S58328,NR11,Eastbound,58.96873330485063,50.090413820003775,1,84.9440220481783,83.48402303333962,Free,low,model
S01706,NR12,Southwest,47.67349198824448,40.496833964017625,1,84.94622960282308,80.99366792803525,Free,low,model
S249974,NR4,Southeast,34.30679889772647,29.150783951617363,1,84.97086550837945,72.87695987904341,Free,low,model
S63530,NR13,Eastbound,31.73476218934193,26.97335150117083,2,84.99623012845448,53.94670300234166,Free,ok,model
S206339,NR4,Southwest,35.36229040984846,30.061085051351927,1,85.00887443359682,75.15271262837982,Free,low,model
S117524,NR2,Southeast,38.53885534669021,32.768728213213315,1,85.02776721942146,54.614547022022194,Free,low,model
S250922,NR24,Southwest,29.411287412001748,25.012413577289195,1,85.04358624941551,62.53103394322299,Free,low,model
S244470,NR4,Northwest,25.215165141504144,21.446011697078042,1,85.05203744145987,53.61502924269511,Free,low,model
S220482,Avenue de l'Indépendance,Southeast,27.952599688140864,23.778842462071808,3,85.06844704022356,39.631404103453015,Free,ok,history
S38714,NR1,Northbound,44.149938366367394,37.564899700744114,1,85.08482931283174,62.60816616790685,Free,low,model
S246520,Musanze - Rubavu Road,Northeast,50.54912486037209,43.011014228634906,1,85.08755462619952,71.6850237143915,Free,low,model
S245177,NR17,Southbound,40.78194305907234,34.70779218179052,1,85.10578353639636,69.41558436358105,Free,low,model
S143231,NR19,Eastbound,49.999996976042674,42.55798444781901,1,85.11597404337948,85.11596889563803,Free,low,model
S15219,NR17,Eastbound,49.999723271469996,42.5584088405836,1,85.11728876881119,85.11681768116722,Free,low,model
S229514,NR7,Northwest,27.711273128731587,23.59829836390947,1,85.15775603049539,47.19659672781895,Free,low,model
S208406,NR4,Southbound,35.36229040984846,30.120330385755285,1,85.17641260410755,75.30082596438821,Free,low,model
S68364,NR14,Southbound,39.673531987317155,33.798386650210475,1,85.1912722593369,67.59677330042095,Free,low,model
S55744,NR7,Eastbound,38.211184456364506,32.55365635895699,1,85.19405200886101,65.10731271791398,Free,low,model
S163507,NR17,Southbound,40.78194305907234,34.74738291805427,1,85.2028626191816,69.49476583610854,Free,low,model
S93621,NR17,Eastbound,40.78194305907234,34.750367095515834,1,85.21018001810307,69.50073419103167,Free,low,model
S102676,NR1,Northwest,59.70272735195219,50.88012676156272,1,85.22244965731707,84.8002112692712,Free,low,model
S106367,KK 3 Rd,Westbound,16.717947994209347,14.248821703152183,1,85.23068565644297,17.81102712894023,Free,low,model
S100191,NR14,Westbound,39.673531987317155,33.816054528215865,1,85.23580542066733,67.63210905643173,Free,low,model
S245600,NR23,Southeast,25.889102106704737,22.06902523144902,1,85.24445977496302,44.13805046289804,Free,low,model
S194905,NR11,Northbound,49.866786260175644,42.52810258796306,2,85.28342365212059,70.88017097993843,Free,ok,history
S100426,NR23,Southeast,25.889102106704737,22.08058946300393,1,85.28912811265678,44.161178926007864,Free,low,model
S228563,NR11,Northwest,38.68472437106797,32.999078761643034,2,85.30260793669453,54.99846460273839,Free,ok,history
S238928,NR4,Southbound,34.30679889772647,29.265159567391756,2,85.30425602993571,73.16289891847939,Free,ok,model
S123007,NR13,Westbound,31.734762189341925,27.07113003529178,2,85.30434188784808,54.14226007058356,Free,ok,model
S244917,NR4,Southbound,34.30679889772647,29.26644132825641,2,85.3079922014989,73.16610332064103,Free,ok,model
S250222,NR1,Northeast,42.21017537319977,36.011656446984155,1,85.31510738486247,60.01942741164026,Free,low,model
S126205,NR1,Westbound,49.74259336522038,42.4504853823866,2,85.34031402566085,70.75080897064434,Free,ok,model
S207552,NR11,Northbound,58.96873330485064,50.33893845013198,1,85.36547358054104,83.89823075021995,Free,low,model
S239804,NR24,Northwest,39.99745333727994,34.147814023892536,1,85.3749705911021,85.36953505973135,Free,low,model
S149168,NR13,Northeast,31.734762189341932,27.094238745847854,1,85.3771601759392,54.1884774916957,Free,low,model
S201777,NR17,Southeast,40.78194305907234,34.82110612333134,1,85.38363675534839,69.64221224666268,Free,low,model
S98442,NR17,Southwest,40.78194305907234,34.824465017760375,1,85.39187298485852,69.64893003552075,Free,low,model
S198437,Kigali-Gatuna Road,Southwest,23.728434041905995,20.26309584373852,1,85.39584115813349,33.771826406230865,Free,low,model
S236698,KK 15 Road,Northbound,35.40058191149391,30.23633548825838,1,85.41197306827661,50.39389248043063,Free,low,model
S236701,NR4,Southbound,34.30679889772647,29.303728896217887,2,85.41668076807906,73.25932224054472,Free,ok,model
S186050,NR12,Eastbound,47.67349198824447,40.72359137129987,1,85.42187633610237,81.44718274259974,Free,low,model
S119228,NR7,Northwest,27.71127312873159,23.672828421693975,1,85.42670815491881,47.34565684338795,Free,low,model
S237738,NR11,Northeast,37.58345404455295,32.10905824013534,2,85.43402690469046,53.51509706689223,Free,ok,history
S214237,KK 15 Road,Northeast,35.400581911493916,30.245191241720242,1,85.43698890977886,50.40865206953374,Free,low,model
S174433,NR1,Eastbound,27.541798780881383,23.53210148447763,1,85.44141096845442,39.220169140796045,Free,low,model
S47925,NR12,Southwest,47.67349198824448,40.73298940436821,1,85.44158966666909,81.46597880873642,Free,low,model
S238466,NR24,Southeast,29.41128741200175,25.13356206498672,1,85.45549779208427,62.83390516246679,Free,low,model
S176750,NR4,Southwest,34.30679889772648,29.32321627612236,1,85.47348402728888,73.30804069030589,Free,low,model
S152131,NR2,Southeast,38.53885534669021,32.951687260042995,1,85.50250640195246,54.91947876673832,Free,low,model
S212819,NR17,Southwest,40.78194305907234,34.87242141197471,1,85.50946520979217,69.74484282394943,Free,low,model
S229123,NR4,Southbound,35.36229040984847,30.240090832215564,1,85.51507971269201,75.60022708053891,Free,low,model
S111769,NR1,Southbound,59.41738937066843,50.816373146183494,1,85.52441243954947,84.69395524363917,Free,low,model
S252590,NR11,Northeast,36.65794650970459,31.354170563320142,2,85.53171562684136,52.25695093886691,Free,ok,history
S63689,NR14,Southwest,39.67353198731716,33.93674441912231,1,85.54001299902215,67.87348883824463,Free,low,model
S52057,NR13,Eastbound,31.734762189341932,27.155679179631814,1,85.57076627078682,54.31135835926363,Free,low,model
S168228,NR11,Northbound,36.56966820746135,31.293081708640013,1,85.57113925976296,52.15513618106669,Free,low,history
S199752,NR2,Southeast,38.53885534669021,32.98019942170706,1,85.57648929897307,54.966999036178436,Free,low,model
S173720,NR1,Eastbound,27.54179878088138,23.572483911411418,1,85.58803329786386,39.2874731856857,Free,low,model
S50215,Ruhengeri-Gisenyi Road,Northbound,29.42972927225805,25.190831733435125,1,85.59654592942951,41.984719555725206,Free,low,history
S108199,NR14,Westbound,39.67353198731716,33.96000046099157,1,85.59863153058294,67.92000092198315,Free,low,model
S172996,NR14,Westbound,39.67353198731717,33.96302547284267,1,85.606256291222,67.92605094568535,Free,low,model
S244279,NR24,Eastbound,29.41128741200175,25.180214389225846,1,85.61411826858912,62.95053597306461,Free,low,model
S92403,NR19,Eastbound,59.99999637125121,51.36877442808176,1,85.61462922470264,85.61462404680293,Free,low,model
S223453,NR16,Northbound,49.69756305651192,42.548991655363146,1,85.61585123797717,85.09798331072629,Free,low,model
S252930,NR4,Southwest,34.306798897726466,29.389103300904573,2,85.66553641019595,73.47275825226143,Free,ok,model
S201214,NR2,Southeast,32.59093906640589,27.922928649685375,1,85.67696865926699,46.53821441614229,Free,low,model
S182245,NR14,Westbound,39.67353198731716,33.99889714421386,1,85.6966734272175,67.99779428842773,Free,low,model
S162418,NR12,Northbound,47.67349198824448,40.855347355029615,1,85.69824791753013,81.71069471005923,Free,low,model
S194444,NR4,Southwest,34.30679889772647,29.4055976438969,2,85.71361534359191,73.51399410974224,Free,ok,model
S161409,NR13,Southeast,31.734762189341932,27.2066351312667,1,85.73133451872536,54.413270262533395,Free,low,model
S233764,NR 19,Northwest,49.6532482577355,42.579216445198455,1,85.75313386182145,85.15843289039692,Free,low,model
S32303,NR13,Northwest,31.73476218934193,27.22327690826615,1,85.78377473207928,54.44655381653231,Free,low,model
S181981,NR4,Southwest,34.30679889772647,29.434000920231707,1,85.79640731849894,73.58500230057926,Free,low,model
S166319,NR1,Northbound,44.149938366367394,37.881347551779015,1,85.80158648791303,63.13557925296503,Free,low,model
S138535,Ruhengeri-Gisenyi Road,Northbound,27.384130245568088,23.498576611533636,2,85.8109291798183,39.16429435255606,Free,ok,history
S201986,NR1,Northeast,42.21017537319976,36.224198514960435,1,85.81864016125371,60.37366419160072,Free,low,model
S177927,NR11,Westbound,37.11327199385136,31.854589977034315,1,85.83072379689868,53.09098329505719,Free,low,history
S177475,NR13,Northwest,31.734762189341932,27.240935510271058,1,85.83941908164,54.481871020542116,Free,low,model
S134163,NR2,Southbound,38.53885534669021,33.08321743846856,1,85.84379878659216,55.13869573078093,Free,low,model
S231097,Musanze - Rubavu Road,Northeast,50.54912486037208,43.41207293648278,1,85.88095848621826,72.35345489413797,Free,low,model
S94407,NR1,Westbound,49.74259336522037,42.72066738277027,1,85.88347428753126,71.20111230461711,Free,low,model
S83484,NR13,Northwest,31.734762189341925,27.26155442216128,1,85.90439171879798,54.52310884432256,Free,low,model
S153180,NR11,Northeast,58.96873330485064,50.68150918242935,1,85.94640980402474,84.4691819707156,Free,low,model
S100803,NR14,Northwest,39.67353198731716,34.099210574782184,1,85.9495206670357,68.19842114956437,Free,low,model
S120119,NR11,Southbound,58.96873330485064,50.68783522568546,1,85.95713759636752,84.47972537614243,Free,low,model
S37213,NR15,Southeast,53.84301586174621,46.28222490242036,2,85.957712735223,77.13704150403393,Free,ok,model
S131183,trunk (OSM way 507295266),Westbound,50.43033028300828,43.36248485049184,1,85.98493130452916,54.203106063114795,Free,low,model
S231625,NR4,Southeast,36.72398451497722,31.58109274138062,2,85.99582305264516,78.95273185345157,Free,ok,model
S178148,NR1,Westbound,49.74259336522037,42.78111852200342,1,86.00500220785761,71.30186420333902,Free,low,model
S200804,NR11,Northbound,36.496299852520956,31.389169330722805,3,86.00644300261747,52.315282217871335,Free,ok,history
S202015,NR4,Westbound,25.215165141504148,21.696538408315593,1,86.04559314427452,54.24134602078898,Free,low,model
S179505,NR1,Northeast,44.149938366367394,37.995341968293836,1,86.05978484726036,63.325569947156396,Free,low,model
S257567,NR4,Westbound,34.30679889772648,29.52459103046488,1,86.06046608569324,73.8114775761622,Free,low,model
S176365,NR1,Eastbound,42.21017537319977,36.32983645423117,1,86.06890668665129,60.549727423718615,Free,low,model
S240443,NR11,Northbound,37.5654786522106,32.33423989411089,2,86.07434552736127,53.89039982351815,Free,ok,history
S109259,NR13,Southeast,31.734762189341932,27.317301631509697,2,86.08005778812537,54.634603263019386,Free,ok,model
S113417,NR2,Southeast,38.53885534669021,33.17671177223731,1,86.0863963752535,55.29451962039552,Free,low,model
S111856,NR16,Northbound,27.97290374437509,24.08170511712523,1,86.08940043261573,48.163410234250456,Free,low,model
S247556,NR4,Southbound,34.30679889772647,29.535080441686762,1,86.09104139892244,73.8377011042169,Free,low,model
S38120,NR14,Southwest,39.673531987317155,34.15758153732913,1,86.096648889866,68.31516307465826,Free,low,model
S217159,NR 19,Northbound,49.653248257735505,42.751407289991874,1,86.09992052902926,85.50281457998375,Free,low,model
S219836,NR2,Southeast,38.53885534669021,33.18439168166329,1,86.10632408031088,55.307319469438816,Free,low,model
S240836,NR4,Southbound,35.36229040984847,30.45126771177323,1,86.11226071287648,76.12816927943308,Free,low,model
S119290,NR16,Northeast,49.69756305651192,42.81107882890433,1,86.14321547361014,85.62215765780866,Free,low,model
S253110,NR1,Westbound,37.22478757589549,32.06708522013172,1,86.1444411328123,53.44514203355288,Free,low,model
S26181,NR11,Northbound,38.0745468928728,32.801845518627395,1,86.15163723660122,54.669742531045664,Free,low,history
S105824,NR13,Northeast,31.734762189341925,27.34426333994444,2,86.16501732957045,54.68852667988888,Free,ok,model
S192825,KK 15 Road,Westbound,35.40058191149391,30.506054137421625,1,86.1738776319857,50.843423562369374,Free,low,model
S50007,NR15,Southwest,53.84301586174621,46.41255419624754,1,86.19976695848906,77.35425699374589,Free,low,model
S152578,NR17,Southwest,40.78194305907234,35.16036523200719,1,86.21552234791183,70.32073046401437,Free,low,model
S234317,NR17,Southbound,40.78194305907234,35.168710164619895,1,86.235984670172,70.3374203292398,Free,low,model
S221673,NR14,Westbound,39.67353198731716,34.225045528139866,1,86.26669674653856,68.45009105627973,Free,low,model
S232627,Kigali-Gatuna Road,Northeast,59.660176633744896,51.47268780170365,1,86.27645894797729,85.78781300283943,Free,low,model
S243921,NR24,Southeast,29.411287412001748,25.37623157801475,1,86.28058752592915,63.440578945036876,Free,low,model
S166798,NR1,Southbound,26.589748566156626,22.944197289949532,1,86.28963614628857,38.240328816582554,Free,low,model
S221992,NR19,Northeast,59.999996371251214,51.78478530220697,1,86.30798072351129,86.30797550367829,Free,low,model
S220244,NR11,Northbound,36.992407436388135,31.933745234615472,2,86.32513385220602,53.22290872435912,Free,ok,history
S196095,NR6,Westbound,42.52223439212595,36.712709242231576,1,86.33767666976091,73.42541848446314,Free,low,model
S132499,NR17,Southbound,40.78194305907235,35.21892659156034,1,86.35911864362613,70.43785318312068,Free,low,model
S96895,Rubavu - Karongi Road,Northwest,58.70300395758209,50.69662236774084,1,86.36120632663612,84.49437061290139,Free,low,model
S188260,NR2,Southeast,38.53885534669021,33.28455405819059,1,86.36622379872817,55.47425676365098,Free,low,model
S239723,KN7 Road,Northbound,38.31856727405711,33.09487347340246,3,86.3677215191935,82.73718368350615,Free,ok,model
S76059,NR11,Eastbound,58.96873330485063,50.94433119876202,1,86.3921070432277,84.90721866460338,Free,low,model
S201286,NR1,Southeast,27.54179878088138,23.8021135258022,1,86.42178281516183,39.67018920967033,Free,low,model
S175776,NR2,Southwest,38.53885534669021,33.30640787704406,1,86.42292973526125,55.51067979507343,Free,low,model
S51051,NR14,Eastbound,39.67353198731715,34.29221786607192,1,86.43600947108635,68.58443573214385,Free,low,model
S175578,NR4,Southbound,35.36229040984846,30.567676587443103,1,86.44145001119597,76.41919146860775,Free,low,model
S178278,NR1,Northeast,27.541798780881383,23.81119121332969,1,86.45474249074334,39.685318688882816,Free,low,model
S101576,NR17,Southeast,49.99972327147001,43.233743253150095,1,86.46796506935749,86.46748650630019,Free,low,model
S235994,NR15,Southeast,53.84301586174621,46.557873212743694,2,86.46966086054927,77.59645535457283,Free,ok,model
S73274,NR13,Southeast,31.734762189341925,27.442668647618543,1,86.47510412677718,54.885337295237086,Free,low,model
S245200,NR7,Northbound,27.711273128731587,23.96377108568618,1,86.4766153989514,47.92754217137236,Free,low,model
S221082,NR2,Southeast,38.53885534669021,33.33136797451129,1,86.48769579341916,55.55227995751881,Free,low,model
S52828,NR11,Northeast,58.96873330485064,51.00373636490045,1,86.49284715211103,85.00622727483409,Free,low,model
S228469,NR6,Westbound,42.52223439212595,36.7881623195576,1,86.51512049039889,73.5763246391152,Free,low,model
S117929,NR4,Westbound,35.914140545144726,31.074128269340388,1,86.52337992128656,77.68532067335097,Free,low,model
S216135,NR1,Westbound,49.742593365220365,43.03972684747993,2,86.52489533763026,71.73287807913322,Free,ok,model
S195033,NR23,Southeast,25.88910210670474,22.403191904357204,1,86.5352217006987,44.80638380871441,Free,low,model
S250992,NR15,Northeast,53.84301586174622,46.595800606856706,1,86.54010155467827,77.65966767809452,Free,low,model
S226954,KK 15 Road,Northeast,35.400581911493916,30.63799710168764,1,86.54659174328444,51.06332850281273,Free,low,model
S178398,NR14,Southwest,39.673531987317155,34.33925253514888,1,86.55456374826034,68.67850507029776,Free,low,model
S234715,NR1,Northeast,29.433292244244928,25.48231214260105,1,86.57649280665703,63.70578035650262,Free,low,model
S240940,NR4,Westbound,39.5691868951222,34.268592632849014,1,86.60423759446367,85.67148158212254,Free,low,model
S64040,NR15,Eastbound,53.8430158617462,46.63637063075954,1,86.61545027586992,77.72728438459923,Free,low,model
S76545,NR2,Northeast,59.960944463081056,51.93816635854472,1,86.61999377031813,86.56361059757452,Free,low,model
S214984,NR2,Southwest,38.53885534669021,33.384617278723795,1,86.62586622877197,55.64102879787299,Free,low,model
S125037,Musanze - Rubavu Road,Northeast,50.549124860372096,43.78930989519689,1,86.62723640844956,72.98218315866147,Free,low,model
S230244,NR11,Southeast,58.96873330485064,51.086877886201556,1,86.6338397029791,85.14479647700259,Free,low,model
S22483,Rubavu-Karongi Road,Westbound,58.70300395758209,50.857718935726396,1,86.63563277353816,84.76286489287733,Free,low,model
S228974,NR1,Southwest,39.61159291377896,34.32340569911261,1,86.64990012853826,85.80851424778153,Free,low,model
S70316,NR17,Southbound,40.78194305907234,35.34750416928233,1,86.67439929991009,70.69500833856466,Free,low,model
S104067,NR17,Southwest,40.78194305907234,35.34885663304544,1,86.6777156297896,70.6977132660909,Free,low,model
S212778,KN7 Road,Southwest,28.808537745297688,24.971381058088323,1,86.68048784310238,62.42845264522081,Free,low,model
S247235,NR24,Eastbound,29.41128741200175,25.499893679781824,1,86.70104549512573,63.749734199454565,Free,low,model
S76381,NR15,Northbound,53.84301586174622,46.68918726068851,1,86.71354401947556,77.81531210114753,Free,low,model
S256303,NR4,Northbound,37.59689682675861,32.60231147676025,1,86.71543193308551,81.50577869190063,Free,low,model
S236639,NR15,Northeast,53.84301586174621,46.69380277484315,1,86.72211618817892,77.82300462473857,Free,low,model
S95144,NR14,Westbound,39.673531987317155,34.40746310446511,1,86.72649340992503,68.81492620893022,Free,low,model
S126652,NR11,Eastbound,35.99425325697723,31.22811716110433,1,86.75861932224133,52.04686193517388,Free,low,history
S245951,NR4,Southeast,34.30679889772647,29.766865332013996,2,86.76666517547534,74.41716333003498,Free,ok,model
S70076,NR1,Westbound,49.74259336522038,43.16282945299461,1,86.77237460476621,71.93804908832435,Free,low,model
S243213,NR4,Southbound,34.30679889772647,29.769996078174596,1,86.77579090641262,74.4249901954365,Free,low,model
S205486,NR7,Southeast,38.211184456364506,33.16160344467736,1,86.78507069715793,66.32320688935472,Free,low,model
S195341,NR1,Northbound,44.14993836636739,38.3174459370558,1,86.78935317890574,63.86240989509301,Free,low,model
S111961,NR17,Southwest,40.78194305907235,35.396354368015366,1,86.79418319216425,70.79270873603073,Free,low,model
S201017,NR2,Southbound,38.538855346690205,33.45494653186125,1,86.80835543999734,55.75824421976875,Free,low,model
S55925,NR13,Northwest,31.73476218934193,27.548721164517364,1,86.80928818735424,55.09744232903473,Free,low,model
S93545,NR1,Eastbound,27.54179878088138,23.91064618567503,1,86.81584807116165,39.85107697612505,Free,low,model
S70554,NR2,Southbound,26.94658046478544,23.39980607855844,2,86.83775705469557,38.999676797597395,Free,ok,model
S179336,NR11,Southwest,34.72221124890841,30.152894113263944,1,86.84036249048478,50.25482352210656,Free,low,history
S125706,NR12,Southeast,47.67349198824447,41.4080490947909,1,86.85759605149433,82.81609818958181,Free,low,model
S243846,NR11,Northwest,35.834079555248984,31.125777771462705,2,86.86082678215016,51.876296285771176,Free,ok,history
S160922,NR13,Southbound,31.734762189341932,27.56523570067042,1,86.861327449708,55.130471401340834,Free,low,model
S248235,NR24,Eastbound,29.411287412001748,25.56005665251855,1,86.90560292198688,63.90014163129638,Free,low,model
S181925,NR2,Southbound,38.53885534669021,33.496144430235056,1,86.9152550819384,55.826907383725086,Free,low,model
S83331,KK 15 Road,Westbound,35.40058191149391,30.771850706508907,1,86.92470305556718,51.28641784418152,Free,low,model
S76534,NR17,Northwest,40.78194305907234,35.453066610982646,1,86.9332453326933,70.90613322196529,Free,low,model
S245551,NR24,Eastbound,29.411287412001748,25.571763094125156,1,86.94540546936476,63.92940773531289,Free,low,model
S166452,KK 15 Road,Eastbound,35.40058191149391,30.78132619425573,1,86.95146953011415,51.30221032375955,Free,low,model
S128724,NR24,Southbound,29.411287412001744,25.575634028258698,1,86.95856685900173,63.93908507064674,Free,low,model
S239061,Musanze - Rubavu Road,Northeast,50.54912486037209,43.95925703337346,1,86.96343834794112,73.26542838895577,Free,low,model
S240445,NR17,Southwest,40.78194305907235,35.46595420731411,1,86.96484656442665,70.93190841462823,Free,low,model
S08501,NR12,Northbound,47.67349198824448,41.46125828897862,1,86.96920775008951,82.92251657795723,Free,low,model
S218876,KN7 Road,Northbound,38.318567274057116,33.327203713249666,1,86.9740339582405,83.31800928312416,Free,low,model
S150495,NR1,Westbound,59.7027273519522,51.92849051938109,1,86.97842263261882,86.54748419896849,Free,low,model
S202151,NR2,Northbound,32.590939066405895,28.348987081074625,1,86.9842597149838,47.24831180179105,Free,low,model
S129788,NR15,Southbound,53.84301586174622,46.8394519213958,1,86.99262322464699,78.06575320232633,Free,low,model
S156674,NR17,Southbound,40.78194305907234,35.47911445705929,1,86.99711636021868,70.95822891411858,Free,low,model
S200466,NR17,Northwest,49.99972327147001,43.499604560607125,1,86.99969062714418,86.99920912121425,Free,low,model
S202655,NR14,Northbound,39.673531987317155,34.518781665651396,1,87.00707987553608,69.03756333130279,Free,low,model
S257620,NR4,Southeast,36.723984514977225,31.954893538713783,2,87.01368863087704,79.88723384678445,Free,ok,model
S219958,NR1,Northbound,44.14993836636739,38.418947632737904,1,87.01925541532523,64.03157938789651,Free,low,model
S38111,NR17,Eastbound,49.99972327147,43.51463351136866,1,87.02974869502576,87.02926702273732,Free,low,model
S164505,NR1,Southbound,59.41738937066843,51.71456314932134,1,87.03607428240592,86.19093858220224,Free,low,model
S164242,KK 15 Road,Northbound,35.400581911493916,30.815870018175442,1,87.04904934958174,51.35978336362574,Free,low,model
S85467,KN7 Road,Southwest,28.80853774529769,25.087077843170835,1,87.08209373544378,62.7176946079271,Free,low,model
S138932,NR13,Northeast,31.73476218934193,27.639060637180716,1,87.09395858168192,55.27812127436143,Free,low,model
S136308,NR13,Northeast,31.734762189341932,27.65347700851573,1,87.13938627781211,55.30695401703146,Free,low,model
S44741,Rubavu-Karongi Road,Northbound,58.7030039575821,51.15437335755832,1,87.14098071458439,85.25728892926388,Free,low,model
S52910,NR12,Southeast,47.67349198824447,41.54541681307853,1,87.145738817125,83.09083362615708,Free,low,model
S253754,Musanze - Rubavu Road,Northeast,50.54912486037209,44.053602690593294,1,87.15007987236007,73.42267115098883,Free,low,model
S129591,NR1,Eastbound,27.54179878088138,24.00442239493398,1,87.15633494351526,40.007370658223294,Free,low,model
S250793,NR4,Northwest,39.559050370107585,34.47909648318537,1,87.1585545168677,86.19774120796343,Free,low,model
S252976,NR4,Southwest,34.30679889772647,29.902466184435056,1,87.16192458987103,74.75616546108765,Free,low,model
S157624,NR2,Southbound,26.946580464785438,23.48829598985816,1,87.16614718722228,39.147159983096934,Free,low,model
S125773,NR4,Southwest,34.30679889772647,29.904932188900315,1,87.16911268244887,74.76233047225081,Free,low,model
S102498,NR2,Southeast,38.538855346690205,33.59528257101136,1,87.17249712995587,55.99213761835227,Free,low,model
S211729,NR16,Northbound,49.69756305651191,43.32626170041406,1,87.17985155760466,86.65252340082812,Free,low,model
S164178,NR23,Southeast,25.889102106704737,22.571925037663267,1,87.18697521694895,45.14385007532653,Free,low,model
S232527,NR17,Westbound,40.78194305907235,35.56369116416333,1,87.20450399494105,71.12738232832666,Free,low,model
S242892,NR4,Southeast,35.36229040984846,30.84334381546011,1,87.22100140569566,77.10835953865026,Free,low,model
S244339,NR4,Southeast,34.30679889772647,29.926629403998827,1,87.23235733305935,74.81657350999706,Free,low,model
S258163,NR4,Southeast,34.30679889772647,29.930875778342845,2,87.24473497970799,74.8271894458571,Free,ok,model
S103225,NR17,Southwest,40.78194305907233,35.58172454300412,1,87.24872302299148,71.16344908600826,Free,low,model
S208206,NR4,Westbound,39.5691868951222,34.5281550241449,1,87.26020859529282,86.32038756036226,Free,low,model
S256026,NR4,Northbound,37.596896826758616,32.82526983573562,1,87.30845523498918,82.06317458933904,Free,low,model
S57603,NR15,Southeast,53.84301586174621,47.01211712011806,1,87.31330585350571,78.35352853353011,Free,low,model
S192149,NR4,Northwest,25.215165141504144,22.020366772491467,1,87.32985347871451,55.05091693122868,Free,low,model
S38847,NR17,Westbound,40.78194305907234,35.62096048201135,1,87.34493211962621,71.2419209640227,Free,low,model
S87067,NR11,Westbound,36.73140966556419,32.08373530724438,1,87.34686634508063,53.472892178740636,Free,low,history
S187627,NR1,Northeast,42.21017537319977,36.870085945806906,1,87.34881013836439,61.4501432430115,Free,low,model
S89188,NR11,Eastbound,58.968733304850645,51.51108012637802,1,87.35320777551928,85.85180021063003,Free,low,model
S205293,KN 7 Road,Westbound,38.31856727405711,33.47372407571396,1,87.35640828193684,83.6843101892849,Free,low,model
S203495,NR4,Westbound,34.30679889772647,29.970372227698277,1,87.35986215748163,74.9259305692457,Free,low,model
S195739,NR2,Southeast,38.53885534669021,33.67714681370643,1,87.38491714595952,56.12857802284405,Free,low,model
S121510,NR2,Eastbound,32.590939066405895,28.481341686413476,1,87.39036831182163,47.46890281068912,Free,low,model
S142307,NR1,Eastbound,27.54179878088138,24.07341323384525,1,87.40682998002379,40.12235538974208,Free,low,model
S189651,NR7,Eastbound,38.2111844563645,33.40374503761984,1,87.41876367576477,66.8074900752397,Free,low,model
S147828,NR6,Westbound,42.52223439212596,37.17460216344832,1,87.42391526427434,74.34920432689663,Free,low,model
S97578,NR11,Northeast,37.14966719938875,32.479729928693516,1,87.42939675440195,54.13288321448919,Free,low,history
S35144,NR13,Eastbound,31.73476218934193,27.764411175180705,1,87.48895299585809,55.52882235036141,Free,low,model
S147302,NR14,Westbound,39.67353198731716,34.71024180814434,1,87.48966897941052,69.42048361628868,Free,low,model
S167436,NR14,Northwest,39.673531987317155,34.71053847695816,1,87.4904167545618,69.42107695391633,Free,low,model
S220479,NR4,Northeast,35.91414054514472,31.426827048955126,1,87.50544095424208,78.56706762238781,Free,low,model
S192671,NR11,Northwest,35.32407844491427,30.919143273237612,1,87.5299360504312,51.53190545539602,Free,low,history
S99543,NR12,Southbound,47.67349198824447,41.72898007931192,1,87.5307814447526,83.45796015862383,Free,low,model
S239268,NR4,Southbound,34.30679889772647,30.03018797581086,2,87.53421753319273,75.07546993952715,Free,ok,model
S233592,NR 19,Southbound,49.189846913168665,43.05925746236533,1,87.53688040211789,86.11851492473069,Free,low,model
S151188,NR17,Southwest,40.78194305907235,35.70710340675721,1,87.55616022276264,71.41420681351443,Free,low,model
S74178,NR2,Northeast,59.96094446308104,52.51852127691709,1,87.58788199084093,87.53086879486183,Free,low,model
S89367,NR17,Southwest,40.78194305907234,35.72069500179232,1,87.58948770550526,71.44139000358464,Free,low,model
S243973,NR4,Northbound,37.59689682675862,32.93925913557185,1,87.61164328894341,82.34814783892963,Free,low,model
S124207,NR13,Northwest,31.734762189341932,27.806757445829795,1,87.6223911177398,55.61351489165959,Free,low,model
S160894,NR1,Northbound,26.589748566156633,23.299553931555828,1,87.62607842486877,38.83258988592638,Free,low,model
S147806,NR16,Northbound,49.697563056511925,43.54953494796116,1,87.62911553317065,87.09906989592233,Free,low,model
S221029,KK 15 Road,Northwest,35.40058191149391,31.02218232860875,1,87.6318429063349,51.70363721434792,Free,low,model
S207332,NR6,Northbound,42.52223439212595,37.266791808224355,1,87.6407186521817,74.53358361644871,Free,low,model
S207734,NR4,Southbound,34.30679889772647,30.066754295359313,1,87.64080375144488,75.16688573839829,Free,low,model
S76870,NR11,Northbound,37.58390495442043,32.9411364522467,1,87.64692357591844,54.901894087077835,Free,low,history
S153748,NR13,Northeast,31.734762189341925,27.818291305031103,1,87.6587356762164,55.636582610062206,Free,low,model
S254176,Kigali-Gatuna Road,Northwest,59.660176633744896,52.30758184748066,1,87.67587492842675,87.17930307913443,Free,low,model
S240180,NR4,Southwest,34.30679889772647,30.07955951458398,2,87.67812935347158,75.19889878645995,Free,ok,model
S44117,NR17,Northbound,49.999723271469996,43.84093798633058,1,87.68236125687991,87.68187597266117,Free,low,model
S69372,NR13,Northbound,31.734762189341932,27.827437868914036,1,87.6875575839665,55.65487573782807,Free,low,model
S212716,NR13,Eastbound,31.734762189341932,27.837079954161556,2,87.71794093831461,55.674159908323105,Free,ok,model
S251585,NR4,Southbound,34.30679889772647,30.096754497894196,2,87.72825056519254,75.24188624473548,Free,ok,model
S153747,NR4,Northwest,35.91414054514473,31.507884147363356,1,87.73113784459737,78.7697103684084,Free,low,model
S179597,NR1,Westbound,49.74259336522037,43.64131093249291,2,87.73428962995436,72.7355182208215,Free,ok,model
S245293,NR4,Southeast,34.30679889772647,30.100366575081814,1,87.73877931548017,75.25091643770455,Free,low,model
S50798,NR1,Northeast,44.149938366367394,38.74473070710458,1,87.75715695363145,64.57455117850763,Free,low,model
S228730,NR4,Southbound,34.306798897726466,30.11812181856049,1,87.79053361506263,75.29530454640123,Free,low,model
S258768,NR24,Southbound,29.411287412001744,25.821306569697317,1,87.7938670551379,64.55326642424329,Free,low,model
S227096,NR1,Westbound,49.74259336522037,43.67401879093883,2,87.80004385833925,72.7900313182314,Free,ok,model
S238392,KN7 Road,Northbound,38.31856727405711,33.64976778110664,1,87.8158297006282,84.1244194527666,Free,low,model
S152367,NR4,Southbound,34.30679889772647,30.13114430211389,1,87.82849251525677,75.32786075528472,Free,low,model
S215686,NR4,Northwest,25.215165141504148,22.147239741687102,1,87.83301484404224,55.36809935421776,Free,low,model
S211817,KK 15 Road,Northeast,35.400581911493916,31.09565933727696,1,87.83940166582622,51.826098895461605,Free,low,model
S148050,NR2,Southeast,38.53885534669021,33.857717866401316,1,87.85345999984165,56.42952977733553,Free,low,model
S88305,NR17,Westbound,40.78194305907235,35.833315325165394,1,87.86564012720311,71.66663065033077,Free,low,model
S104009,NR15,Southeast,53.84301586174621,47.31479617924861,2,87.87545686656884,78.857993632081,Free,ok,model
S238639,NR4,Southbound,34.30679889772647,30.153347290317043,2,87.89321143079694,75.38336822579262,Free,ok,model
S51497,NR7,Southbound,38.211184456364506,33.58653329336674,1,87.89712690461371,67.17306658673348,Free,low,model
S251279,NR4,Westbound,25.21516514150414,22.164379161887833,1,87.90098751090582,55.41094790471958,Free,low,model
S184641,NR1,Northbound,42.21017537319977,37.10393729455911,1,87.9028266679917,61.83989549093185,Free,low,model
S232614,NR1,Southbound,59.41738937066844,52.2295654232864,1,87.90282773525838,87.04927570547734,Free,low,model
S116152,KK 15 Road,Westbound,35.40058191149391,31.127365192754645,1,87.9289647570685,51.87894198792441,Free,low,model
S185084,NR7,Southeast,38.2111844563645,33.606826172953824,1,87.950234076966,67.21365234590766,Free,low,model
S245530,NR19,Northeast,59.99999637125121,52.773203174444355,1,87.95534394353805,87.95533862407392,Free,low,model
S180750,NR1,Westbound,49.74259336522037,43.75446067619394,1,87.96176016585962,72.9241011269899,Free,low,model
S141884,NR7,Northwest,27.711273128731587,24.376279752290994,1,87.96521054464723,48.75255950458199,Free,low,model
S102894,NR7,Southbound,38.211184456364506,33.613751795172895,1,87.96835867142072,67.22750359034579,Free,low,model
S194549,NR19,Northeast,59.999996371251214,52.781161493603335,1,87.9686078096052,87.96860248933889,Free,low,model
S240461,NR24,Eastbound,29.411287412001744,25.873973710482783,1,87.97293823977421,64.68493427620696,Free,low,model
S186723,NR2,Northeast,32.59093906640589,28.674859813194846,1,87.98414723419965,47.791433021991416,Free,low,model
S218055,KK 15 Road,Northeast,35.400581911493916,31.155444375325292,1,88.00828317799402,51.925740625542154,Free,low,model
S88059,KN7 Road,Southwest,28.808537745297695,25.356056860546044,1,88.01577186847956,63.39014215136511,Free,low,model
S232965,NR24,Southeast,29.411287412001748,25.891109048930687,1,88.03119933595768,64.72777262232673,Free,low,model
S64116,NR19,Northwest,59.99999637125121,52.82051709268283,1,88.03420047870469,88.03419515447139,Free,low,model
S249004,NR6,Westbound,42.52223439212595,37.43672294610994,1,88.04034755295521,74.87344589221988,Free,low,model
S110268,NR2,Northeast,32.590939066405895,28.694483337019815,1,88.04435882793426,47.82413889503302,Free,low,model
S55979,NR17,Westbound,40.78194305907234,35.91051864286581,1,88.05494772735494,71.82103728573162,Free,low,model
S229844,NR4,Southbound,34.30679889772648,30.209933846000144,2,88.05815411709008,75.52483461500036,Free,ok,model
S104939,NR2,Northeast,32.5909390664059,28.700377713912683,1,88.06244476550377,47.83396285652114,Free,low,model
S206883,NR1,Southwest,59.7027273519522,52.57682949107652,1,88.06436794944399,87.6280491517942,Free,low,model
S45217,NR1,Eastbound,27.541798780881383,24.259899927413105,1,88.08393424271743,40.433166545688515,Free,low,model
S233742,NR2,Southeast,38.538855346690205,33.94844292714852,1,88.088871923551,56.5807382119142,Free,low,model
S229890,NR1,Southwest,49.74259336522038,43.824745235962105,2,88.1030566986964,73.04124205993685,Free,ok,model
S177820,NR13,Northwest,31.734762189341925,27.959468666084142,1,88.10360228719246,55.91893733216828,Free,low,model
S231675,NR24,Southbound,29.411287412001744,25.912463686937595,1,88.10380628344613,64.78115921734398,Free,low,model
S131655,NR16,Northbound,49.69756305651192,43.79780615520723,1,88.12867968074013,87.59561231041447,Free,low,model
S238947,Musanze - Rubavu Road,Northeast,54.46803216429323,48.002342125536266,1,88.12938565642625,80.00390354256047,Free,low,model
S147308,NR17,Southwest,40.78194305907235,35.94105792008904,1,88.12983203872527,71.88211584017806,Free,low,model
S221165,Rubavu - Karongi Road,Northbound,58.7030039575821,51.743779601602235,1,88.14502855593473,86.23963266933706,Free,low,model
S254982,NR6,Northbound,42.52223439212595,37.48158164381515,1,88.14584223907997,74.9631632876303,Free,low,model
S176408,NR2,Southbound,38.538855346690205,33.97189918025489,1,88.14973583062701,56.61983196709147,Free,low,model
S241776,NR4,Southbound,34.306798897726466,30.243823930997678,2,88.15693944853,75.6095598274942,Free,ok,model
S254671,NR4,Southwest,34.30679889772647,30.244576708386397,2,88.15913369985306,75.611441770966,Free,ok,model
S202432,NR 19,Southbound,49.189846913168665,43.38061736779412,1,88.19018576002246,86.76123473558825,Free,low,model
S157934,NR1,Northeast,29.433292244244925,25.958708792021103,1,88.19505672898958,64.89677198005275,Free,low,model
S185755,NR6,Northbound,42.52223439212595,37.51583805731545,1,88.22640341840183,75.0316761146309,Free,low,model
S243562,NR4,Northeast,35.914140545144726,31.687215686306125,1,88.23047191251791,79.21803921576532,Free,low,model
S234880,Musanze - Rubavu Road,Northeast,54.46803216429323,48.05877981820649,1,88.2330018335262,80.09796636367747,Free,low,model
S233156,NR2,Southeast,38.53885534669021,34.00451979645137,1,88.23437927917529,56.674199660752286,Free,low,model
S239945,NR1,Northeast,29.433292244244925,25.973174405525548,1,88.24420384234817,64.93293601381387,Free,low,model
S230949,Musanze - Rubavu Road,Northeast,50.549124860372096,44.617695549160025,1,88.26600989117814,74.36282591526671,Free,low,model
S240527,NR11,Northeast,58.96873330485064,52.055561874538675,1,88.27654751447187,86.75926979089778,Free,low,model
S195757,NR23,Eastbound,25.889102106704737,22.856132199501985,1,88.28476207980471,45.71226439900397,Free,low,model
S200719,NR1,Southwest,59.41738937066843,52.45907938780487,1,88.2891017990458,87.43179897967478,Free,low,model
S242172,NR24,Southeast,29.411287412001744,25.97519155021914,1,88.31708447968025,64.93797887554786,Free,low,model
S104383,NR2,Southeast,26.946580464785434,23.801221024000167,1,88.32742638756812,39.66870170666694,Free,low,model
S241831,NR17,Southbound,40.78194305907234,36.02329329339611,1,88.33147856936742,72.04658658679222,Free,low,model
S173847,NR14,Northwest,39.673531987317155,35.06111396893413,1,88.37406757770515,70.12222793786826,Free,low,model
S239120,KK 15 Road,Northwest,35.400581911493916,31.309786169812245,1,88.44426978090588,52.182976949687074,Free,low,model
S105874,NR17,Southwest,40.78194305907234,36.06948338225645,1,88.44473969768941,72.1389667645129,Free,low,model
S243131,NR4,Southeast,34.30679889772647,30.345893224655175,2,88.45445859032394,75.86473306163793,Free,ok,model
S165256,KK 15 Road,Northbound,35.40058191149391,31.313436423151536,1,88.45458106151823,52.189060705252565,Free,low,model
S252880,Musanze - Rubavu Road,Northeast,50.549124860372096,44.71720192101906,1,88.46286072120516,74.5286698683651,Free,low,model
S95186,NR12,Southeast,47.67349198824448,42.17695678045366,1,88.47045815492983,84.35391356090732,Free,low,model
S243529,NR4,Southbound,34.30679889772647,30.35403438961553,1,88.47818906131492,75.88508597403883,Free,low,model
S219006,KK 15 Road,Westbound,35.40058191149391,31.322229449217712,1,88.47941970990021,52.20371574869618,Free,low,model
S239611,NR4,Southbound,34.306798897726466,30.358249053547954,1,88.49047427610572,75.89562263386989,Free,low,model
S205153,NR23,Southeast,25.889102106704737,22.909406939328875,1,88.49054264186249,45.81881387865775,Free,low,model
S221421,NR11,Northbound,38.782091099876325,34.318578731070986,1,88.49078984083049,57.19763121845164,Free,low,history
S233910,NR1,Westbound,37.22478757589549,32.94351413707288,1,88.49886401609743,54.90585689512146,Free,low,model
S246392,NR24,Eastbound,29.411287412001748,26.036381723717103,1,88.52513444580647,65.09095430929277,Free,low,model
S242163,NR17,Southwest,40.78194305907234,36.10652614542111,1,88.53557098326844,72.21305229084221,Free,low,model
S234993,NR4,Southeast,34.30679889772647,30.38117357603884,2,88.55729637326266,75.9529339400971,Free,ok,model
S101372,NR15,Southbound,53.84301586174622,47.68981157902046,1,88.57195462727151,79.48301929836744,Free,low,model
S177340,NR4,Northwest,39.56918689512219,35.04818436010339,1,88.5744366013846,87.62046090025848,Free,low,model
S112462,NR12,Southeast,47.67349198824447,42.22674816309763,1,88.57490064606571,84.45349632619528,Free,low,model
S146187,NR7,Southeast,38.211184456364506,33.8478126465792,1,88.58090406810581,67.6956252931584,Free,low,model
S196278,NR16,Northeast,27.97290374437509,24.779373996532026,1,88.58348858943458,49.55874799306405,Free,low,model
S207107,NR4,Southwest,34.30679889772647,30.391365931760163,2,88.5870058071032,75.9784148294004,Free,ok,model
S230375,NR1,Northeast,29.433292244244925,26.07694961336787,1,88.59678148463559,65.19237403341967,Free,low,model
S191256,NR1,Northeast,42.21017537319977,37.39709951702663,1,88.59735641082158,62.32849919504438,Free,low,model
S218367,NR4,Northbound,37.596896826758616,33.30990766978306,1,88.59749203044757,83.27476917445765,Free,low,model
S16242,NR13,Northeast,31.73476218934193,28.12240946145357,1,88.61704806125329,56.24481892290714,Free,low,model
S215079,NR4,Southbound,34.30679889772647,30.40677021771612,2,88.63190736146237,76.0169255442903,Free,ok,model
S138915,NR1,Southwest,59.7027273519522,52.91646617318701,1,88.63324762575812,88.19411028864502,Free,low,model
S251040,NR16,Westbound,27.97290374437509,24.80206788786597,1,88.66461671092432,49.60413577573194,Free,low,model
S249774,NR4,Southeast,36.723984514977225,32.56556704515011,1,88.67656240261408,81.41391761287528,Free,low,model
S54268,Kigali-Gatuna Road,Northwest,59.978197723262284,53.18987401738744,1,88.6820145260183,88.64979002897907,Free,low,model
S182296,NR17,Southbound,40.78194305907234,36.16921969263266,1,88.68929967422547,72.33843938526532,Free,low,model
S48595,NR2,Southeast,38.53885534669021,34.18163558832836,1,88.6939564780404,56.96939264721394,Free,low,model
S140814,NR16,Northbound,49.697563056511925,44.082096847492785,1,88.70072119505397,88.16419369498557,Free,low,model
S67392,NR1,Southwest,49.74259336522037,44.135191007595495,1,88.72716121482816,73.55865167932582,Free,low,model
S252354,NR24,Eastbound,29.411287412001744,26.111353577590656,1,88.78004288562867,65.27838394397665,Free,low,model
S186851,NR24,Westbound,39.99745333727995,35.52990249684453,1,88.83041176956283,88.82475624211132,Free,low,model
S244098,NR4,Westbound,25.215165141504148,22.401043437387703,1,88.83956663252464,56.002608593469255,Free,low,model
S169381,NR2,Eastbound,32.59093906640589,28.95419843330333,1,88.8412523932112,48.25699738883888,Free,low,model
S125501,NR1,Southwest,59.408562177667164,52.782053026049624,1,88.84586849316382,87.97008837674937,Free,low,model
S257090,NR1,Westbound,59.408562177667164,52.800816174563295,1,88.8774517327271,88.00136029093883,Free,low,model
S195927,NR4,Southbound,34.30679889772648,30.491974357754106,2,88.88026670356241,76.22993589438526,Free,ok,model
S213116,NR1,Westbound,51.499779543962575,45.77801853097026,1,88.889736881091,76.2966975516171,Free,low,model
S236801,NR2,Southbound,38.53885534669021,34.25757355008709,1,88.89099907589546,57.09595591681181,Free,low,model
S243594,NR 19,Northeast,49.65324825773551,44.13825548300642,1,88.89298692785943,88.27651096601284,Free,low,model
S151531,NR2,Southbound,26.946580464785434,23.954391345813914,1,88.89584849965732,39.92398557635652,Free,low,model
S253016,NR6,Northbound,42.522234392125945,37.80461452551568,1,88.90552217198669,75.60922905103136,Free,low,model
S198037,NR2,Eastbound,32.590939066405895,28.97535237897263,1,88.90615983765825,48.29225396495439,Free,low,model
S220595,NR4,Southeast,34.306798897726466,30.507243302127296,1,88.92477375424563,76.26810825531824,Free,low,model
S133682,NR13,Northwest,31.734762189341925,28.22086921503333,1,88.92730642396704,56.44173843006665,Free,low,model
S188228,NR23,Southeast,25.889102106704733,23.024992476878055,1,88.93700670644374,46.04998495375611,Free,low,model
S241580,NR4,Southeast,34.30679889772647,30.512315762045887,2,88.93955933635053,76.28078940511472,Free,ok,model
S248433,NR4,Southeast,34.30679889772647,30.52053992980965,2,88.96353175006445,76.30134982452414,Free,ok,model
S239993,Musanze - Rubavu Road,Northeast,54.46803216429323,48.46510028529433,1,88.97898154115039,80.77516714215723,Free,low,model
S212206,NR16,Northeast,27.97290374437509,24.891325421515457,1,88.98370240351151,49.782650843030915,Free,low,model
S38296,NR11,Northwest,37.673878818415815,33.52539381343038,1,88.9884314142945,55.8756563557173,Free,low,history
S199782,NR4,Northbound,37.596896826758616,33.45807983908312,1,88.9915994749604,83.6451995977078,Free,low,model
S133844,NR14,Westbound,39.673531987317155,35.307441120881734,1,88.99495293781463,70.61488224176347,Free,low,model
S157003,NR1,Southeast,59.7027273519522,53.13396513154666,1,88.99755084607412,88.55660855257776,Free,low,model
S132774,NR12,Southeast,47.67349198824447,42.43119110340187,1,89.00374051446605,84.86238220680374,Free,low,model
S157787,NR13,Northeast,31.73476218934193,28.246676199512468,2,89.00862729325594,56.493352399024936,Free,ok,model
S108881,NR15,Eastbound,53.84301586174621,47.925116025247135,1,89.00897406695312,79.8751933754119,Free,low,model
S201226,NR1,Westbound,59.40856217766717,52.88355031408128,1,89.01671472190795,88.1392505234688,Free,low,model
S74343,NR17,Southwest,40.78194305907233,36.30741901780649,1,89.02817348652434,72.61483803561298,Free,low,model
S144469,NR 19,Southbound,49.189846913168665,43.793012930396316,1,89.0285611331562,87.58602586079263,Free,low,model
S244066,NR4,Westbound,34.30679889772647,30.545898512901353,2,89.03744882745572,76.36474628225338,Free,ok,model
S174740,NR14,Northbound,39.67353198731716,35.32869407007267,1,89.04852252974742,70.65738814014534,Free,low,model
S139650,NR2,Northeast,32.590939066405895,29.036575344822392,1,89.09401255870141,48.39429224137065,Free,low,model
S142662,NR1,Northbound,42.21017537319977,37.608513586681354,1,89.09821684976909,62.68085597780226,Free,low,model
S11938,NR12,Eastbound,47.67349198824447,42.47748565089644,1,89.10084803808942,84.9549713017929,Free,low,model
S150383,NR23,Eastbound,25.889102106704737,23.06770913645224,1,89.10200532013887,46.13541827290448,Free,low,model
S206685,NR15,Eastbound,53.84301586174621,47.98310068010359,2,89.11666613049826,79.97183446683931,Free,ok,model
S248528,NR24,Northwest,39.99745333727995,35.646205288566954,1,89.12118726154652,89.11551322141739,Free,low,model
S205543,NR14,Northeast,39.673531987317155,35.35814438987813,1,89.12275418579175,70.71628877975625,Free,low,model
S247987,NR6,Westbound,42.52223439212595,37.89987910664836,1,89.12955692108801,75.79975821329673,Free,low,model
S132315,Kigali-Gatuna Road,Northbound,59.66017663374489,53.17890539458896,1,89.13635258081015,88.63150899098159,Free,low,model
S80389,NR1,Westbound,49.74259336522037,44.343199780841445,1,89.14533155773469,73.90533296806908,Free,low,model
S209674,NR 19,Northeast,49.653248257735505,44.28192980969768,1,89.18234227062672,88.56385961939536,Free,low,model
S73316,NR4,Northeast,35.914140545144726,32.04009914123057,1,89.2130471588359,80.10024785307643,Free,low,model
S139261,NR14,Northbound,39.673531987317155,35.39436052210637,1,89.21403956023185,70.78872104421274,Free,low,model
S239820,NR4,Southeast,36.72398451497722,32.76616931092261,1,89.22280559605268,81.91542327730653,Free,low,model
S171300,NR11,Northeast,58.96873330485063,52.62001164423207,1,89.23374930270661,87.70001940705346,Free,low,model
S242332,NR1,Southbound,59.41738937066844,53.020391116716105,1,89.23379448052589,88.36731852786018,Free,low,model
S96283,NR12,Northwest,47.67349198824447,42.54350514663167,1,89.23933064756872,85.08701029326333,Free,low,model
S223954,NR4,Westbound,39.56918689512219,35.31149625754933,1,89.23988342530808,88.2787406438733,Free,low,model
S251465,Musanze - Rubavu Road,Northeast,50.54912486037209,45.11048611302927,1,89.24088446166861,75.18414352171544,Free,low,model
S197891,NR19,Northeast,59.99999637125121,53.544664285990244,1,89.2411125405434,89.24110714331708,Free,low,model
S179642,NR11,Northeast,58.968733304850645,52.6275132746369,1,89.24647067212459,87.71252212439481,Free,low,model
S218711,NR4,Northeast,35.914140545144726,32.06237855424511,1,89.27508237024944,80.15594638561276,Free,low,model
S141529,NR13,Eastbound,31.734762189341936,28.333911410399715,1,89.2835157905031,56.66782282079942,Free,low,model
S137315,NR4,Southwest,35.914140545144726,32.074047952295516,1,89.30757485892738,80.18511988073878,Free,low,model
S203708,NR11,Southwest,36.23651356812881,32.367825113834435,1,89.32378401409728,53.94637518972406,Free,low,history
S256782,NR4,Southeast,36.723984514977225,32.80367595740725,1,89.32493679717366,82.00918989351813,Free,low,model
S236895,NR17,Southbound,40.78194305907234,36.44382686978353,1,89.3626544890098,72.88765373956704,Free,low,model
S216426,NR1,Westbound,49.74259336522037,44.4524407377255,2,89.36494406583613,74.08740122954251,Free,ok,model
S253677,NR4,Northbound,37.596896826758616,33.602230166870136,1,89.37500964961188,84.00557541717534,Free,low,model
S239688,NR2,Southeast,38.538855346690205,34.46041917017205,1,89.4173396178244,57.43403195028676,Free,low,model
S203806,KK 15 Road,Northwest,35.400581911493916,31.66228115495612,1,89.44000195848747,52.77046859159353,Free,low,model
S244573,NR11,Westbound,36.851188671730384,32.960754963405584,3,89.44285422383332,54.934591605675976,Free,ok,history
S193788,NR17,Southwest,40.78194305907234,36.480359942870514,1,89.45223598107864,72.96071988574104,Free,low,model
S240876,NR 19,Southwest,49.18984691316866,44.01463121101088,1,89.47909776728271,88.02926242202176,Free,low,model
S100353,NR17,Southbound,40.78194305907234,36.49488235988507,1,89.48784590038416,72.98976471977014,Free,low,model
S113097,NR13,Northbound,31.734762189341932,28.40263534681144,1,89.5000730660916,56.80527069362288,Free,low,model
S204976,KN7 Road,Northwest,38.3185672740571,34.29707384391396,3,89.5051049237276,85.7426846097849,Free,ok,model
S155186,NR12,Southeast,47.67349198824448,42.679129772139014,1,89.52381709874118,85.35825954427803,Free,low,model
S183749,NR1,Northbound,44.14993836636739,39.527727592243636,1,89.53065180801053,65.87954598707273,Free,low,model
S134146,NR11,Northeast,58.96873330485064,52.80138042940679,1,89.54131701700207,88.00230071567799,Free,low,model
S98769,NR1,Southwest,59.70272735195219,53.47050932408787,1,89.56125070949453,89.11751554014646,Free,low,model
S169664,NR13,Northeast,31.734762189341932,28.425087885275516,1,89.57082367808647,56.85017577055103,Free,low,model
S223775,NR4,Northbound,37.596896826758616,33.6778215154561,1,89.57606706382956,84.19455378864026,Free,low,model
S188985,NR2,Southeast,38.538855346690205,34.52197216078022,1,89.57705632465039,57.53662026796704,Free,low,model
S210934,NR2,Southbound,38.53885534669021,34.53066766491731,1,89.59961927847675,57.55111277486218,Free,low,model
S186690,NR17,Northwest,49.99972327147,44.79996805968084,1,89.60043201927847,89.59993611936169,Free,low,model
S226128,NR13,Westbound,31.73476218934192,28.439815839982654,2,89.61723321038191,56.879631679965314,Free,ok,model
S209901,KK 15 Road,Northeast,35.40058191149391,31.7356756343967,1,89.64732758839966,52.892792723994496,Free,low,model
S159763,NR1,Northbound,44.149938366367394,39.581732669532805,1,89.65297378463711,65.96955444922133,Free,low,model
S75171,Rubavu-Karongi Road,Northwest,58.7030039575821,52.63519811703509,1,89.66355138327927,87.72533019505848,Free,low,model
S80214,NR17,Northbound,49.99972327147,44.83534095741473,1,89.67117820629602,89.67068191482946,Free,low,model
S120834,NR12,Eastbound,47.67349198824448,42.75869940041389,1,89.69072248988495,85.51739880082778,Free,low,model
S245019,NR6,Westbound,42.52223439212596,38.14416824962947,1,89.70405434925313,76.28833649925893,Free,low,model
S214609,NR1,Southeast,59.41738937066844,53.30001186684596,1,89.70439871455824,88.83335311140993,Free,low,model
S142565,NR1,Southbound,59.41738937066844,53.30008928794959,1,89.70452901497104,88.83348214658264,Free,low,model
S145623,NR1,Southwest,59.41738937066844,53.30486182777491,1,89.71256124236417,88.84143637962482,Free,low,model
S75555,NR12,Northeast,47.67349198824448,42.769746433223496,1,89.71389476518698,85.539492866447,Free,low,model
S140920,NR 19,Eastbound,49.6532482577355,44.54780289997542,1,89.71780188224706,89.09560579995086,Free,low,model
S107071,NR17,Westbound,49.999723271469996,44.861683686967396,1,89.72386395699438,89.7233673739348,Free,low,model
S83479,NR17,Northwest,49.99972327147,44.867434225168175,1,89.73536509704978,89.73486845033635,Free,low,model
S192526,KK 15 Road,Northeast,35.400581911493916,31.76985684875702,1,89.74388310391568,52.94976141459503,Free,low,model
S236472,NR11,Northbound,58.968733304850645,52.928193609181115,1,89.75636857511971,88.21365601530186,Free,low,model
S238413,NR4,Northbound,37.59689682675862,33.749171402004414,1,89.76584306283573,84.37292850501103,Free,low,model
S125161,NR19,Northbound,59.999996371251214,53.86338900090836,1,89.77232043086725,89.77231500151393,Free,low,model
S119272,NR1,Southwest,59.7027273519522,53.5982071013395,1,89.77514006248646,89.33034516889917,Free,low,model
S234405,NR16,Northbound,49.69756305651191,44.61646194284669,1,89.77595519545412,89.23292388569338,Free,low,model
S241871,NR4,Southeast,36.723984514977225,32.97440862753877,2,89.78984460166828,82.43602156884694,Free,ok,model
S233440,NR1,Northeast,42.21017537319977,37.9100798033936,1,89.81265647018279,63.18346633898934,Free,low,model
S240255,Kigali-Gatuna Road,Northwest,59.660176633744896,53.58426469341778,1,89.81579961181264,89.30710782236297,Free,low,model
S163676,NR4,Westbound,35.914140545144726,32.26393873833006,1,89.83631029057679,80.65984684582516,Free,low,model
S223617,NR4,Northbound,37.596896826758616,33.78768740420768,1,89.86828769378693,84.4692185105192,Free,low,model
S17900,NR11,Northbound,36.45752560246943,32.77459708886126,1,89.89802941163208,54.62432848143544,Free,low,history
S176129,NR1,Westbound,49.74259336522038,44.718446959142604,1,89.89970955235594,74.53074493190432,Free,low,model
S258337,NR4,Southbound,34.30679889772647,30.846300284506746,2,89.91308217494738,77.11575071126687,Free,ok,model
S215630,NR2,Southeast,38.53885534669021,34.659266046973265,1,89.93330428520335,57.7654434116221,Free,low,model
S239042,NR4,Southbound,35.36229040984846,31.809354247211527,1,89.95275441308112,79.52338561802881,Free,low,model
S233034,NR4,Southeast,36.72398451497722,33.03481148307157,2,89.95432254797656,82.58702870767893,Free,ok,model
S246439,NR4,Southeast,36.723984514977225,33.036118169583744,2,89.95788067634804,82.59029542395936,Free,ok,model
S145936,NR17,Southbound,40.78194305907234,36.69372472844794,1,89.97542043373792,73.38744945689588,Free,low,model
S153221,NR11,Northbound,58.968733304850645,53.059733511861545,1,89.97943577583506,88.4328891864359,Free,low,model
S80483,NR1,Southwest,59.70272735195219,53.729176358542844,1,89.99450903106184,89.54862726423808,Free,low,model
S151286,NR1,Northeast,42.21017537319977,38.01227228051739,1,90.05476036153186,63.35378713419564,Free,low,model
S51404,NR12,Eastbound,47.67349198824447,42.940324145475984,1,90.07169887212036,85.88064829095198,Free,low,model
S238027,NR11,Northbound,58.96873330485063,53.12054358746925,1,90.08255834978173,88.53423931244875,Free,low,model
S243794,NR4,Northwest,39.56918689512219,35.646127928356385,1,90.0855709338586,89.11531982089096,Free,low,model
S157113,NR17,Southwest,40.78194305907234,36.74064285004518,1,90.09046674609553,73.48128570009035,Free,low,model
S223588,NR17,Southbound,40.78194305907234,36.74168230709496,1,90.09301556297822,73.48336461418992,Free,low,model
S154718,NR14,Northwest,39.67353198731716,35.75537217146096,1,90.12399547106429,71.51074434292192,Free,low,model
S119130,NR2,Southeast,26.946580464785434,24.29161258741873,1,90.14729204384099,40.48602097903122,Free,low,model
S212882,NR19,Northeast,49.999996976042674,45.07883214798192,1,90.15766974862277,90.15766429596384,Free,low,model
S185196,KN7 Road,Northbound,38.318567274057116,34.5478160640501,2,90.15946712454479,86.36954016012525,Free,ok,model
S224756,NR4,Southeast,34.30679889772648,30.94489676363077,2,90.20047849955914,77.36224190907691,Free,ok,model
S237763,NR4,Southbound,35.36229040984846,31.899719477583254,1,90.20829563884561,79.74929869395814,Free,low,model
S234738,NR11,Northbound,58.96873330485064,53.199128203384134,1,90.2158232369697,88.66521367230689,Free,low,model
S175367,NR6,Westbound,42.522234392125945,38.362440301580236,1,90.21736710214833,76.72488060316047,Free,low,model
S162370,NR17,Westbound,40.78194305907234,36.79427030060675,1,90.2219647732589,73.5885406012135,Free,low,model
S166466,NR1,Southbound,49.74259336522037,44.8835431683443,1,90.23161064160865,74.80590528057384,Free,low,model
S130087,Rubavu-Karongi Road,Northwest,58.70300395758209,52.96879910520936,1,90.2318374430784,88.28133184201559,Free,low,model
S243991,NR14,Northbound,39.673531987317155,35.802164849363685,1,90.24193979202288,71.60432969872737,Free,low,model
S162767,NR14,Northbound,39.67353198731716,35.821076417943864,1,90.28960776518498,71.64215283588773,Free,low,model
S161484,NR17,Westbound,40.78194305907235,36.822985782380435,1,90.29237701853148,73.64597156476087,Free,low,model
S249830,NR1,Southbound,59.41738937066844,53.674040208198825,1,90.33389177259134,89.45673368033137,Free,low,model
S257037,Musanze - Rubavu Road,Northeast,50.549124860372096,45.66329604167724,1,90.33449375792242,76.1054934027954,Free,low,model
S149624,NR15,Northeast,53.84301586174621,48.64000876704067,1,90.33670939223501,81.06668127840112,Free,low,model
S250125,NR1,Northeast,29.433292244244928,26.59041449701868,1,90.34128522342888,66.47603624254671,Free,low,model
S212476,Kigali-Gatuna Road,Northwest,59.660176633744896,53.900148094708456,1,90.3452707248968,89.83358015784742,Free,low,model
S98784,NR11,Northeast,58.96873330485064,53.28800724802407,1,90.3665455599005,88.81334541337345,Free,low,model
S220201,NR16,Northbound,49.69756305651192,44.9122650916081,1,90.37116174195025,89.8245301832162,Free,low,model
S192782,NR4,Westbound,25.21516514150414,22.78758891875145,1,90.3725547339093,56.96897229687862,Free,low,model
S197624,NR11,Northeast,36.37116045196934,32.87131550873008,1,90.3774174380247,54.78552584788346,Free,low,history
S45660,NR15,Eastbound,53.84301586174621,48.6840667272636,1,90.41853608696557,81.14011121210599,Free,low,model
S237457,NR4,Southeast,34.30679889772648,31.025762068044816,1,90.4361906820193,77.56440517011204,Free,low,model
S114951,Musanze - Rubavu Road,Northeast,50.54912486037209,45.72390070020833,1,90.4543863548734,76.20650116701388,Free,low,model
S52678,NR17,Southwest,40.78194305907233,36.88943649435976,1,90.45531852399894,73.77887298871951,Free,low,model
S190362,NR1,Westbound,49.74259336522038,44.99579492270427,2,90.45727590504956,74.99299153784044,Free,ok,model
S90451,NR2,Northbound,59.96094446308105,54.24079923172373,1,90.46021492393385,90.40133205287289,Free,low,model
S99021,NR17,Southwest,40.78194305907235,36.89311572936036,1,90.46434024960742,73.7862314587207,Free,low,model
S10869,NR11,Northeast,36.55824030105651,33.072378944200615,1,90.46490933877045,55.12063157366768,Free,low,history
S174486,Kigali-Gatuna Road,Northbound,59.66017663374489,53.97225258491728,1,90.46612938519124,89.95375430819547,Free,low,model
S253471,NR4,Northeast,35.91414054514472,32.49019598657618,1,90.4663051750756,81.22548996644045,Free,low,model
S239543,NR1,Westbound,37.22478757589548,33.68078023536805,1,90.47944240567723,56.13463372561341,Free,low,model
S197509,Kigali-Gatuna Road,Northwest,59.97819772326228,54.27065244958201,1,90.48396669067198,90.45108741597002,Free,low,model
S63560,NR1,Southbound,59.41738937066844,53.76776209992438,1,90.49162655817894,89.61293683320731,Free,low,model
S213021,NR4,Southbound,34.30679889772647,31.04733192919711,2,90.49906411190882,77.61832982299278,Free,ok,model
S142566,NR1,Northbound,44.14993836636739,39.956937656738496,1,90.50281639164633,66.59489609456416,Free,low,model
S244337,NR15,Northeast,53.84301586174622,48.7329329126128,2,90.50929286306199,81.22155485435468,Free,ok,model
S222184,NR17,Southbound,40.78194305907234,36.91371100004342,1,90.51484120453551,73.82742200008684,Free,low,model
S33108,NR11,Eastbound,58.96873330485063,53.38011278266896,1,90.52273940956103,88.9668546377816,Free,low,model
S170925,NR4,Southbound,34.306798897726466,31.060016426228657,1,90.53603782393998,77.65004106557164,Free,low,model
S73982,Rubavu-Karongi Road,Northwest,58.7030039575821,53.14958566870844,1,90.53980560707511,88.58264278118072,Free,low,model
S240273,NR 19,Northbound,49.6532482577355,44.966195486325574,1,90.560430715266,89.93239097265115,Free,low,model
S102832,NR4,Southbound,34.30679889772647,31.069358324389878,1,90.5632682810545,77.6733958109747,Free,low,model
S17376,NR17,Westbound,49.999723271469996,45.28318373334685,1,90.56686871542263,90.5663674666937,Free,low,model
S135830,NR1,Westbound,59.408562177667164,53.80480493912568,1,90.56742490790654,89.6746748985428,Free,low,model
S176153,NR16,Northwest,49.69756305651192,45.01516482506478,1,90.57821361155534,90.03032965012954,Free,low,model
S190591,KK 15 Road,Westbound,35.40058191149391,32.066780899745666,1,90.58263782193417,53.44463483290944,Free,low,model
S202609,NR15,Southeast,53.84301586174622,48.77774803105974,1,90.59252579073083,81.29624671843288,Free,low,model
S38229,trunk_link (OSM way 378654651),Southwest,41.79952880164889,37.88038118181614,1,90.6239430630181,90.19138376622891,Free,low,model
S142401,NR17,Southbound,40.78194305907235,36.958240826272096,1,90.62403125995824,73.91648165254419,Free,low,model
S214886,NR 19,Southwest,49.189846913168665,44.57850687149735,1,90.62542306787135,89.1570137429947,Free,low,model
S227366,NR4,Westbound,35.914140545144726,32.551158448462,1,90.63605018626187,81.37789612115499,Free,low,model
S225302,NR15,Northeast,53.84301586174621,48.828985186362516,1,90.68768605336238,81.38164197727086,Free,low,model
S170377,NR11,Southeast,58.96873330485063,53.477407173030464,1,90.68773259308172,89.12901195505077,Free,low,model
S60017,NR17,Northeast,49.99972327147001,45.345400705380996,1,90.69130334818317,90.69080141076199,Free,low,model
S199487,NR4,Southeast,35.36229040984846,32.07364864940016,1,90.70014492179949,80.18412162350039,Free,low,model
S214067,NR1,Southbound,59.41738937066844,53.89438876242289,1,90.70474036852924,89.82398127070482,Free,low,model
S201341,NR17,Northwest,49.999723271469996,45.36744904998589,1,90.73540028145057,90.73489809997179,Free,low,model
S70920,NR19,Northbound,59.99999637125121,54.443430025053495,1,90.73905552957646,90.73905004175582,Free,low,model
S126087,NR2,Southwest,38.53885534669021,34.9715732701069,1,90.74367402847714,58.28595545017817,Free,low,model
S153556,Kigali-Gatuna Road,Northbound,59.660176633744896,54.1395386849209,1,90.74652764990068,90.23256447486817,Free,low,model
S235601,NR4,Southbound,34.30679889772648,31.14037948675141,2,90.77028602868305,77.85094871687852,Free,ok,model
S186545,NR17,Westbound,40.78194305907235,37.01805648852636,1,90.77070318818791,74.03611297705272,Free,low,model
S29007,NR17,Southbound,40.78194305907234,37.03142967550717,1,90.80349512005208,74.06285935101434,Free,low,model
S120538,NR1,Southwest,49.74259336522038,45.17400930545319,2,90.81554910854024,75.29001550908865,Free,ok,model
S152957,NR1,Northbound,42.21017537319977,38.33579781586486,1,90.82122373792637,63.89299635977476,Free,low,model
S235064,NR1,Westbound,37.22478757589549,33.808655438345944,1,90.82296405161591,56.34775906390991,Free,low,model
S231646,NR4,Southbound,34.306798897726466,31.161639974821984,1,90.83225767498548,77.90409993705495,Free,low,model
S77976,NR15,Northeast,53.84301586174621,48.91061217669125,2,90.83928787027833,81.5176869611521,Free,ok,model
S168311,NR4,Southbound,36.723984514977225,33.37394416720016,1,90.87778629682514,83.4348604180004,Free,low,model
S200412,NR4,Southeast,34.306798897726466,31.181760172604765,1,90.89090551864692,77.95440043151191,Free,low,model
S206005,NR16,Northwest,49.697563056511925,45.17200915887335,1,90.89381124685633,90.34401831774672,Free,low,model
S210890,NR23,Southbound,25.889102106704737,23.532994343908157,1,90.89922951717048,47.065988687816315,Free,low,model
S180172,KK 15 Road,Eastbound,35.40058191149391,32.180496637274864,1,90.9038634385455,53.63416106212477,Free,low,model
S117213,NR4,Southbound,34.30679889772647,31.18847365496911,1,90.91047447459745,77.97118413742277,Free,low,model
S229417,NR11,Northeast,58.96873330485064,53.61018139090996,1,90.91289296271877,89.35030231818327,Free,low,model
S176438,NR11,Northeast,37.86252734445088,34.42331005807811,1,90.9165670450765,57.372183430130185,Free,low,history
S199551,NR2,Southeast,38.538855346690205,35.03979848167076,1,90.92070370657765,58.399664136117934,Free,low,model
S234219,NR4,Eastbound,35.91414054514472,32.65816469796779,1,90.93400037491053,81.64541174491947,Free,low,model
S240741,NR4,Southbound,34.30679889772648,31.19851410476859,2,90.93974112179882,77.99628526192149,Free,ok,model
S210229,NR4,Westbound,35.914140545144726,32.66326375252423,1,90.94819827712685,81.65815938131058,Free,low,model
S226356,NR1,Southbound,59.41738937066844,54.045291042468435,1,90.95871026125567,90.07548507078073,Free,low,model
S92513,NR15,Eastbound,53.84301586174622,49.0009350586618,2,91.00704014144095,81.66822509776965,Free,ok,model
S126781,NR1,Southwest,59.41738937066844,54.07437551970359,1,91.00765969768028,90.12395919950599,Free,low,model
S61038,NR17,Eastbound,49.999723271469996,45.50458344875081,1,91.00967059694882,91.00916689750161,Free,low,model
S43326,NR15,Eastbound,53.84301586174622,49.00681620439971,2,91.01796290578427,81.67802700733286,Free,ok,model
S252427,NR4,Westbound,34.30679889772647,31.228727231419814,1,91.02780858254123,78.07181807854954,Free,low,model
S186477,KN7 Road,Northbound,38.31856727405711,34.88404877950178,1,91.03693394903988,87.21012194875445,Free,low,model
S53559,NR11,Northeast,58.96873330485063,53.68605184220904,1,91.04155513171409,89.4767530703484,Free,low,model
S255215,NR4,Southbound,34.30679889772647,31.234707987301356,1,91.04524173303528,78.08676996825338,Free,low,model
S217814,NR 19,Southbound,49.189846913168665,44.78772494582906,1,91.0507508284985,89.57544989165812,Free,low,model
S195707,NR17,Southeast,49.99972327147,45.52520681624481,1,91.05091756022104,91.05041363248962,Free,low,model
S196075,NR16,Northeast,49.69756305651191,45.251842652551986,1,91.05444989545137,90.503685305104,Free,low,model
S236763,NR 19,Southbound,49.18984691316867,44.79162172549046,1,91.0586727471584,89.58324345098092,Free,low,model
S237598,NR6,Southwest,42.522234392125945,38.724837182523764,1,91.06961977918695,77.44967436504753,Free,low,model
S110127,NR6,Westbound,42.522234392125945,38.726400895470306,1,91.07329717989012,77.4528017909406,Free,low,model
S237069,NR24,Southbound,29.411287412001748,26.788565715709844,1,91.08260152113688,66.9714142892746,Free,low,model
S140016,NR6,Westbound,42.52223439212595,38.73344686266658,1,91.08986725739662,77.46689372533316,Free,low,model
S196894,NR6,Southwest,42.52223439212595,38.74312585401376,1,91.11262944636798,77.48625170802752,Free,low,model
S163214,NR11,Northeast,58.96873330485064,53.7305462517839,1,91.1170093717515,89.55091041963983,Free,low,model
S245930,NR19,Northeast,59.99999637125121,54.67251076868572,1,91.12085679205451,91.12085128114286,Free,low,model
S258526,NR4,Northwest,39.559050370107585,36.048586483329736,1,91.12601578163641,90.12146620832434,Free,low,model
S197895,NR24,Northwest,39.99745333727995,36.44841098249738,1,91.12682918871073,91.12102745624345,Free,low,model
S229571,NR4,Southeast,34.30679889772648,31.266624890791537,2,91.13827548877953,78.16656222697884,Free,ok,model
S230638,NR 19,Northeast,49.653248257735505,45.260701860776,1,91.1535568143315,90.52140372155199,Free,low,model
S117848,NR11,Northeast,58.96873330485064,53.753524412275866,1,91.15597605664394,89.58920735379311,Free,low,model
S174788,NR1,Eastbound,42.21017537319977,38.4837209592929,1,91.17166801379159,64.13953493215485,Free,low,model
S232485,NR24,Southbound,29.411287412001744,26.8184854994029,1,91.1843304365493,67.04621374850726,Free,low,model
S220341,NR1,Westbound,49.74259336522037,45.36022390760249,1,91.1899055494722,75.60037317933748,Free,low,model
S235634,NR16,Northwest,49.69756305651193,45.32048065409842,1,91.1925612983553,90.64096130819681,Free,low,model
S58712,Rubavu-Karongi Road,Northwest,58.7030039575821,53.53521299185606,1,91.19671802577564,89.22535498642677,Free,low,model
S54840,NR15,Eastbound,53.84301586174621,49.113403963017554,1,91.21592313685962,81.85567327169592,Free,low,model
S241812,NR 19,Southwest,49.189846913168665,44.872675874141486,1,91.22345095595037,89.74535174828297,Free,low,model
S176010,NR4,Southwest,35.914140545144726,32.76429176482848,1,91.22950255107224,81.91072941207119,Free,low,model
S235580,NR1,Westbound,59.702727351952205,54.473545525514815,1,91.24130159814818,90.7892425425247,Free,low,model
S233164,NR4,Southbound,34.306798897726466,31.30422144926193,1,91.24786472379526,78.26055362315485,Free,low,model
S201405,NR4,Westbound,39.5691868951222,36.11788513922619,1,91.2778047093976,90.29471284806547,Free,low,model
S169167,NR2,Northeast,59.96094446308104,54.735689227031976,1,91.285568826778,91.22614871171997,Free,low,model
S30085,NR15,Northeast,53.84301586174622,49.15926736794193,1,91.3011029957333,81.93211227990322,Free,low,model
S148909,NR15,Southeast,53.84301586174622,49.16179337821561,2,91.30579443107223,81.93632229702602,Free,ok,model
S117484,NR14,Northwest,39.67353198731716,36.2248494550239,1,91.30734683920822,72.4496989100478,Free,low,model
S207713,KN 7 Road,Westbound,38.31856727405711,34.98837643353361,1,91.309197923018,87.47094108383402,Free,low,model
S193280,NR19,Northeast,49.99999697604268,45.662004969315745,1,91.32401546183,91.32400993863149,Free,low,model
S187798,NR6,Northwest,42.52223439212595,38.8358865281083,1,91.33077573011951,77.6717730562166,Free,low,model
S247164,Musanze - Rubavu Road,Northeast,50.54912486037209,46.16699437421178,1,91.33094687936789,76.94499062368631,Free,low,model
S183023,NR11,Northbound,58.96873330485064,53.860333733458575,1,91.33710479249542,89.76722288909761,Free,low,model
S155674,NR15,Eastbound,53.8430158617462,49.18126586079759,1,91.34195972060947,81.96877643466264,Free,low,model
S121577,NR24,Westbound,39.99745333727995,36.53625570022823,1,91.34645496585733,91.34063925057058,Free,low,model
S140703,Rubavu-Karongi Road,Northbound,58.7030039575821,53.62423534374825,1,91.34836674200916,89.37372557291376,Free,low,model
S201464,NR14,Northwest,39.673531987317155,36.24161828616611,1,91.34961388804969,72.48323657233222,Free,low,model
S246538,NR24,Northbound,39.99745333727995,36.538016326065936,1,91.35085681070196,91.34504081516484,Free,low,model
S158442,NR11,Northeast,36.95359247461523,33.760588241268366,1,91.35942131867084,56.26764706878061,Free,low,history
S176662,NR1,Southwest,59.408562177667164,54.28073354735121,1,91.36853604539245,90.46788924558535,Free,low,model
S235385,NR1,Northeast,42.210175373199775,38.5677323465198,1,91.37069913954291,64.27955391086633,Free,low,model
S88969,NR1,Southbound,59.7027273519522,54.55248729638591,1,91.37352632953396,90.92081216064321,Free,low,model
S145022,NR1,Northeast,26.589748566156633,24.296183951100232,1,91.3742523388294,40.49363991850039,Free,low,model
S241351,KN 7 Road,Westbound,38.31856727405711,35.01767416421361,1,91.38565623752245,87.54418541053403,Free,low,model
S155923,NR1,Northwest,58.20346865856085,53.19613923662389,1,91.39685393784438,88.66023206103982,Free,low,model
S258560,NR4,Southbound,34.30679889772647,31.35589122087764,1,91.39847560349214,78.3897280521941,Free,low,model
S201668,NR4,Northbound,37.596896826758616,34.36657388555289,1,91.40800647433586,85.91643471388223,Free,low,model
S151197,NR2,Eastbound,32.590939066405895,29.792374512902644,1,91.41305947704969,49.6539575215044,Free,low,model
S172156,NR1,Northeast,42.210175373199775,38.58726491330512,1,91.41697368498752,64.31210818884186,Free,low,model
S248796,NR4,Southeast,36.72398451497722,33.575655102119846,2,91.42704841416817,83.93913775529961,Free,ok,model
S84785,NR12,Southeast,47.67349198824448,43.586647421878666,1,91.42742770474301,87.17329484375733,Free,low,model
S224722,NR4,Northwest,39.559050370107585,36.169370313550026,1,91.43134118528047,90.42342578387506,Free,low,model
S184962,NR4,Southbound,34.30679889772647,31.367771930340858,1,91.43310637594817,78.41942982585215,Free,low,model
S128794,NR4,Northbound,37.596896826758616,34.3815103334637,1,91.44773434863261,85.95377583365925,Free,low,model
S92768,Rubavu - Karongi Road,Northeast,58.70300395758209,53.69360987921958,1,91.46654559282482,89.4893497986993,Free,low,model
S193843,NR1,Northeast,42.210175373199775,38.621675181055416,1,91.49849494720938,64.36945863509236,Free,low,model
S136982,NR15,Southwest,53.84301586174621,49.26640279045061,2,91.5000803761679,82.11067131741768,Free,ok,model
S129336,NR14,Southwest,39.67353198731716,36.30509992794781,1,91.50962394664994,72.61019985589562,Free,low,model
S199195,NR4,Northwest,39.5691868951222,36.21080229932889,1,91.51262671963747,90.52700574832222,Free,low,model
S217023,NR1,Southbound,59.41738937066843,54.380821258244396,1,91.52341062815131,90.634702097074,Free,low,model
S189343,NR15,Eastbound,53.84301586174621,49.280630257103674,2,91.52650435414417,82.13438376183946,Free,ok,model
S220515,NR1,Northeast,42.21017537319977,38.63504668385262,1,91.5301733344205,64.3917444730877,Free,low,model
S122138,NR1,Westbound,37.22478757589549,34.07201825623312,1,91.53045719002596,56.78669709372187,Free,low,model
S196094,KK 15 Road,Northbound,35.400581911493916,32.405679391112635,1,91.53996245635473,54.00946565185439,Free,low,model
S246648,NR24,Westbound,39.99745333727996,36.615130131655334,1,91.54365359938528,91.53782532913833,Free,low,model
S231400,NR17,Eastbound,49.999723271469996,45.77214530981311,1,91.54479728076984,91.54429061962622,Free,low,model
S240807,NR4,Southeast,36.72398451497722,33.621256801256735,2,91.55122257375125,84.05314200314184,Free,ok,model
S248453,NR4,Southbound,34.30679889772648,31.41049954681552,1,91.55765199911176,78.52624886703879,Free,low,model
S190284,NR19,Northbound,59.999996371251214,54.936978112573435,1,91.56163572519196,91.56163018762238,Free,low,model
S249682,NR 19,Northeast,49.65324825773551,45.46998910930228,1,91.57505441191047,90.93997821860458,Free,low,model
S118807,NR1,Southbound,59.7027273519522,54.674742418569636,1,91.57829942384005,91.12457069761606,Free,low,model
S117437,NR1,Southwest,49.74259336522037,45.55890197864651,1,91.58931791944111,75.93150329774419,Free,low,model
S133355,NR1,Southwest,59.408562177667164,54.41334452296231,1,91.59175467036863,90.68890753827053,Free,low,model
S107019,NR4,Northbound,35.914140545144726,32.89574700116665,1,91.59552895277028,82.23936750291662,Free,low,model
S237337,KN7 Road,Northbound,38.31856727405711,35.09963705268369,2,91.59955486239502,87.74909263170922,Free,ok,model
S137063,Rubavu-Karongi Road,Northwest,58.70300395758209,53.771829351417836,1,91.59979170788696,89.6197155856964,Free,low,model
S152959,NR19,Eastbound,59.999996371251214,54.97793584480649,1,91.62989861637554,91.62989307467748,Free,low,model
S208981,NR4,Southeast,36.723984514977225,33.66015790706642,2,91.65715091002372,84.15039476766604,Free,ok,model
S68635,NR13,Northeast,31.73476218934193,29.09374937706218,1,91.67785535457163,58.18749875412436,Free,low,model
S89978,NR4,Westbound,35.914140545144726,32.92768226384417,1,91.68445009133234,82.31920565961042,Free,low,model
S232185,NR17,Southwest,40.78194305907234,37.39187492722816,1,91.68733052534134,74.78374985445632,Free,low,model
S254916,NR 19,Southbound,49.189846913168665,45.108332957632356,1,91.70252763188893,90.21666591526471,Free,low,model
S69950,Rubavu-Karongi Road,Northwest,58.7030039575821,53.84949259879092,1,91.73209029933417,89.7491543313182,Free,low,model
S207266,NR4,Southbound,34.30679889772647,31.470577242447256,1,91.73277091886537,78.67644310611814,Free,low,model
S43184,NR15,Eastbound,53.84301586174622,49.39952751054695,2,91.74732640792466,82.33254585091157,Free,ok,model
S116462,NR17,Southbound,40.78194305907234,37.416747602692624,1,91.74831995742514,74.83349520538525,Free,low,model
S220315,NR6,Northwest,42.52223439212595,39.01451731015726,1,91.75086367846599,78.02903462031452,Free,low,model
S180214,Kigali-Gatuna Road,Northbound,59.97819772326229,55.04326845890108,1,91.7721281204033,91.73878076483514,Free,low,model
S168342,NR14,Westbound,39.67353198731716,36.411627485146,1,91.77813434101625,72.82325497029198,Free,low,model
S124929,NR1,Northwest,58.20346865856085,53.422336897724705,1,91.78548655083821,89.03722816287451,Free,low,model
S92657,NR4,Southwest,34.30679889772648,31.491082920741555,2,91.7925423896908,78.72770730185388,Free,ok,model
S192366,Rubavu - Karongi Road,Northbound,58.70300395758209,53.885613422018835,1,91.79362177267073,89.80935570336472,Free,low,model
S251546,NR4,Southeast,36.723984514977225,33.7105243345002,2,91.79429950132987,84.2763108362505,Free,ok,model
S10313,Rubavu-Karongi Road,Northeast,58.7030039575821,53.88992224036144,1,91.80096180308165,89.81653706726908,Free,low,model
S127641,NR11,Northbound,58.96873330485064,54.14186366155908,1,91.81452716927446,90.2364394359318,Free,low,model
S22451,NR15,Northeast,53.84301586174621,49.43761284495052,1,91.81806043683078,82.39602140825086,Free,low,model
S151998,NR 19,Southwest,49.18984691316867,45.166790358189154,1,91.82136801100208,90.33358071637831,Free,low,model
S63412,NR17,Northwest,49.99972327147,45.91612209643904,1,91.83275244772989,91.83224419287808,Free,low,model
S116022,NR11,Eastbound,58.96873330485064,54.160257288942866,1,91.84571933901074,90.26709548157145,Free,low,model
S235947,Rubavu - Karongi Road,Northbound,58.7030039575821,53.918916493554576,1,91.85035323322734,89.86486082259097,Free,low,model
S134966,NR17,Westbound,40.78194305907235,37.45850030907987,1,91.85070033279558,74.91700061815973,Free,low,model
S31324,NR15,Southeast,53.84301586174622,49.475917053030294,1,91.889200969111,82.4598617550505,Free,low,model
S251721,NR24,Northwest,39.99745333727996,36.75418025739777,1,91.89130104726125,91.88545064349441,Free,low,model
S254311,NR24,Southwest,39.99745333727995,36.764342856147344,1,91.91670916178266,91.91085714036836,Free,low,model
S102276,NR17,Northbound,49.99972327147,45.95974294812865,1,91.91999463395715,91.9194858962573,Free,low,model
S208543,KN7 Road,Northbound,38.318567274057116,35.223683237941586,3,91.92327830531684,88.05920809485397,Free,ok,model
S244502,NR17,Southwest,40.78194305907235,37.49368257910135,1,91.93696956712442,74.9873651582027,Free,low,model
S187953,NR16,Westbound,27.972903744375092,25.721085334202662,1,91.95000121992972,51.44217066840534,Free,low,model
S60950,NR2,Southeast,38.53885534669021,35.44310429838348,1,91.96719513213928,59.07184049730581,Free,low,model
S255840,NR2,Southeast,38.538855346690205,35.444983752534945,1,91.9720719094451,59.074972920891575,Free,low,model
S247190,NR24,Northeast,29.41128741200175,27.055854705784586,1,91.99139883534649,67.63963676446147,Free,low,model
S15399,NR12,Southeast,47.67349198824448,43.87571330340359,1,92.0337728023419,87.75142660680719,Free,low,model
S167245,NR2,Southwest,38.53885534669021,35.46886088383061,1,92.03402790445548,59.114768139717675,Free,low,model
S237699,NR6,Southwest,42.52223439212595,39.140929003994124,1,92.04814743047002,78.28185800798826,Free,low,model
S28626,NR15,Eastbound,53.84301586174621,49.56155974305974,1,92.04826094868079,82.60259957176623,Free,low,model
S235829,NR11,Northbound,37.48371343662224,34.50483523559771,1,92.05287329372732,57.50805872599618,Free,low,history
S140915,KK 15 Road,Northwest,35.40058191149391,32.590088942898895,1,92.06088483058947,54.316814904831496,Free,low,model
S240405,NR4,Southbound,34.30679889772647,31.587912511908755,1,92.07478845833704,78.96978127977188,Free,low,model
S204233,NR24,Southwest,39.99745333727995,36.833630430637996,1,92.08993912696664,92.08407607659498,Free,low,model
S87322,NR19,Northbound,59.99999637125121,55.26973846964768,1,92.11623635385747,92.11623078274611,Free,low,model
S247026,NR16,Eastbound,49.697563056511925,45.78395531478017,1,92.12515161501676,91.56791062956034,Free,low,model
S138583,NR12,Eastbound,47.67349198824448,43.91952003714419,1,92.1256618834929,87.83904007428836,Free,low,model
S64519,NR15,Eastbound,53.84301586174621,49.607854148715155,1,92.13424128413283,82.67975691452527,Free,low,model
S245549,NR4,Southeast,36.723984514977225,33.83669206699247,2,92.13785626446055,84.59173016748117,Free,ok,model
S258268,KN7 Road,Northwest,38.31856727405711,35.30651935649999,3,92.13945579954819,88.26629839124998,Free,ok,model
S189543,Kigali-Gatuna Road,Northwest,59.66017663374489,54.97751458653024,1,92.15110931373601,91.62919097755041,Free,low,model
S178272,NR4,Westbound,35.91414054514473,33.095754799387954,1,92.15243438106499,82.73938699846988,Free,low,model
S205855,NR1,Westbound,49.74259336522038,45.839140528488564,2,92.15269536095181,76.39856754748094,Free,ok,model
S181481,Kigali-Gatuna Road,Northwest,59.660176633744896,54.98566807230849,1,92.16477586023032,91.64278012051415,Free,low,model
S128988,NR16,Northwest,49.697563056511925,45.80704674769922,1,92.17161552893702,91.61409349539844,Free,low,model
S239231,NR11,Northeast,58.96873330485064,54.35550470281208,1,92.17682262532323,90.59250783802014,Free,low,model
S64567,NR12,Eastbound,47.67349198824448,43.94756784939422,1,92.18449502342095,87.89513569878844,Free,low,model
S190367,NR17,Southwest,40.78194305907234,37.603009187163494,1,92.20504558278603,75.20601837432699,Free,low,model
S257010,NR4,Northbound,37.596896826758616,34.66928981155339,1,92.2131684731981,86.67322452888348,Free,low,model
S116734,Rubavu-Karongi Road,Northbound,58.7030039575821,54.16490092594015,1,92.26938533687117,90.27483487656693,Free,low,model
S236809,NR11,Southeast,58.96873330485064,54.42058709722252,1,92.28719025705442,90.70097849537088,Free,low,model
S220212,NR4,Southbound,34.30679889772648,31.661889767100995,1,92.29042284443284,79.15472441775248,Free,low,model
S245519,NR 19,Northbound,49.653248257735505,45.82548801775799,1,92.29101745749094,91.65097603551598,Free,low,model
S26556,Rubavu-Karongi Road,Westbound,58.7030039575821,54.187133500540384,1,92.30725831287133,90.31188916756732,Free,low,model
S247175,NR4,Southeast,34.30679889772647,31.67001473409465,2,92.31410610039,79.17503683523663,Free,ok,model
S70593,NR4,Southbound,36.723984514977225,33.90594936382286,1,92.32644499671578,84.76487340955717,Free,low,model
S115146,NR1,Westbound,49.74259336522037,45.93305946151839,1,92.34150524535059,76.55509910253066,Free,low,model
S221621,KN7 Road,Northwest,38.31856727405711,35.38862887995148,3,92.35373709786565,88.47157219987871,Free,ok,model
S239973,NR4,Westbound,34.30679889772647,31.685801268406106,2,92.36012186058531,79.21450317101527,Free,ok,model
S229168,NR24,Eastbound,29.411287412001748,27.1676842889468,1,92.3716255884147,67.919210722367,Free,low,model
S158256,Kigali-Gatuna Road,Northwest,59.97819772326228,55.41629080317098,1,92.39405801898248,92.36048467195162,Free,low,model
S215383,KN7 Road,Southwest,28.8085377452977,26.618147762754084,1,92.39673321183703,66.54536940688521,Free,low,model
S53322,KN7 Road,Northwest,38.31856727405711,35.408772566879385,1,92.4063060960326,88.52193141719846,Free,low,model
S41261,NR1,Northwest,59.7027273519522,55.17295926575999,1,92.4127953828828,91.95493210959998,Free,low,model
S185984,NR11,Eastbound,58.96873330485064,54.501337031905486,1,92.42412712199523,90.83556171984249,Free,low,model
S206618,NR15,Eastbound,53.84301586174622,49.772912036680545,1,92.44079522678194,82.95485339446758,Free,low,model
S08345,NR12,Southeast,47.67349198824448,44.080133716865255,1,92.46256541839796,88.16026743373051,Free,low,model
S251253,NR4,Southeast,36.72398451497722,33.97043559289903,2,92.50204203480371,84.92608898224758,Free,ok,model
S180462,NR1,Southwest,59.70272735195219,55.22966230611279,1,92.50777101107906,92.04943717685465,Free,low,model
S209270,NR11,Northbound,58.96873330485064,54.562629757433335,1,92.5280681804049,90.93771626238889,Free,low,model
S150163,Rubavu-Karongi Road,Northwest,58.7030039575821,54.32100905199361,1,92.53531402114473,90.53501508665603,Free,low,model
S73394,NR19,Northbound,59.999996371251214,55.525929466467645,1,92.5432213743811,92.54321577744606,Free,low,model
S113487,NR17,Southeast,40.78194305907234,37.74140356712811,1,92.54439768222903,75.48280713425622,Free,low,model
S113286,NR17,Eastbound,49.99972327147,46.27791104125637,1,92.55633434207962,92.55582208251273,Free,low,model
S56586,NR17,Southwest,40.78194305907234,37.74804175792702,1,92.56067496158597,75.49608351585404,Free,low,model
S162984,NR4,Westbound,39.56918689512219,36.627262640768826,1,92.56511319742073,91.56815660192207,Free,low,model
S98648,NR17,Southeast,40.78194305907234,37.749945552465704,1,92.56534319069887,75.49989110493141,Free,low,model
S214712,NR4,Northwest,35.91414054514472,33.25305666839914,1,92.5904286268509,83.13264167099786,Free,low,model
S158516,NR4,Westbound,35.914140545144726,33.26059798598283,1,92.61142681160267,83.15149496495707,Free,low,model
S225809,NR4,Northwest,39.55905037010758,36.645370481823775,1,92.63460608628387,91.61342620455943,Free,low,model
S240699,NR4,Southwest,35.914140545144726,33.272052285591585,1,92.64332037618445,83.18013071397897,Free,low,model
S213706,NR1,Northbound,44.149938366367394,40.90858992228854,1,92.65831717095205,68.18098320381424,Free,low,model
S212900,NR24,Northbound,39.99745333727995,37.06732527771697,1,92.67421344340458,92.66831319429242,Free,low,model
S83067,NR11,Northbound,58.96873330485063,54.66033524519741,1,92.69375850863186,91.10055874199568,Free,low,model
S247660,NR4,Southbound,34.30679889772647,31.808503673005525,1,92.7177839233304,79.52125918251382,Free,low,model
S152821,NR1,Southwest,59.7027273519522,55.36722337610004,1,92.73818103770365,92.27870562683341,Free,low,model
S219188,NR11,Northbound,58.96873330485064,54.718773875177824,1,92.79285955202428,91.1979564586297,Free,low,model
S132051,NR4,Westbound,39.56918689512219,36.71890269254906,1,92.79670767527321,91.79725673137264,Free,low,model
S253989,NR6,Westbound,42.52223439212595,39.46208713160874,1,92.80341848385119,78.92417426321747,Free,low,model
S252900,NR 19,Southbound,49.18984691316867,45.6513053182205,1,92.80635778111994,91.302610636441,Free,low,model
S244031,NR16,Westbound,49.69756305651192,46.130145656864514,1,92.82174581560301,92.26029131372903,Free,low,model
S223960,NR4,Southwest,34.30679889772647,31.84676152460067,1,92.8293007445564,79.61690381150167,Free,low,model
S259007,NR4,Northwest,39.559050370107585,36.727460557266625,1,92.84211884170853,91.81865139316656,Free,low,model
S204234,NR1,Southwest,59.40856217766716,55.162522051741846,1,92.85281452658775,91.93753675290307,Free,low,model
S250330,Musanze - Rubavu Road,Northeast,50.54912486037209,46.940173157373486,1,92.86050606619337,78.2336219289558,Free,low,model
S225220,NR19,Eastbound,49.99999697604268,46.43594852607733,1,92.87190266896808,92.87189705215468,Free,low,model
S184983,NR1,Southbound,59.41738937066844,55.19406940007142,1,92.89211455547074,91.9901156667857,Free,low,model
S183286,NR11,Northeast,58.96873330485064,54.77842191110565,1,92.89401152288225,91.29736985184276,Free,low,model
S250883,NR16,Northbound,49.697563056511925,46.168623070887186,1,92.89916895600712,92.33724614177439,Free,low,model
S156784,NR24,Northbound,39.99745333727995,37.15988771531534,1,92.90563427117038,92.89971928828837,Free,low,model
S257028,NR4,Westbound,34.30679889772647,31.874213826209214,1,92.90932074785192,79.68553456552304,Free,low,model
S241726,NR24,Westbound,39.99745333727995,37.16210712208624,1,92.91118314137515,92.9052678052156,Free,low,model
S104280,Rubavu - Karongi Road,Northbound,58.70300395758209,54.55726277653566,1,92.93776995800405,90.92877129422611,Free,low,model
S258420,NR4,Southwest,34.30679889772647,31.89568437407802,2,92.97190469202232,79.73921093519505,Free,ok,model
S100000,NR11,Eastbound,58.968733304850645,54.82683381300901,1,92.97610910102264,91.378056355015,Free,low,model
S56051,NR17,Northbound,49.99972327147,46.49554519586746,1,92.99160506033832,92.9910903917349,Free,low,model
S237637,NR6,Westbound,42.52223439212595,39.5444064516251,1,92.99700972192498,79.0888129032502,Free,low,model
S236537,NR 19,Eastbound,49.653248257735505,46.17721708739629,1,92.99938817235854,92.3544341747926,Free,low,model
S243950,NR4,Southbound,34.30679889772647,31.905290483707557,2,92.99990529230617,79.7632262092689,Free,ok,model
S258675,NR4,Southeast,36.72398451497722,34.15512973700943,1,93.00496715730799,85.3878243425236,Free,low,model
S113843,NR1,Southwest,59.408562177667164,55.257016110624626,1,93.0118725064799,92.09502685104104,Free,low,model
S231456,KN7 Road,Northwest,38.31856727405711,35.64560535469142,3,93.02436883861425,89.11401338672854,Free,ok,model
S235646,NR1,Southwest,59.7027273519522,55.548064578924105,1,93.0410837874524,92.58010763154017,Free,low,model
S156998,NR2,Southbound,38.53885534669021,35.857898032438754,1,93.04349522025514,59.76316338739792,Free,low,model
S243402,NR6,Southwest,42.52223439212595,39.57002143857454,1,93.0572487646649,79.14004287714907,Free,low,model
S120388,NR11,Northbound,34.660251385505184,32.25447162737764,1,93.05896621646075,53.75745271229606,Free,low,history
S164164,Kigali-Gatuna Road,Northwest,59.660176633744896,55.53475015300034,1,93.08512526526592,92.55791692166723,Free,low,model
S254644,NR4,Southeast,36.723984514977225,34.18753980860302,1,93.09322030309711,85.46884952150755,Free,low,model
S243625,Musanze - Rubavu Road,Northeast,50.54912486037209,47.070791899640895,1,93.11890567771624,78.45131983273482,Free,low,model
S246171,NR4,Northwest,39.56918689512219,36.849429712284866,1,93.12657803647566,92.12357428071218,Free,low,model
S194415,NR19,Eastbound,59.9999963712512,55.87880213829883,1,93.13134252966884,93.13133689716473,Free,low,model
S63864,NR13,Northbound,31.734762189341932,29.556489636641665,1,93.13600480222965,59.11297927328333,Free,low,model
S189130,NR 19,Southeast,49.65324825773551,46.24720809743948,1,93.14034775204178,92.49441619487897,Free,low,model
S250157,NR16,Northbound,49.69756305651192,46.30388310019952,1,93.1713352776405,92.60776620039904,Free,low,model
S109630,NR17,Northwest,49.99972327147,46.600359306917284,1,93.20123444264658,93.20071861383457,Free,low,model
S214150,NR24,Northwest,39.99745333727996,37.28770241005232,1,93.22519135311549,93.2192560251308,Free,low,model
S202296,NR15,Southbound,53.84301586174621,50.20177308642968,2,93.2372978796986,83.66962181071614,Free,ok,model
S239861,NR11,Southeast,58.96873330485063,54.983285061844306,1,93.24142130982744,91.63880843640717,Free,low,model
S129286,NR16,Northwest,49.69756305651192,46.34643684012239,1,93.25696068320511,92.69287368024477,Free,low,model
S162530,NR24,Northwest,39.99745333727995,37.302847821843855,1,93.26305729338881,93.25711955460964,Free,low,model
S211844,NR6,Westbound,42.52223439212595,39.65971072424416,1,93.26817203093198,79.31942144848831,Free,low,model
S150812,NR11,Northbound,58.96873330485064,55.00252668166796,1,93.27405151696479,91.67087780277993,Free,low,model
S77399,Rubavu - Karongi Road,Westbound,58.70300395758209,54.760601432115784,1,93.28415539294203,91.26766905352632,Free,low,model
S229469,NR1,Southbound,59.41738937066843,55.430613988760506,1,93.29022122288663,92.38435664793418,Free,low,model
S216168,NR4,Westbound,35.914140545144726,33.505050211125166,1,93.2920841277232,83.76262552781292,Free,low,model
S256119,NR4,Northwest,39.559050370107585,36.92167654567087,1,93.33307094138534,92.30419136417716,Free,low,model
S162491,NR1,Southwest,49.74259336522038,46.42704266494277,1,93.33458415419928,77.37840444157128,Free,low,model
S247364,NR4,Northbound,37.59689682675862,35.092801837440895,1,93.33962321184043,87.73200459360223,Free,low,model
S53247,NR15,Eastbound,53.84301586174621,50.25882102100487,1,93.34325021847857,83.76470170167478,Free,low,model
S166437,NR4,Eastbound,35.914140545144726,33.523638584721674,1,93.34384194042414,83.80909646180419,Free,low,model
S63227,NR11,Northwest,58.96873330485064,55.04502485316936,1,93.3461205086484,91.7417080886156,Free,low,model
S47905,NR11,Northwest,58.96873330485064,55.052722434615355,1,93.3591741745737,91.7545373910256,Free,low,model
S141964,NR17,Southbound,40.78194305907234,38.0747240818979,1,93.36172145291593,76.1494481637958,Free,low,model
S80860,NR15,Southbound,53.84301586174621,50.27037145751716,2,93.36470227930285,83.78395242919527,Free,ok,model
S77173,NR17,Westbound,40.78194305907233,38.07614921113717,1,93.36521596331043,76.15229842227434,Free,low,model
S91482,NR24,Westbound,39.99745333727995,37.34500816271437,1,93.36846485650288,93.36252040678593,Free,low,model
S59858,NR12,Southbound,47.67349198824448,44.5154445094783,1,93.37567409673933,89.0308890189566,Free,low,model
S183263,NR1,Westbound,59.408562177667164,55.47671883131947,1,93.38168909964674,92.46119805219911,Free,low,model
S250072,NR4,Southbound,34.30679889772647,32.03826278682756,2,93.38750281638998,80.09565696706889,Free,ok,model
S203625,NR 19,Southbound,49.189846913168665,45.94525178269008,1,93.4039332624758,91.89050356538014,Free,low,model
S253619,KN7 Road,Northwest,38.31856727405711,35.795302946336655,3,93.41503478020489,89.48825736584163,Free,ok,model
S69401,NR15,Northeast,53.84301586174621,50.333927860904176,1,93.48274247889013,83.88987976817363,Free,low,model
S50120,Rubavu - Karongi Road,Northwest,58.7030039575821,54.88305338491279,1,93.49275111128973,91.47175564152131,Free,low,model
S210073,NR1,Southwest,59.40856217766716,55.54912888270036,1,93.5035739740262,92.58188147116726,Free,low,model
S128777,NR16,Northwest,49.697563056511925,46.471442329782036,1,93.50849311653087,92.94288465956407,Free,low,model
S193275,NR1,Southwest,59.408562177667164,55.552718182042945,1,93.5096156946318,92.58786363673825,Free,low,model
S221301,NR14,Northeast,39.67353198731717,37.100571356804224,1,93.51466707996791,74.20114271360845,Free,low,model
S196619,KK 15 Road,Northbound,35.40058191149391,33.105243182144534,1,93.51609887349302,55.175405303574216,Free,low,model
S231876,NR 19,Northwest,49.653248257735505,46.44141401972825,1,93.53147205730517,92.88282803945648,Free,low,model
S252846,NR4,Southwest,39.5691868951222,37.009897237745676,1,93.53211461190774,92.5247430943642,Free,low,model
S256591,NR6,Northwest,42.522234392125945,39.78605669084727,1,93.56530121148725,79.57211338169454,Free,low,model
S31105,NR12,Northeast,47.67349198824448,44.610559077996776,1,93.57518658166897,89.22111815599355,Free,low,model
S215092,NR1,Northeast,29.433292244244928,27.542421293670053,1,93.57574091649705,68.85605323417514,Free,low,model
S194077,NR4,Southbound,34.30679889772648,32.103310071809986,2,93.57710746349314,80.25827517952497,Free,ok,model
S110381,NR11,Southeast,58.968733304850645,55.18293152433354,1,93.57998456411529,91.9715525405559,Free,low,model
S240666,NR 19,Northbound,49.653248257735505,46.46915636297352,1,93.58734421918523,92.93831272594703,Free,low,model
S226584,KN7 Road,Northbound,38.318567274057116,35.86511317146134,2,93.59721858844956,89.66278292865334,Free,ok,model
S34314,NR24,Westbound,39.99745333727995,37.43876522748466,1,93.6028724423551,93.59691306871164,Free,low,model
S219472,KN 7 Road,Westbound,38.31856727405711,35.87125533261255,2,93.6132477920137,89.67813833153137,Free,ok,model
S249801,NR4,Southeast,36.723984514977225,34.37939661527352,1,93.61564947085874,85.9484915381838,Free,low,model
S184024,NR1,Southeast,59.7027273519522,55.89128674986177,1,93.61596903333798,93.15214458310297,Free,low,model
S254814,NR16,Northbound,49.69756305651192,46.535637136445786,1,93.6376640511112,93.07127427289157,Free,low,model
S202185,NR1,Westbound,49.74259336522037,46.57925568383451,1,93.64058552765839,77.63209280639084,Free,low,model
S164285,NR6,Westbound,42.52223439212595,39.81836936879078,1,93.64129128681004,79.63673873758157,Free,low,model
S178957,trunk (OSM way 507295266),Westbound,50.43033028300829,47.22529513912001,1,93.64462789376542,59.03161892390001,Free,low,model
S233290,NR1,Northeast,42.21017537319977,39.5291589385743,1,93.64841199800436,65.8819315642905,Free,low,model
S224355,NR11,Northbound,50.144958416619836,46.96345465709651,2,93.65538658325248,78.27242442849418,Free,ok,history
S216857,Rubavu - Karongi Road,Northbound,58.7030039575821,54.979194740218574,1,93.65652698104803,91.63199123369762,Free,low,model
S244848,NR19,Northbound,49.99999697604267,46.83523783366475,1,93.67048133244027,93.67047566732951,Free,low,model
S251796,Musanze - Rubavu Road,Northeast,54.468032164293234,51.025013568974394,1,93.67882690357973,85.04168928162399,Free,low,model
S57853,Rubavu-Karongi Road,Eastbound,58.703003957582105,55.0074934813455,1,93.70473361310961,91.6791558022425,Free,low,model
S148629,NR15,Southeast,53.84301586174621,50.45347213782747,2,93.70476621773538,84.08912022971245,Free,ok,model
S246949,NR17,Northwest,49.99972327147,46.85289800876983,1,93.70631464175369,93.70579601753965,Free,low,model
S214257,NR4,Southbound,34.30679889772647,32.14904833446419,2,93.71042874126832,80.37262083616048,Free,ok,model
S172888,NR12,Northbound,47.67349198824447,44.678615504562444,1,93.7179418608133,89.35723100912487,Free,low,model
S195186,NR 19,Westbound,49.653248257735505,46.54068891212434,1,93.73140840765386,93.08137782424869,Free,low,model
S243004,NR4,Southeast,34.30679889772647,32.161350354618236,2,93.74628758135047,80.40337588654559,Free,ok,model
S236556,NR1,Westbound,49.74259336522037,46.640409900228406,2,93.76352687883582,77.73401650038068,Free,ok,model
S146269,NR17,Southwest,40.78194305907234,38.24274007748593,1,93.77370769728064,76.48548015497185,Free,low,model
S189641,NR 19,Southwest,49.189846913168665,46.12873889470063,1,93.77695152442416,92.25747778940128,Free,low,model
S242420,NR17,Southeast,40.78194305907234,38.244477134743825,1,93.77796707564175,76.48895426948765,Free,low,model
S217255,NR14,Northeast,39.673531987317155,37.20930550050075,1,93.78873933481856,74.4186110010015,Free,low,model
S239603,NR15,Eastbound,53.84301586174621,50.53197698513072,2,93.85056943110818,84.21996164188454,Free,ok,model
S62549,NR4,Southeast,34.30679889772647,32.19901846099921,1,93.85608536951857,80.49754615249803,Free,low,model
S179842,NR4,Northwest,35.91414054514472,33.70818933459422,1,93.85770847619874,84.27047333648555,Free,low,model
S189945,NR 19,Southwest,49.18984691316867,46.176852675708496,1,93.87476394716414,92.35370535141699,Free,low,model
S242648,NR 19,Westbound,49.653248257735505,46.62629352073349,1,93.90381325852042,93.25258704146698,Free,low,model
S237772,NR24,Northwest,39.99745333727995,37.56389990008665,1,93.9157290423661,93.90974975021663,Free,low,model
S238674,NR 19,Northwest,49.65324825773551,46.63771460766387,1,93.92681494991245,93.27542921532773,Free,low,model
S251139,NR4,Southeast,36.72398451497723,34.4937603310733,2,93.92706370684157,86.23440082768323,Free,ok,model
S166302,NR17,Westbound,40.78194305907234,38.308354881989445,1,93.93459950277523,76.61670976397889,Free,low,model
S176093,NR11,Eastbound,58.96873330485064,55.397357233681184,1,93.94361067125774,92.32892872280198,Free,low,model
S12627,NR11,Southeast,58.96873330485063,55.40082117497984,1,93.94948487120156,92.33470195829975,Free,low,model
S238258,NR4,Westbound,35.914140545144726,33.74271926394947,1,93.95385425285134,84.35679815987366,Free,low,model
S118365,NR4,Southbound,34.30679889772647,32.23319842036167,1,93.95571564824073,80.58299605090417,Free,low,model
S255149,KN7 Road,Northbound,38.31856727405711,36.00850124690261,3,93.97141857984214,90.02125311725652,Free,ok,model
S234500,NR1,Southbound,59.702727351952205,56.13351438285201,1,94.02169192697109,93.55585730475336,Free,low,model
S147094,NR17,Southwest,40.78194305907235,38.346929525703544,1,94.02918705996498,76.69385905140709,Free,low,model
S192653,Rubavu-Karongi Road,Northeast,58.70300395758209,55.197961723196975,1,94.02919442262647,91.99660287199497,Free,low,model
S248364,NR4,Southeast,36.723984514977225,34.53327928868098,2,94.0346744634891,86.33319822170245,Free,ok,model
S76205,NR17,Southwest,40.78194305907235,38.35408691786412,1,94.04673745512446,76.70817383572825,Free,low,model
S64003,NR12,Northeast,47.67349198824447,44.85185660860196,1,94.08133270300762,89.70371321720393,Free,low,model
S253444,NR4,Southeast,36.723984514977225,34.552285070965084,2,94.08642751407749,86.38071267741272,Free,ok,model
S228463,NR1,Westbound,49.74259336522038,46.808757652306696,1,94.10196470583499,78.01459608717784,Free,low,model
S77049,NR17,Southwest,40.78194305907235,38.386433730262716,1,94.12605396133344,76.77286746052543,Free,low,model
S239483,NR14,Southbound,39.67353198731716,37.347822628185526,1,94.13788174978946,74.69564525637105,Free,low,model
S30249,NR15,Eastbound,53.84301586174622,50.6962514872421,1,94.15566842952458,84.49375247873684,Free,low,model
S141535,NR14,Northbound,39.67353198731716,37.36653890027279,1,94.18505746404966,74.73307780054559,Free,low,model
S227863,NR4,Southeast,34.30679889772647,32.31660715084382,2,94.19884159750461,80.79151787710956,Free,ok,model
S71372,NR1,Southbound,59.417389370668445,55.97856227398912,1,94.21242310861791,93.29760378998186,Free,low,model
S183636,NR4,Westbound,34.30679889772647,32.324406894414594,1,94.22157686812554,80.81101723603648,Free,low,model
S222036,NR15,Northeast,53.84301586174621,50.73518736888978,1,94.22798213822855,84.5586456148163,Free,low,model
S186908,Rubavu - Karongi Road,Northbound,58.703003957582105,55.31682258318831,1,94.2316727490801,92.19470430531386,Free,low,model
S90608,NR2,Northbound,59.96094446308104,56.503362189212844,1,94.23360938552746,94.17227031535474,Free,low,model
S116843,NR15,Northeast,53.84301586174621,50.738586255757475,1,94.23429472457478,84.56431042626245,Free,low,model
S140930,Rubavu - Karongi Road,Northbound,58.7030039575821,55.31848551019083,1,94.2345055291602,92.19747585031806,Free,low,model
S120078,NR12,Southeast,47.67349198824447,44.92999045947329,1,94.2452264049638,89.85998091894656,Free,low,model
S248178,NR16,Westbound,49.69756305651193,46.83864145404103,1,94.24736058140321,93.67728290808208,Free,low,model
S57946,NR17,Northeast,49.99972327147,47.12538396344181,1,94.25128956729986,94.25076792688361,Free,low,model
S222442,NR11,Southeast,58.96873330485064,55.589280266496345,1,94.2690764258348,92.64880044416057,Free,low,model
S215002,NR4,Southwest,39.56918689512219,37.30229863372615,1,94.27107696854017,93.25574658431539,Free,low,model
S241087,KN 7 Road,Westbound,38.31856727405711,36.12882701126023,3,94.28543283694376,90.32206752815057,Free,ok,model
S253344,NR 19,Southwest,49.189846913168665,46.387905974367406,1,94.30382260845957,92.77581194873481,Free,low,model
S204658,NR4,Southeast,35.36229040984847,33.35278695157532,1,94.31738319270886,83.3819673789383,Free,low,model
S163174,NR14,Westbound,39.67353198731716,37.4197302462798,1,94.3191300896581,74.8394604925596,Free,low,model
S242748,Kigali-Gatuna Road,Northeast,59.6601766337449,56.278431825061446,1,94.33165471593544,93.7973863751024,Free,low,model
S00253,NR12,Southeast,47.67349198824447,44.99605280691359,1,94.38379890025446,89.99210561382718,Free,low,model
S90128,NR17,Southwest,40.78194305907234,38.497801287704384,1,94.39913451877612,76.99560257540878,Free,low,model
S253622,NR19,Northeast,59.99999637125121,56.65920594861987,1,94.43201562553416,94.43200991436647,Free,low,model
S207196,NR4,Westbound,34.30679889772647,32.401261057704346,1,94.4455970791597,81.00315264426087,Free,low,model
S225576,NR4,Southeast,34.30679889772647,32.40891438387893,1,94.4679055615028,81.0222859596973,Free,low,model
S223494,KN 7 Road,Westbound,38.31856727405711,36.200397199958,3,94.47220962373198,90.50099299989498,Free,ok,model
S70180,Rubavu-Karongi Road,Northbound,58.70300395758209,55.45848966161168,1,94.47300124825834,92.43081610268612,Free,low,model
S246028,Kigali-Gatuna Road,Northbound,59.660176633744896,56.3641955494695,1,94.47540843784373,93.9403259157825,Free,low,model
S202442,NR1,Southbound,59.408562177667164,56.13003608369385,1,94.48139127796334,93.55006013948973,Free,low,model
S236272,NR6,Southwest,42.522234392125945,40.177207214990275,1,94.48517414322444,80.35441442998057,Free,low,model
S108929,NR13,Southeast,31.73476218934193,29.986452711622167,1,94.490869453224,59.972905423244335,Free,low,model
S234531,Rubavu - Karongi Road,Northwest,58.7030039575821,55.469353911749145,1,94.49150839338726,92.44892318624856,Free,low,model
S197864,NR17,Northeast,49.99972327147001,47.250419298398334,1,94.50136162125435,94.50083859679667,Free,low,model
S227609,Kigali-Gatuna Road,Northbound,59.66017663374489,56.38318799148947,1,94.50724280892943,93.97197998581578,Free,low,model
S86126,NR16,Northwest,49.69756305651191,46.968878323463706,1,94.50941944588837,93.93775664692741,Free,low,model
S211973,KN 7 Road,Westbound,38.318567274057116,36.2189383909479,1,94.52059658678644,90.54734597736974,Free,low,model
S219563,NR15,Eastbound,53.8430158617462,50.902416065857246,2,94.5385678182671,84.83736010976207,Free,ok,model
S127294,NR1,Southwest,59.40856217766716,56.16456880498336,1,94.53951879363397,93.60761467497227,Free,low,model
S124357,NR12,Eastbound,47.67349198824447,45.07773364463944,1,94.55513276802735,90.15546728927886,Free,low,model
S102351,Kigali-Gatuna Road,Westbound,59.978197723262284,56.71340979651768,1,94.55670885309318,94.5223496608628,Free,low,model
S224702,NR11,Southeast,58.96873330485063,55.76311232530825,1,94.56386325449745,92.93852054218041,Free,low,model
S161634,NR16,Northbound,49.69756305651192,47.004362640457536,1,94.58081996295896,94.00872528091507,Free,low,model
S230870,NR 19,Southwest,49.18984691316866,46.52580164261286,1,94.58415620756362,93.05160328522575,Free,low,model
S91242,NR1,Northwest,59.7027273519522,56.473033945290496,1,94.59037543189207,94.12172324215084,Free,low,model
S168363,NR11,Northeast,58.968733304850645,55.78715077986012,1,94.60462800083783,92.9785846331002,Free,low,model
S112306,NR19,Northeast,49.99999697604268,47.30771106534419,1,94.6154278529487,94.61542213068839,Free,low,model
S248386,NR4,Westbound,39.56918689512219,37.44976300433771,1,94.64375172428485,93.62440751084428,Free,low,model
S211768,NR17,Southwest,40.78194305907234,38.599932896588776,1,94.64956792440483,77.19986579317755,Free,low,model
S188055,NR1,Northeast,44.149938366367394,41.788602745924,1,94.65155398214051,69.64767124320667,Free,low,model
S187251,NR17,Northwest,49.99972327147,47.32559043695913,1,94.6517047304605,94.65118087391825,Free,low,model
S255866,NR4,Southeast,36.72398451497722,34.76048122782836,1,94.65334899499241,86.9012030695709,Free,low,model
S160490,NR11,Southeast,58.96873330485064,55.82351196055325,1,94.66628979795523,93.03918660092208,Free,low,model
S207198,NR4,Southbound,34.30679889772647,32.47836788863186,1,94.67035378455031,81.19591972157966,Free,low,model
S243691,NR 19,Southbound,49.18984691316867,46.57794506692528,1,94.69016065275828,93.15589013385055,Free,low,model
S236645,NR1,Northbound,44.14993836636739,41.811435818160085,1,94.70327109224523,69.68572636360015,Free,low,model
S251990,KN7 Road,Northwest,38.3185672740571,36.290239448938856,3,94.70667102292342,90.72559862234714,Free,ok,model
S196971,NR4,Southeast,34.306798897726466,32.49279696970014,2,94.71241273942775,81.23199242425035,Free,ok,model
S140230,NR4,Westbound,39.5691868951222,37.48093557338584,1,94.72253163232479,93.7023389334646,Free,low,model
S233894,NR4,Northwest,39.559050370107585,37.47610409951658,1,94.73458980662245,93.69026024879146,Free,low,model
S95610,NR1,Southeast,59.417389370668445,56.298413733166036,1,94.75073598733016,93.83068955527672,Free,low,model
S130842,NR11,Northeast,58.968733304850645,55.877847805292724,1,94.75843328094064,93.12974634215455,Free,low,model
S238679,NR 19,Southeast,49.18984691316867,46.623016056606005,1,94.78178726375442,93.24603211321201,Free,low,model
S74109,NR15,Eastbound,53.8430158617462,51.03673349268063,1,94.788029005895,85.06122248780106,Free,low,model
S244744,NR 19,Northbound,49.653248257735505,47.0660362486938,1,94.78944057071101,94.1320724973876,Free,low,model
S255379,NR1,Northeast,29.433292244244925,27.89971385517765,1,94.78964712359986,69.74928463794413,Free,low,model
S79577,NR15,Eastbound,53.84301586174621,51.038379339877935,2,94.79108575739926,85.06396556646322,Free,ok,model
S249509,NR4,Southeast,36.723984514977225,34.812549715909036,2,94.79513232479269,87.03137428977257,Free,ok,model
S232406,NR 19,Northwest,49.6532482577355,47.073557357241384,1,94.80458783460915,94.14711471448278,Free,low,model
S199247,NR1,Southeast,59.41738937066843,56.338344968308746,1,94.81794061473919,93.8972416138479,Free,low,model
S210252,KN7 Road,Northwest,38.31856727405711,36.340117309191065,3,94.83683732036214,90.85029327297767,Free,ok,model
S136157,NR14,Southbound,39.673531987317155,37.627613088346855,1,94.84311379278171,75.25522617669371,Free,low,model
S171200,NR11,Northeast,58.96873330485064,55.93043341432093,1,94.84760868980752,93.21738902386822,Free,low,model
S256165,NR4,Northwest,39.559050370107585,37.52721965327624,1,94.86380310492318,93.81804913319061,Free,low,model
S179615,NR6,Westbound,42.522234392125945,40.33993892022197,1,94.8678720601096,80.67987784044394,Free,low,model
S119256,NR1,Southwest,59.40856217766716,56.36628891763557,1,94.87906599905017,93.94381486272596,Free,low,model
S237403,NR4,Southeast,36.723984514977225,34.84381504582958,1,94.88026832060979,87.10953761457395,Free,low,model
S202282,NR6,Westbound,42.522234392125945,40.35039161471772,1,94.8924537751704,80.70078322943544,Free,low,model
S120007,NR16,Westbound,49.697563056511925,47.170474310802334,1,94.91506506498922,94.34094862160467,Free,low,model
S252226,NR24,Southbound,29.41128741200175,27.916807985378952,1,94.91868748998402,69.79201996344737,Free,low,model
S232921,NR2,Southeast,38.53885534669021,36.5830395930832,1,94.92508084110759,60.971732655138666,Free,low,model
S129619,Rubavu - Karongi Road,Northbound,58.70300395758209,55.733512770529906,1,94.94150045677749,92.88918795088317,Free,low,model
S135407,NR15,Southeast,53.84301586174622,51.12663448999468,1,94.95499773131868,85.21105748332445,Free,low,model
S242743,NR 19,Northeast,49.65324825773551,47.14917552875175,1,94.95688033140178,94.2983510575035,Free,low,model
S135260,NR12,Southeast,47.67349198824447,45.27187047113741,1,94.96235451412021,90.54374094227482,Free,low,model
S237406,NR1,Southbound,59.7027273519522,56.70759097580525,1,94.98325033211567,94.51265162634209,Free,low,model
S175233,NR14,Northwest,39.673531987317155,37.700681234282285,1,95.02728732681135,75.40136246856457,Free,low,model
S159367,Kigali-Gatuna Road,Northbound,59.978197723262284,56.996313703956254,1,95.02838675969498,94.99385617326043,Free,low,model
S191559,NR4,Northeast,35.914140545144726,34.13454143577875,1,95.04485118576349,85.33635358944687,Free,low,model
S250294,NR4,Northbound,37.59689682675862,35.73483443707082,1,95.04729765792126,89.33708609267705,Free,low,model
S118250,NR17,Eastbound,49.999723271469996,47.531409637145,1,95.06334540908666,95.06281927429,Free,low,model
S221903,NR15,Eastbound,53.84301586174621,51.192104746670196,2,95.07659243701576,85.32017457778366,Free,ok,model
S94436,NR1,Northeast,42.21017537319977,40.13560662460998,1,95.08514539385926,66.89267770768329,Free,low,model
S128853,NR1,Westbound,59.7027273519522,56.77213379080631,1,95.0913573112501,94.62022298467718,Free,low,model
S156163,KN 7 Road,Westbound,38.318567274057116,36.44530347256163,1,95.11134174694537,91.11325868140408,Free,low,model
S194058,NR4,Southbound,34.306798897726466,32.631046565869276,1,95.11539290840615,81.57761641467322,Free,low,model
S250718,NR1,Westbound,59.702727351952205,56.799747589506524,1,95.13760946743288,94.66624598251087,Free,low,model
S180219,NR24,Northbound,39.99745333727995,38.05334997317973,1,95.1394321340749,95.13337493294932,Free,low,model
S244277,KN7 Road,Northwest,38.318567274057116,36.4598552416222,3,95.14931751194851,91.1496381040555,Free,ok,model
S236618,KN 7 Road,Westbound,38.318567274057116,36.461638166287365,3,95.15397041207501,91.15409541571842,Free,ok,model
S238012,NR 19,Southbound,49.189846913168665,46.81386750793189,1,95.16977678456507,93.62773501586378,Free,low,model
S37914,NR1,Southwest,49.74259336522038,47.347869678937506,1,95.18576832393856,78.9131161315625,Free,low,model
S245099,NR4,Northwest,39.5691868951222,37.666306846910565,1,95.1910054324462,94.16576711727642,Free,low,model
S236999,NR4,Westbound,39.56918689512219,37.668409709434634,1,95.1963198265217,94.1710242735866,Free,low,model
S248142,KN7 Road,Northbound,38.31856727405711,36.480916884270655,2,95.20428209999751,91.20229221067663,Free,ok,model
S27881,NR14,Southwest,39.67353198731716,37.77274907278099,1,95.20893951377,75.54549814556198,Free,low,model
S228515,NR4,Southwest,35.36229040984846,33.67226668117908,1,95.22083069540454,84.1806667029477,Free,low,model
S232334,NR 19,Northbound,49.653248257735505,47.29289772013973,1,95.24633207208542,94.58579544027945,Free,low,model
S198067,NR19,Eastbound,49.99999697604268,47.62840853387225,1,95.25682282879583,95.2568170677445,Free,low,model
S240942,NR4,Northwest,39.559050370107585,37.684820955212,1,95.26219816360448,94.21205238803,Free,low,model
S258517,NR4,Northwest,39.559050370107585,37.68629754517689,1,95.26593078597806,94.21574386294222,Free,low,model
S244835,NR4,Northbound,37.59689682675862,35.81873214798023,1,95.27044828467642,89.54683036995057,Free,low,model
S256450,NR4,Northbound,37.596896826758616,35.82019671307089,1,95.27434372609389,89.55049178267723,Free,low,model
S238531,NR4,Southeast,36.723984514977225,34.98959649192108,1,95.27723354106956,87.47399122980269,Free,low,model
S140832,NR11,Southeast,58.96873330485064,56.19504369509008,1,95.29633849277138,93.65840615848347,Free,low,model
S106642,Kigali-Gatuna Road,Northbound,59.660176633744896,56.86008147686406,1,95.3065925800544,94.76680246144011,Free,low,model
S220929,NR19,Northbound,59.999996371251214,57.19502876404652,1,95.32505370525541,95.32504794007754,Free,low,model
S183875,NR 19,Southbound,49.189846913168665,46.89647595546488,1,95.33771478949281,93.79295191092974,Free,low,model
S149423,NR19,Northbound,59.99999637125121,57.20363106764369,1,95.33939087878449,95.33938511273949,Free,low,model
S139564,Kigali-Gatuna Road,Northeast,59.66017663374489,56.89423032022139,1,95.36383150438239,94.82371720036897,Free,low,model
S254928,KN7 Road,Northwest,38.31856727405711,36.54645252977709,3,95.37531053390977,91.36613132444273,Free,ok,model
S197366,NR16,Northwest,49.697563056511925,47.41590075423715,1,95.40890506103838,94.83180150847429,Free,low,model
S232778,KN 7 Road,Westbound,38.31856727405711,36.565093320160905,3,95.42395742159347,91.41273330040227,Free,ok,model
S211009,KN 7 Road,Northwest,38.31856727405711,36.58531688670352,2,95.47673488166386,91.46329221675879,Free,ok,model
S211181,NR 19,Southbound,49.189846913168665,46.97326260348211,1,95.49381742618688,93.94652520696421,Free,low,model
S234178,NR19,Northbound,49.99999697604268,47.7480142659994,1,95.49603430751743,95.4960285319988,Free,low,model
S165947,trunk_link (OSM way 356452020),Westbound,41.99992561474495,40.10875610351339,1,95.49720747465413,95.49703834169856,Free,low,model
S165179,NR11,Northeast,58.96873330485064,56.35615052374328,1,95.56954569873311,93.92691753957213,Free,low,model
S215410,KN7 Road,Northwest,38.31856727405711,36.62583283726401,2,95.58246939483267,91.56458209316001,Free,ok,model
S94789,Kigali-Gatuna Road,Northbound,59.660176633744896,57.0248029691476,1,95.5826921519594,95.04133828191267,Free,low,model
S12801,NR12,Northbound,47.67349198824447,45.58512237602862,1,95.61943225654456,91.17024475205724,Free,low,model
S148440,NR1,Southwest,59.40856217766717,56.8066260944095,1,95.62026753740257,94.67771015734917,Free,low,model
S219224,Kigali-Gatuna Road,Northwest,59.6601766337449,57.05572047503815,1,95.63451483776932,95.09286745839692,Free,low,model
S209789,NR 19,Southbound,49.189846913168665,47.04701692007277,1,95.6437555154858,94.09403384014554,Free,low,model
S250306,Kigali-Gatuna Road,Northwest,59.6601766337449,57.06536276523989,1,95.65067685864453,95.10893794206648,Free,low,model
S65294,NR16,Northeast,49.69756305651192,47.541682777188875,1,95.66200001221074,95.08336555437775,Free,low,model
S209968,NR17,Northbound,49.99972327147001,47.83509066344547,1,95.67071082319433,95.67018132689093,Free,low,model
S89511,NR15,Eastbound,53.84301586174621,51.51528820108775,1,95.67682526061428,85.85881366847958,Free,low,model
S240493,KN 7 Road,Westbound,38.31856727405711,36.67355962804151,1,95.70702204429934,91.68389907010376,Free,low,model
S119709,NR24,Westbound,39.99745333727996,38.280485766891395,1,95.70730777304702,95.7012144172285,Free,low,model
S123650,NR13,Southeast,31.734762189341932,30.37445828671187,1,95.71352104511148,60.74891657342374,Free,low,model
S241329,KN 7 Road,Westbound,38.31856727405711,36.68043089838684,1,95.72495400479302,91.7010772459671,Free,low,model
S95047,NR1,Southbound,59.40856217766716,56.88435909898397,1,95.75111232092385,94.80726516497329,Free,low,model
S243346,NR 19,Northwest,49.65324825773551,47.55112548832959,1,95.76639425784509,95.10225097665918,Free,low,model
S253100,NR24,Westbound,39.99745333727995,38.30895454478016,1,95.77848424933092,95.7723863619504,Free,low,model
S105546,NR6,Westbound,42.522234392125945,40.7305293286946,1,95.78642776174733,81.4610586573892,Free,low,model
S255317,NR4,Northbound,37.59689682675862,36.01433697245185,1,95.79071682006365,90.03584243112962,Free,low,model
S242537,NR7,Southeast,38.2111844563645,36.60467533330174,1,95.79570969620866,73.20935066660348,Free,low,model
S95411,Kigali-Gatuna Road,Northbound,59.660176633744896,57.15690548082924,1,95.80411709424983,95.2615091347154,Free,low,model
S255096,NR4,Northwest,35.914140545144726,34.40936963042678,1,95.81008791557626,86.02342407606696,Free,low,model
S153108,NR1,Southeast,59.417389370668445,56.93459263447338,1,95.8214307924126,94.89098772412231,Free,low,model
S90996,NR15,Eastbound,53.84301586174622,51.59979860344023,2,95.83378229765967,85.99966433906705,Free,ok,model
S157305,NR1,Northwest,59.702727351952205,57.21703941770072,1,95.83655882318715,95.36173236283453,Free,low,model
S128760,NR11,Northeast,58.96873330485064,56.52021247574518,1,95.84776424406586,94.20035412624198,Free,low,model
S258354,NR4,Southbound,34.30679889772647,32.88336362958201,2,95.85086538563993,82.20840907395502,Free,ok,model
S84622,NR15,Eastbound,53.84301586174621,51.62709038859549,1,95.88446999543896,86.04515064765914,Free,low,model
S144563,NR24,Northbound,39.99745333727995,38.35184669323304,1,95.88572144788752,95.8796167330826,Free,low,model
S176002,Rubavu-Karongi Road,Northeast,58.703003957582105,56.29252682464516,1,95.89377549626127,93.82087804107525,Free,low,model
S248614,NR24,Northbound,39.99745333727994,38.35852734865922,1,95.9024241498567,95.89631837164805,Free,low,model
S130473,Rubavu - Karongi Road,Northbound,58.7030039575821,56.299867443586166,1,95.90628016969556,93.83311240597693,Free,low,model
S254561,NR4,Southeast,36.723984514977225,35.22188884253851,1,95.9097693448103,88.05472210634628,Free,low,model
S136446,NR1,Westbound,49.74259336522038,47.7272348051521,1,95.94842483327899,79.54539134192017,Free,low,model
S156311,NR11,Eastbound,58.96873330485064,56.58510313903986,1,95.95780673549807,94.3085052317331,Free,low,model
S221874,NR1,Southeast,59.41738937066844,57.031046614581996,1,95.98376370728857,95.05174435763665,Free,low,model
S255241,NR17,Westbound,49.99972327147,47.99204705154866,1,95.98462533678276,95.98409410309732,Free,low,model
S217679,NR17,Southbound,40.78194305907234,39.15029835009213,1,95.99910012473711,78.30059670018426,Free,low,model
S245440,NR 19,Northeast,49.653248257735505,47.68076865266549,1,96.02749130362741,95.36153730533098,Free,low,model
S65386,NR15,Southeast,53.84301586174621,51.70675825117287,1,96.03243322019952,86.17793041862144,Free,low,model
S149602,NR4,Northbound,35.914140545144726,34.4969960268563,1,96.05407648135962,86.24249006714075,Free,low,model
S120302,NR16,Northwest,49.69756305651192,47.73984882034182,1,96.06074399675504,95.47969764068364,Free,low,model
S248087,NR4,Southwest,34.30679889772647,32.957600835979,2,96.06725749677308,82.3940020899475,Free,ok,model
S211490,NR1,Northwest,59.702727351952205,57.35816692600266,1,96.07294251043477,95.5969448766711,Free,low,model
S88651,NR7,Southeast,38.211184456364506,36.712729008794874,1,96.0784899267365,73.42545801758975,Free,low,model
S256673,NR4,Northwest,39.559050370107585,38.010795156813224,1,96.08621744250897,95.02698789203306,Free,low,model
S133229,NR1,Southwest,59.702727351952205,57.36780024755485,1,96.08907799030221,95.61300041259142,Free,low,model
S90791,NR1,Westbound,49.74259336522037,47.8026930486456,2,96.10012227884536,79.67115508107598,Free,ok,model
S255090,NR4,Northbound,37.59689682675861,36.13366700712668,1,96.10811012841222,90.33416751781672,Free,low,model
S256259,NR4,Southwest,34.30679889772647,32.98072193698167,2,96.13465259554519,82.45180484245418,Free,ok,model
S247937,NR24,Northbound,39.99745333727995,38.4565464331237,1,96.14748746335798,96.14136608280924,Free,low,model
S158929,NR1,Southwest,59.40856217766716,57.14010239022622,1,96.18159453067238,95.23350398371036,Free,low,model
S34361,NR19,Northeast,59.999996371251214,57.709603025744734,1,96.1826775266208,96.18267170957458,Free,low,model
S125912,Kigali-Gatuna Road,Northeast,59.66017663374489,57.387015320038074,1,96.18981799591073,95.64502553339679,Free,low,model
S120749,NR1,Southwest,59.40856217766716,57.14860568954975,1,96.19590778622316,95.24767614924959,Free,low,model
S199570,NR1,Southwest,59.702727351952205,57.43872463705164,1,96.2078738856366,95.7312077284194,Free,low,model
S131512,NR17,Northbound,49.99972327147,48.110479807092645,1,96.22149215882686,96.2209596141853,Free,low,model
S228973,NR1,Northbound,44.14993836636739,42.48180461674526,1,96.22166233669562,70.80300769457544,Free,low,model
S233315,NR6,Westbound,42.52223439212595,40.91769650374924,1,96.22659083814789,81.83539300749848,Free,low,model
S227647,KN 7 Road,Westbound,38.31856727405711,36.87534552688136,3,96.23362288873244,92.1883638172034,Free,ok,model
S135493,NR1,Southwest,59.40856217766717,57.173482154028676,1,96.23778132021734,95.28913692338114,Free,low,model
S182241,NR17,Southwest,40.78194305907234,39.252269721535804,1,96.24914061764832,78.50453944307161,Free,low,model
S210201,NR1,Southwest,59.408562177667164,57.1809209424629,1,96.25030272817867,95.30153490410483,Free,low,model
S192797,NR4,Southbound,34.30679889772647,33.02108549497408,2,96.25230728583774,82.5527137374352,Free,ok,model
S176613,NR1,Northwest,59.7027273519522,57.473048412400225,1,96.265365020248,95.78841402066705,Free,low,model
S216001,NR4,Southbound,34.30679889772647,33.03310894629757,1,96.28735413284707,82.58277236574392,Free,low,model
S58760,NR17,Eastbound,40.78194305907234,39.27551022441486,1,96.3061278554692,78.55102044882972,Free,low,model
S176156,NR11,Northeast,58.96873330485064,56.79414293733229,1,96.31229933959007,94.65690489555382,Free,low,model
S223341,NR1,Southwest,49.74259336522037,47.91051241815559,2,96.31687689941442,79.85085403025933,Free,ok,model
S108497,NR11,Northbound,58.96873330485064,56.80169947998913,1,96.32511382997055,94.66949913331521,Free,low,model
S104095,NR14,Southbound,39.67353198731716,38.21563410552062,1,96.32526319496182,76.43126821104126,Free,low,model
S164297,NR1,Westbound,49.74259336522037,47.93049364067626,1,96.35704614104193,79.88415606779377,Free,low,model
S256447,NR4,Northbound,37.596896826758616,36.23157354143363,1,96.36852133936424,90.57893385358408,Free,low,model
S202834,NR15,Eastbound,53.84301586174621,51.89132983531355,2,96.37522899637709,86.48554972552259,Free,ok,model
S226570,NR 19,Southwest,49.18984691316866,47.420909136980384,1,96.40385590280275,94.84181827396077,Free,low,model
S204212,NR4,Southbound,35.914140545144726,34.623197960047044,1,96.40547548819958,86.55799490011762,Free,low,model
S225149,NR4,Westbound,39.56918689512219,38.15062687185428,1,96.41498819010914,95.3765671796357,Free,low,model
S217265,NR19,Northeast,59.99999637125122,57.85057148346041,1,96.41762497035634,96.4176191391007,Free,low,model
S256376,NR4,Westbound,34.306798897726466,33.08052149464275,1,96.42555574264033,82.70130373660689,Free,low,model
S243584,NR19,Northeast,49.999996976042674,48.219817690128714,1,96.43964121284462,96.43963538025743,Free,low,model
S80434,NR15,Southeast,53.84301586174622,51.928167201567675,2,96.443645235075,86.54694533594612,Free,ok,model
S234457,NR15,Southwest,53.84301586174621,51.950709827281706,2,96.48551255129651,86.58451637880285,Free,ok,model
S241311,NR4,Northwest,39.5691868951222,38.18434914432651,1,96.50021175702652,95.46087286081628,Free,low,model
S65509,NR1,Westbound,58.20346865856085,56.16902956917928,1,96.50460851170881,93.61504928196545,Free,low,model
S221776,NR 19,Northbound,49.653248257735505,47.9181027587128,1,96.5054743447678,95.83620551742561,Free,low,model
S107712,NR2,Southeast,38.53885534669021,37.19219514070304,1,96.50570782688588,61.98699190117174,Free,low,model
S148936,NR16,Northbound,49.697563056511925,47.9736057115802,1,96.5311028571534,95.94721142316038,Free,low,model
S52538,NR17,Northeast,49.99972327147,48.265292546695754,1,96.53111935168666,96.53058509339151,Free,low,model
S187990,NR24,Northwest,39.99745333727995,38.62476938674125,1,96.56807162455196,96.56192346685313,Free,low,model
S147170,NR14,Southbound,39.67353198731716,38.31527333795418,1,96.57641106973489,76.63054667590836,Free,low,model
S82426,NR17,Northbound,49.99972327147,48.29500570706938,1,96.59054600133489,96.59001141413874,Free,low,model
S202559,NR4,Westbound,35.914140545144726,34.69285011472047,1,96.59941624138528,86.73212528680118,Free,low,model
S191058,NR1,Southbound,59.41738937066844,57.401694200388945,1,96.60756692337186,95.66949033398159,Free,low,model
S224020,Musanze - Rubavu Road,Northeast,54.468032164293234,52.63358149933774,1,96.6320599587255,87.72263583222956,Free,low,model
S237517,NR4,Southeast,36.723984514977225,35.488685382605816,2,96.63626061091597,88.72171345651455,Free,ok,model
S150087,NR12,Eastbound,47.67349198824447,46.07207068693369,1,96.64085588337925,92.1441413738674,Free,low,model
S242985,NR4,Southbound,34.30679889772647,33.15719258494144,2,96.64904231895207,82.8929814623536,Free,ok,model
S54167,NR15,Eastbound,53.8430158617462,52.040937263891074,1,96.6530875564579,86.73489543981846,Free,low,model
S203036,NR24,Northwest,39.99745333727994,38.669101497735774,1,96.67890895867096,96.67275374433943,Free,low,model
S242351,NR19,Northbound,49.99999697604268,48.339885172618665,1,96.67977619234767,96.67977034523734,Free,low,model
S180058,NR19,Northbound,49.99999697604268,48.346964310988824,1,96.69393446994427,96.69392862197763,Free,low,model
S183198,NR12,Northbound,47.67349198824448,46.09785286594987,1,96.6949366270817,92.19570573189975,Free,low,model
S239948,NR4,Northwest,39.55905037010758,38.2587249644481,1,96.71295090884674,95.64681241112024,Free,low,model
S227968,NR11,Southeast,58.96873330485064,57.0446867526655,1,96.73717503437221,95.07447792110916,Free,low,model
S232374,NR19,Northeast,59.99999637125121,58.0867712687267,1,96.81129130294211,96.81128544787784,Free,low,model
S243869,NR4,Southeast,34.30679889772648,33.216624344752404,2,96.82227841710313,83.04156086188101,Free,ok,model
S180859,NR1,Northeast,42.21017537319977,40.87945614949413,1,96.84739707442547,68.13242691582356,Free,low,model
S161072,NR13,Eastbound,31.73476218934193,30.735248925060066,2,96.85041514312168,61.47049785012014,Free,ok,model
S199849,NR4,Southbound,34.30679889772647,33.232430990350124,1,96.86835279916616,83.08107747587532,Free,low,model
S140949,Kigali-Gatuna Road,Northwest,59.660176633744896,57.799799365180704,1,96.88171008948719,96.33299894196784,Free,low,model
S131028,NR4,Southwest,39.56918689512219,38.344312094149615,1,96.90447315933203,95.86078023537404,Free,low,model
S96049,NR17,Northwest,49.99972327147,48.45597150762897,1,96.91247938421712,96.91194301525796,Free,low,model
S224200,KN7 Road,Northwest,38.31856727405711,37.13627167787778,1,96.91456210321365,92.84067919469445,Free,low,model
S158878,NR1,Southbound,59.40856217766716,57.586387563184985,1,96.932808087439,95.9773126053083,Free,low,model
S21637,NR4,Westbound,39.5691868951222,38.35588850701177,1,96.93372928959529,95.88972126752942,Free,low,model
S194710,NR1,Westbound,59.7027273519522,57.87365161498636,1,96.93636150626202,96.45608602497725,Free,low,model
S139792,NR11,Southeast,58.968733304850645,57.17050708488766,1,96.95054290776996,95.28417847481276,Free,low,model
S121727,NR14,Northeast,39.67353198731716,38.47333555285693,1,96.97481828730572,76.94667110571386,Free,low,model
S249252,NR 19,Northwest,49.6532482577355,48.15236913557405,1,96.97727908077468,96.3047382711481,Free,low,model
S256983,NR4,Northbound,37.596896826758616,36.461691265986325,1,96.98058707876034,91.15422816496582,Free,low,model
S181114,Kigali-Gatuna Road,Northwest,59.660176633744896,57.87298016843902,1,97.00437282263256,96.45496694739838,Free,low,model
S217780,NR1,Southeast,59.41738937066844,57.65921308319233,1,97.04097351617396,96.09868847198722,Free,low,model
S95501,NR1,Southbound,59.7027273519522,57.93784410560467,1,97.04388170419183,96.56307350934114,Free,low,model
S51829,Rubavu-Karongi Road,Northwest,58.7030039575821,56.969628046873524,1,97.04721088556032,94.94938007812253,Free,low,model
S37071,NR17,Southeast,49.99972327147,48.53015358029608,1,97.06084435068772,97.06030716059216,Free,low,model
S216063,NR 19,Northwest,49.65324825773551,48.19573831188377,1,97.06462316768032,96.39147662376755,Free,low,model
S115061,NR17,Southbound,40.78194305907234,39.58802781886297,1,97.07244150069066,79.17605563772594,Free,low,model
S113381,Rubavu - Karongi Road,Westbound,58.7030039575821,57.001830525150446,1,97.10206749613548,95.00305087525074,Free,low,model
S151494,NR11,Northbound,58.96873330485064,57.266507721305246,1,97.11334212531682,95.44417953550874,Free,low,model
S232946,NR4,Southeast,36.72398451497722,35.673278911104575,2,97.13891175549284,89.18319727776145,Free,ok,model
S246368,NR4,Westbound,35.914140545144726,34.88688243337534,1,97.13968343338718,87.21720608343836,Free,low,model
S111081,NR16,Northbound,49.697563056511925,48.28600311760774,1,97.15969988850546,96.57200623521548,Free,low,model
S233737,NR1,Westbound,59.40856217766716,57.72621822754372,1,97.16817931884596,96.21036371257287,Free,low,model
S229485,NR6,Westbound,42.522234392125945,41.32147605021792,1,97.17616357871735,82.64295210043585,Free,low,model
S157365,NR1,Southwest,59.7027273519522,58.029570952608545,1,97.19752099517956,96.7159515876809,Free,low,model
S251099,NR 19,Southbound,49.18984691316866,47.82160586476673,1,97.21844824844203,95.64321172953348,Free,low,model
S125049,NR4,Northwest,35.91414054514472,34.91616719044893,1,97.22122445491543,87.29041797612233,Free,low,model
S254570,Musanze - Rubavu Road,Northeast,50.54912486037209,49.15070499042819,1,97.23354286784064,81.91784165071363,Free,low,model
S213641,KN7 Road,Northwest,38.31856727405711,37.26334973270293,1,97.24619781891325,93.15837433175732,Free,low,model
S166786,NR6,Northwest,42.522234392125945,41.35366518208925,1,97.2518631094017,82.7073303641785,Free,low,model
S69778,NR1,Westbound,59.702727351952205,58.06285224803712,1,97.25326601204013,96.77142041339519,Free,low,model
S188645,NR1,Westbound,49.742593365220365,48.38092885708245,1,97.26257837394948,80.63488142847076,Free,low,model
S91457,NR1,Westbound,59.408562177667164,57.78265016834033,1,97.2631688939645,96.30441694723389,Free,low,model
S254041,NR4,Northwest,39.55905037010758,38.48684805648492,1,97.28961564144912,96.21712014121229,Free,low,model
S188768,NR16,Westbound,49.69756305651193,48.3605811582275,1,97.30976366635095,96.721162316455,Free,low,model
S70645,NR15,Southeast,53.8430158617462,52.397356322193126,1,97.3150472416606,87.32892720365523,Free,low,model
S127644,NR1,Westbound,59.40856217766716,57.813689610442154,1,97.31541631582434,96.35614935073691,Free,low,model
S253857,NR4,Northbound,37.596896826758616,36.58944163700037,1,97.32037674704786,91.47360409250092,Free,low,model
S59686,NR1,Southwest,49.74259336522037,48.41213781006845,1,97.32531927842314,80.68689635011408,Free,low,model
S150693,Rubavu-Karongi Road,Northeast,58.70300395758209,57.134083243224936,1,97.32735872342948,95.22347207204156,Free,low,model
S237049,NR4,Northwest,39.56918689512221,38.52125077998226,1,97.35163596381828,96.30312694995565,Free,low,model
S142484,NR17,Southbound,40.78194305907234,39.70450804342232,1,97.35805865333742,79.40901608684464,Free,low,model
S256356,NR4,Southwest,34.30679889772647,33.40195219045062,2,97.36248575690978,83.50488047612656,Free,ok,model
S74203,NR12,Southwest,47.67349198824448,46.41937037099004,1,97.36935230680461,92.83874074198008,Free,low,model
S249447,NR4,Northwest,39.559050370107585,38.52481914696305,1,97.38560149076267,96.31204786740761,Free,low,model
S141925,NR1,Southbound,59.41738937066844,57.86650775146512,1,97.38985230480539,96.4441795857752,Free,low,model
S76458,NR1,Southwest,59.40856217766717,57.86496804162739,1,97.40173119924447,96.44161340271232,Free,low,model
S258416,NR4,Northwest,39.559050370107585,38.53540847873318,1,97.41236990828295,96.33852119683294,Free,low,model
S44582,NR15,Southeast,53.84301586174621,52.45099138337838,1,97.4146610176106,87.4183189722973,Free,low,model
S135166,Rubavu - Karongi Road,Northwest,58.703003957582105,57.196038494069896,1,97.43289889457596,95.32673082344984,Free,low,model
S73326,NR17,Southbound,40.78194305907234,39.74049229313,1,97.44629439447306,79.48098458626,Free,low,model
S251433,NR4,Northbound,35.914140545144726,34.998041548623995,1,97.4491969385452,87.49510387155999,Free,low,model
S202189,Musanze - Rubavu Road,Northeast,50.54912486037209,49.261616706935165,1,97.45295659026084,82.10269451155861,Free,low,model
S118213,NR1,Southbound,59.7027273519522,58.21022387996454,1,97.50010839004183,97.0170397999409,Free,low,model
S66888,NR11,Eastbound,58.968733304850645,57.501377544268074,1,97.51163764533183,95.83562924044678,Free,low,model
S258444,NR1,Southeast,59.417389370668445,57.93918085383439,1,97.5121617888453,96.5653014230573,Free,low,model
S232450,NR4,Southeast,36.72398451497723,35.81079750192336,1,97.51337708825838,89.5269937548084,Free,low,model
S52981,NR15,Northeast,53.84301586174622,52.50603415146693,1,97.51688925874382,87.51005691911155,Free,low,model
S29675,NR17,Northeast,49.99972327147,48.76858506537341,1,97.53770996008875,97.53717013074682,Free,low,model
S85890,NR11,Southeast,58.96873330485064,57.52283876230947,1,97.54803187806947,95.87139793718244,Free,low,model
S77593,NR14,Northbound,39.673531987317155,38.7110932456993,1,97.57410370741499,77.4221864913986,Free,low,model
S97771,NR17,Northwest,49.99972327147001,48.787744069023724,1,97.57602817946425,97.57548813804743,Free,low,model
S239051,NR15,Eastbound,53.84301586174622,52.54237283689281,1,97.58437932192896,87.57062139482134,Free,low,model
S246300,NR24,Northwest,39.99745333727995,39.04583841300824,1,97.62081121453613,97.61459603252061,Free,low,model
S216841,NR 19,Southwest,49.189846913168665,48.0292532297694,1,97.64058285148157,96.0585064595388,Free,low,model
S150421,NR14,Northbound,39.673531987317155,38.737995545274586,1,97.64191289461789,77.47599109054917,Free,low,model
S40285,Rubavu-Karongi Road,Northeast,58.7030039575821,57.32015024320312,1,97.64432205994399,95.53358373867188,Free,low,model
S251516,NR11,Northeast,58.968733304850645,57.585658969856766,1,97.6545632617818,95.97609828309461,Free,low,model
S76690,NR15,Eastbound,53.84301586174622,52.59081032948558,2,97.6743399079354,87.65135054914262,Free,ok,model
S150154,NR17,Southwest,40.78194305907233,39.83384361070023,1,97.67519794974264,79.66768722140047,Free,low,model
S133429,KN7 Road,Northwest,38.31856727405711,37.429937077679774,2,97.68094096519374,93.57484269419943,Free,ok,model
S22947,NR1,Westbound,49.74259336522038,48.59914722699689,1,97.70127357488568,80.9985787116615,Free,low,model
S146003,NR11,Eastbound,58.968733304850645,57.625631964460574,1,97.72235002327989,96.04271994076763,Free,low,model
S50507,NR17,Southbound,40.78194305907234,39.85908829782277,1,97.73709957881894,79.71817659564555,Free,low,model
S245414,NR4,Southbound,34.306798897726466,33.54732856894869,2,97.78623959920637,83.86832142237174,Free,ok,model
S198721,NR2,Southeast,38.538855346690205,37.690429341442396,1,97.79851789157854,62.81738223573732,Free,low,model
S222182,NR11,Eastbound,58.96873330485064,57.6800090112912,1,97.81456337734588,96.133348352152,Free,low,model
S208498,Kigali-Gatuna Road,Northbound,59.66017663374489,58.36820764444455,1,97.83445329498142,97.28034607407426,Free,low,model
S244517,NR4,Westbound,39.56918689512219,38.71974677792358,1,97.85327881654469,96.79936694480895,Free,low,model
S43043,NR1,Westbound,49.74259336522038,48.69190703782809,1,97.8877532184984,81.15317839638014,Free,low,model
S247432,NR1,Southbound,59.40856217766716,58.172017556146706,1,97.91857507370327,96.95336259357784,Free,low,model
S229988,Musanze - Rubavu Road,Northeast,50.549124860372096,49.50711005384099,1,97.93860960123565,82.51185008973498,Free,low,model
S211512,NR4,Northwest,39.5691868951222,38.76053644412582,1,97.95636323500985,96.90134111031455,Free,low,model
S222501,NR1,Southwest,59.41738937066844,58.21635864056502,1,97.978654493534,97.0272644009417,Free,low,model
S134166,NR11,Eastbound,58.96873330485064,57.78803039871873,1,97.99774755203231,96.31338399786455,Free,low,model
S133095,NR6,Westbound,42.52223439212595,41.6749951560975,1,98.00753829581134,83.349990312195,Free,low,model
S157168,NR1,Southwest,59.40856217766716,58.2419302836078,1,98.03625630499114,97.069883806013,Free,low,model
S146649,NR1,Southwest,49.74259336522038,48.76948594915781,1,98.04371394768702,81.28247658192969,Free,low,model
S214442,NR4,Northwest,39.5691868951222,38.79830482028265,1,98.05181219193923,96.99576205070662,Free,low,model
S151795,NR11,Northeast,58.96873330485064,57.824677090242986,1,98.05989352239733,96.37446181707165,Free,low,model
S114727,NR16,Northbound,49.69756305651192,48.73866353187086,1,98.07053009108178,97.47732706374173,Free,low,model
S222799,KN7 Road,Northwest,38.31856727405711,37.586382666616274,2,98.08921716147631,93.96595666654068,Free,ok,model
S196362,NR4,Southbound,34.30679889772647,33.667272614597195,1,98.13586139285161,84.168181536493,Free,low,model
S127942,NR1,Westbound,49.74259336522037,48.823414919177125,1,98.15213002809392,81.37235819862853,Free,low,model
S80178,NR15,Southeast,53.84301586174622,52.85617452043774,2,98.16718784133042,88.09362420072958,Free,ok,model
S245236,NR1,Southbound,59.408562177667164,58.32816959692062,1,98.1814194096879,97.2136159948677,Free,low,model
S133318,Rubavu - Karongi Road,Northwest,58.7030039575821,57.640042563069265,1,98.18925553574581,96.06673760511543,Free,low,model
S225380,NR1,Southeast,59.417389370668445,58.34411425268611,1,98.19366833623936,97.24019042114352,Free,low,model
S167291,NR 19,Southbound,49.18984691316867,48.3021499358681,1,98.1953654402146,96.6042998717362,Free,low,model
S217293,NR 19,Northwest,49.653248257735505,48.7638220741865,1,98.20872507890671,97.52764414837301,Free,low,model
S249268,NR19,Northeast,59.99999637125121,58.93532050521716,1,98.22554011595876,98.22553417536193,Free,low,model
S219759,Ruhengeri-Gisenyi Road,Eastbound,26.850733203385232,26.379132686515515,1,98.24362145607904,43.96522114419252,Free,low,history
S221212,NR24,Westbound,39.99745333727995,39.296051335370365,1,98.24638334847225,98.24012833842592,Free,low,model
S199972,NR4,Southeast,36.723984514977225,36.08115667392742,2,98.24956945838042,90.20289168481854,Free,ok,model
S250591,NR4,Northwest,35.91414054514473,35.28853414036809,1,98.25804990658139,88.22133535092023,Free,low,model
S226200,KN 7 Road,Westbound,38.3185672740571,37.65254520140962,1,98.261881588933,94.13136300352406,Free,low,model
S220445,NR4,Westbound,35.91414054514472,35.29109040034574,1,98.26516760434293,88.22772600086435,Free,low,model
S132380,NR17,Southbound,40.78194305907235,40.075876707387266,1,98.2686789821114,80.15175341477453,Free,low,model
S250340,NR4,Southeast,36.72398451497722,36.093644569584676,2,98.28357419893948,90.23411142396169,Free,ok,model
S76876,NR1,Northbound,59.7027273519522,58.688747981493535,1,98.30161968232845,97.81457996915589,Free,low,model
S218826,NR17,Eastbound,49.99972327147001,49.16318772969851,1,98.32691965667573,98.32637545939703,Free,low,model
S241357,NR24,Northwest,39.99745333727995,39.34539955122906,1,98.36976174319793,98.36349887807265,Free,low,model
S246892,NR6,Westbound,42.522234392125945,41.832189115365026,1,98.37721303542624,83.66437823073007,Free,low,model
S238572,NR4,Southwest,34.30679889772647,33.75780114148963,1,98.39974065236024,84.39450285372408,Free,low,model
S26033,NR11,Eastbound,58.96873330485064,58.04156218288619,1,98.42769028601776,96.735936971477,Free,low,model
S219200,NR4,Westbound,35.914140545144726,35.35046757307782,1,98.43049850696453,88.37616893269455,Free,low,model
S193370,NR4,Westbound,39.56918689512219,38.95307755968024,1,98.44295679596614,97.38269389920059,Free,low,model
S82190,NR14,Northeast,39.67353198731716,39.05788448083085,1,98.4482160381306,78.1157689616617,Free,low,model
S107192,NR16,Northwest,49.69756305651192,48.93603294484876,1,98.46767111941242,97.87206588969751,Free,low,model
S223411,NR19,Northeast,49.99999697604268,49.235514911882525,1,98.47103577920925,98.47102982376505,Free,low,model
S206524,NR4,Southeast,34.30679889772648,33.78264099914483,2,98.47214571040499,84.45660249786208,Free,ok,model
S189741,NR11,Northeast,58.96873330485063,58.080178546512535,1,98.49317645379199,96.8002975775209,Free,low,model
S100037,NR17,Southwest,40.78194305907235,40.179249771662654,1,98.52215651780814,80.35849954332531,Free,low,model
S186207,Kigali-Gatuna Road,Eastbound,59.66017663374489,58.78107027029471,1,98.5264771023944,97.9684504504912,Free,low,model
S160351,NR1,Westbound,59.7027273519522,58.86674684030299,1,98.59976160432161,98.1112447338383,Free,low,model
S199975,NR 19,Southwest,49.18984691316868,48.50234960268649,1,98.60235932082533,97.00469920537297,Free,low,model
S254879,KN7 Road,Northwest,38.31856727405711,37.787066769975425,3,98.6129426492375,94.46766692493857,Free,ok,model
S175921,Kigali-Gatuna Road,Westbound,59.97819772326229,59.14862046500705,1,98.6168686460322,98.5810341083451,Free,low,model
S222766,NR24,Northwest,39.99745333727995,39.44590106520341,1,98.62103152561849,98.61475266300852,Free,low,model
S168764,NR1,Southbound,59.41738937066844,58.59840297983396,1,98.62163854805985,97.66400496638994,Free,low,model
S208455,NR11,Northeast,58.968733304850645,58.170722901025705,1,98.64672283242126,96.95120483504283,Free,low,model
S23323,NR13,Eastbound,31.734762189341936,31.306864390869777,1,98.65164328026422,62.613728781739546,Free,low,model
S248177,NR4,Southeast,36.723984514977225,36.23367934775712,2,98.66489115030492,90.5841983693928,Free,ok,model
S131908,NR11,Eastbound,58.96873330485064,58.20228614275102,1,98.70024821775073,97.00381023791836,Free,low,model
S207611,NR4,Westbound,35.914140545144726,35.44760974555413,1,98.70098297631776,88.61902436388533,Free,low,model
S221645,NR11,Northeast,58.96873330485064,58.20730203559461,1,98.70875423875962,97.01217005932435,Free,low,model
S214735,KN7 Road,Northbound,38.31856727405711,37.83603969397582,2,98.74074733371367,94.59009923493956,Free,ok,model
S115700,NR12,Southeast,47.67349198824447,47.074168937045506,1,98.74285892179505,94.14833787409101,Free,low,model
S252914,NR4,Westbound,34.30679889772647,33.878892657432125,1,98.75270717746066,84.69723164358031,Free,low,model
S221117,NR24,Northwest,39.99745333727995,39.52038094742896,1,98.80724308663339,98.80095236857241,Free,low,model
S82304,NR1,Westbound,59.7027273519522,59.00034135636312,1,98.82352779053383,98.3339022606052,Free,low,model
S93033,NR1,Southbound,59.70272735195219,59.012286277451956,1,98.84353511954315,98.35381046241994,Free,low,model
S234794,NR16,Eastbound,49.69756305651192,49.12633524577434,1,98.85059190912838,98.25267049154868,Free,low,model
S128970,NR1,Southwest,59.41738937066844,58.73738125464948,1,98.85554023288232,97.8956354244158,Free,low,model
S47833,NR1,Southwest,58.20346865856086,57.53851556906587,1,98.85753700798178,95.89752594844313,Free,low,model
S210428,NR24,Northwest,39.99745333727996,39.54155657760554,1,98.86018553273867,98.85389144401384,Free,low,model
S30516,NR1,Southbound,59.408562177667164,58.76951695833837,1,98.92432135048537,97.94919493056395,Free,low,model
S251913,NR4,Northwest,39.559050370107585,39.13397599888213,1,98.92546871765491,97.83493999720532,Free,low,model
S176809,NR11,Northeast,58.96873330485063,58.33656202539223,1,98.92795513142488,97.22760337565371,Free,low,model
S131185,NR12,Southbound,47.67349198824448,47.16319858953308,1,98.92960767623815,94.32639717906618,Free,low,model
S154418,NR1,Westbound,39.611592913778956,39.198255298140445,1,98.95652362040019,97.9956382453511,Free,low,model
S188082,NR4,Westbound,39.56918689512221,39.159035876815,1,98.9634585633657,97.89758969203749,Free,low,model
S251983,NR 19,Southbound,49.18984691316867,48.68009250918681,1,98.96369995848595,97.3601850183736,Free,low,model
S189847,Rubavu-Karongi Road,Northwest,58.7030039575821,58.10929343328112,1,98.9886198588236,96.84882238880186,Free,low,model
S146351,NR17,Southbound,40.78194305907235,40.37901340026553,1,99.01199004122196,80.75802680053104,Free,low,model
S241007,NR24,Northwest,39.99745333727995,39.60321373406732,1,99.01433823826684,99.00803433516829,Free,low,model
S211390,trunk_link (OSM way 356452020),Westbound,41.999925614744946,41.5917277488129,1,99.02809859789672,99.02792321145928,Free,low,model
S224183,NR12,Northeast,47.67349198824448,47.22255158233515,1,99.05410661752968,94.44510316467031,Free,low,model
S222864,NR1,Southbound,59.7027273519522,59.16058458830811,1,99.091929652647,98.60097431384685,Free,low,model
S233794,KN7 Road,Northwest,38.31856727405711,37.978222312490516,3,99.11180144306435,94.94555578122629,Free,ok,model
S07358,NR12,Eastbound,47.67349198824447,47.27724528533831,1,99.16883222440708,94.55449057067662,Free,low,model
S228024,KN 7 Road,Westbound,38.3185672740571,38.00153743397118,3,99.17264693687919,95.00384358492795,Free,ok,model
S258581,NR1,Southbound,59.41738937066844,58.93392682748325,1,99.18632819734107,98.22321137913875,Free,low,model
S193682,NR1,Southwest,59.408562177667164,58.93127354726316,1,99.19659959287245,98.2187892454386,Free,low,model
S238306,Musanze - Rubavu Road,Northeast,50.54912486037208,50.14683740334514,1,99.2041653379002,83.57806233890857,Free,low,model
S234350,NR11,Northeast,58.96873330485063,58.50665728679254,1,99.21640504694362,97.51109547798757,Free,low,model
S236346,NR 19,Southbound,49.189846913168665,48.80457605223792,1,99.21676751381065,97.60915210447584,Free,low,model
S172299,NR11,Eastbound,58.968733304850645,58.513168482429826,1,99.22744682327551,97.52194747071638,Free,low,model
S211357,NR 19,Eastbound,49.65324825773551,49.28060178907171,1,99.2495023352158,98.56120357814342,Free,low,model
S117177,NR11,Eastbound,58.96873330485064,58.54234252844691,1,99.27692057721603,97.57057088074484,Free,low,model
S255708,NR24,Northbound,39.99745333727995,39.71915403560797,1,99.30420744709618,99.29788508901993,Free,low,model
S236451,NR4,Southbound,34.30679889772647,34.07170226204554,1,99.3147229026474,85.17925565511385,Free,low,model
S230667,NR11,Northwest,58.96873330485065,58.57897808340399,1,99.33904766203516,97.63163013900665,Free,low,model
S60752,NR16,Northwest,49.69756305651192,49.37747183660861,1,99.35592169873738,98.75494367321723,Free,low,model
S165028,Rubavu-Karongi Road,Northbound,58.7030039575821,58.328451120793076,1,99.36195286179961,97.2140852013218,Free,low,model
S251627,KN7 Road,Northwest,38.3185672740571,38.07613645921588,3,99.36732808116928,95.19034114803972,Free,ok,model
S202615,NR6,Westbound,42.52223439212595,42.27032301066737,1,99.40757727090364,84.54064602133474,Free,low,model
S142878,NR1,Southwest,59.408562177667164,59.05703010670272,1,99.40828045978768,98.42838351117122,Free,low,model
S33299,NR15,Northeast,53.84301586174621,53.53416752158651,1,99.42639108300929,89.22361253597752,Free,low,model
S243978,Musanze - Rubavu Road,Northeast,50.549124860372096,50.26351908374877,1,99.43499362765976,83.77253180624795,Free,low,model
S14554,Rubavu-Karongi Road,Northbound,58.703003957582084,58.38018181626635,1,99.45007560166938,97.30030302711057,Free,low,model
S189419,NR1,Northeast,44.149938366367394,43.907645191928104,1,99.45120382178412,73.17940865321351,Free,low,model
S96102,NR15,Eastbound,53.84301586174621,53.55208744565513,1,99.45967288155236,89.2534790760919,Free,low,model
S142799,NR1,Southwest,59.70272735195219,59.38535883431443,1,99.46841872772939,98.97559805719071,Free,low,model
S105020,NR12,Southeast,47.67349198824448,47.425698264889284,1,99.48022745341102,94.85139652977858,Free,low,model
S220285,primary_link (OSM way 701495639),Northwest,35.0,34.821303639230514,1,99.48943896923004,99.48943896923004,Free,low,model
S153796,KN7 Road,Northwest,38.31856727405711,38.12376943579336,2,99.49163590363247,95.30942358948342,Free,ok,model
S134125,NR11,Northbound,58.96873330485064,58.67031488201611,1,99.49393787841466,97.78385813669351,Free,low,model
S251688,Musanze - Rubavu Road,Northeast,50.54912486037209,50.296357223765135,1,99.49995645363762,83.82726203960856,Free,low,model
S238940,NR 19,Northbound,49.653248257735505,49.44045950314896,1,99.5714504850075,98.88091900629792,Free,low,model
S60803,NR15,Eastbound,53.843015861746224,53.61248479845458,1,99.57184593098651,89.35414133075763,Free,low,model
S224209,KN7 Road,Northwest,38.31856727405711,38.16570687429719,3,99.60108007518484,95.41426718574299,Free,ok,model
S232717,NR4,Northwest,39.56918689512221,39.41264233015643,1,99.6043776047744,98.53160582539108,Free,low,model
S221558,NR 19,Southbound,49.18984691316867,49.002311594138135,1,99.61875197668012,98.00462318827627,Free,low,model
S138115,NR11,Eastbound,58.96873330485064,58.74913104731058,1,99.62759543026847,97.91521841218429,Free,low,model
S98313,NR11,Southeast,58.96873330485064,58.751207309320655,1,99.63111638432957,97.91867884886776,Free,low,model
S247142,KN 7 Road,Westbound,38.31856727405711,38.17900045928935,2,99.63577235607593,95.44750114822338,Free,ok,model
S253349,NR16,Northbound,49.697563056511925,49.51969158124315,1,99.6420921583891,99.03938316248629,Free,low,model
S188420,NR4,Southbound,35.36229040984846,35.23942134401535,1,99.6525421164493,88.09855336003838,Free,low,model
S247861,KN7 Road,Northbound,38.31856727405711,38.18719676714068,2,99.65716226815877,95.46799191785169,Free,ok,model
S175711,NR 19,Southwest,49.18984691316867,49.02855349323172,1,99.67210017908437,98.05710698646344,Free,low,model
S180678,NR24,Northwest,39.99745333727996,39.871325019265896,1,99.6846591282938,99.67831254816474,Free,low,model
S253866,NR24,Westbound,39.99745333727994,39.884503914709306,1,99.71760846467353,99.71125978677327,Free,low,model
S118400,NR2,Northwest,59.96094446308105,59.79286846284171,1,99.71969087254317,99.65478077140284,Free,low,model
S222251,KN7 Road,Northbound,38.31856727405711,38.21312062263201,1,99.72481577750303,95.53280155658004,Free,low,model
S130052,NR11,Southeast,58.96873330485064,58.81064073972617,1,99.73190442415105,98.01773456621028,Free,low,model
S194756,NR4,Northwest,35.914140545144726,35.82313654413728,1,99.74660676929453,89.55784136034319,Free,low,model
S252351,NR4,Southeast,34.30679889772648,34.22186730582112,1,99.75243510139622,85.5546682645528,Free,low,model
S134311,NR24,Westbound,39.99745333727995,39.925282122667596,1,99.81956047550386,99.81320530666899,Free,low,model
S187858,NR 19,Southwest,49.189846913168665,49.11908755478632,1,99.85615048059155,98.23817510957267,Free,low,model
S98628,NR12,Southeast,47.673491988244486,47.61713039693331,1,99.88177582769673,95.23426079386662,Free,low,model
S61693,NR1,Westbound,59.7027273519522,59.66248522808808,1,99.9325958366577,99.43747538014681,Free,low,model
S249208,NR1,Westbound,59.7027273519522,59.66560115513591,1,99.93781490651604,99.44266859189318,Free,low,model
S239746,NR 19,Northwest,49.653248257735505,49.62292734306464,1,99.93893468053997,99.24585468612928,Free,low,model
S219679,NR11,Northwest,58.96873330485064,58.93876762016029,1,99.94918377416141,98.23127936693382,Free,low,model
S158647,NR2,Southbound,38.53885534669021,38.52426953174679,1,99.96215296273797,64.20711588624465,Free,low,model
S253833,NR24,Westbound,39.99745333727994,39.99193635786239,1,99.98620667328235,99.97984089465598,Free,low,model
S60256,Rubavu-Karongi Road,Northwest,58.7030039575821,58.69796659754866,1,99.99141890585858,97.82994432924777,Free,low,model
S192913,NR12,Eastbound,47.67349198824447,47.67142608647518,1,99.99566656084306,95.34285217295037,Free,low,model
S216575,NR 19,Southwest,49.189846913168665,49.19765632860404,1,100.01587607184297,98.39531265720808,Free,low,model
S230226,NR 19,Northbound,49.65324825773551,49.68531084698988,1,100.06457299447548,99.37062169397976,Free,low,model
S81012,NR1,Southwest,59.408562177667164,59.45190649011766,1,100.07295970624716,99.08651081686276,Free,low,model
S205868,NR1,Southbound,59.408562177667164,59.454836236001334,1,100.07789122752338,99.09139372666888,Free,low,model
S209523,NR12,Northeast,47.67349198824448,47.71457828732205,1,100.08618269265381,95.4291565746441,Free,low,model
S93077,NR19,Northbound,59.99999637125121,60.05941905945166,1,100.09903781965716,100.09903176575277,Free,low,model
S200995,NR6,Northwest,42.522234392125945,42.567309211200104,1,100.10600294109312,85.13461842240022,Free,low,model
S140501,Kigali-Gatuna Road,Northwest,59.978197723262284,60.04405219722675,1,100.10979735381233,100.07342032871125,Free,low,model
S87788,NR1,Westbound,49.74259336522038,49.81828893850861,1,100.15217456141151,83.03048156418102,Free,low,model
S252556,NR24,Northbound,39.99745333727995,40.06363572203866,1,100.16546649658073,100.15908930509666,Free,low,model
S148594,NR1,Southwest,59.7027273519522,59.82156713088904,1,100.19905251268719,99.70261188481507,Free,low,model
S229381,NR15,Southeast,53.84301586174622,53.955680320195924,2,100.20924618847317,89.9261338669932,Free,ok,model
S109266,Kigali-Gatuna Road,Northwest,59.978197723262284,60.12137963688502,1,100.23872326788371,100.20229939480835,Free,low,model
S220989,NR 19,Southbound,49.189846913168665,49.31032521016319,1,100.24492513100762,98.62065042032638,Free,low,model
S258053,NR1,Southbound,59.41738937066844,59.562943959750086,1,100.24496968080105,99.27157326625014,Free,low,model
S199945,Kigali-Gatuna Road,Northwest,59.660176633744896,59.80746379692358,1,100.24687684731957,99.67910632820595,Free,low,model
S200476,NR4,Eastbound,35.914140545144726,36.0054896466553,1,100.25435413495626,90.01372411663826,Free,low,model
S53105,NR1,Westbound,49.74259336522037,49.87633566202539,1,100.26886876569354,83.12722610337566,Free,low,model
S182502,Kigali-Gatuna Road,Northbound,59.66017663374489,59.828376431582775,1,100.28192976844582,99.71396071930462,Free,low,model
S251985,NR4,Northwest,39.56918689512219,39.69419658708829,1,100.3159268657641,99.23549146772072,Free,low,model
S222102,NR1,Southwest,59.7027273519522,59.92117712744247,1,100.36589580607011,99.86862854573745,Free,low,model
S245525,KN 7 Road,Westbound,38.31856727405711,38.4700310106157,3,100.39527505158351,96.17507752653924,Free,ok,model
S257590,NR11,Northeast,58.96873330485064,59.21163753206864,1,100.41192037475567,98.68606255344774,Free,low,model
S37063,Kigali-Gatuna Road,Northbound,59.66017663374489,59.91189989429538,1,100.42192845337323,99.85316649049231,Free,low,model
S238125,Rubavu - Karongi Road,Northeast,58.7030039575821,58.951694493406315,1,100.42364192470272,98.25282415567719,Free,low,model
S244057,NR4,Northwest,39.56918689512219,39.73839557520264,1,100.42762738726205,99.3459889380066,Free,low,model
S227106,NR4,Northwest,39.56918689512221,39.740185450979276,1,100.43215079529003,99.35046362744819,Free,low,model
S32023,Rubavu-Karongi Road,Westbound,58.7030039575821,58.959784742491784,1,100.43742358584448,98.26630790415297,Free,low,model
S151866,NR4,Southbound,35.36229040984846,35.53075416974049,1,100.47639380237969,88.82688542435122,Free,low,model
S162758,NR1,Westbound,59.40856217766716,59.697605104740155,1,100.48653412315987,99.49600850790027,Free,low,model
S238034,NR6,Northbound,42.52223439212595,42.73834986764085,1,100.5082411086914,85.47669973528167,Free,low,model
S199094,NR 19,Southwest,49.189846913168665,49.43986892212934,1,100.50827970536689,98.87973784425868,Free,low,model
S242285,NR6,Westbound,42.52223439212595,42.75188268202641,1,100.54006637511736,85.50376536405284,Free,low,model
S200698,NR1,Southwest,39.611592913778956,39.846355936257766,1,100.59266241322284,99.61588984064441,Free,low,model
S227829,NR4,Westbound,35.914140545144726,36.13342087376245,1,100.61056821989679,90.33355218440612,Free,low,model
S243761,NR 19,Northwest,49.653248257735505,49.97124772150185,1,100.64044040405112,99.9424954430037,Free,low,model
S255267,NR4,Northwest,39.559050370107585,39.81724078558169,1,100.65267091363043,99.54310196395423,Free,low,model
S254338,NR4,Northwest,39.5691868951222,39.83853398002642,1,100.68069906419386,99.59633495006605,Free,low,model
S04920,NR12,Southbound,47.67349198824448,47.99833079895855,1,100.68138245630124,95.9966615979171,Free,low,model
S160022,NR1,Westbound,49.74259336522037,50.08339572132877,1,100.68513186195612,83.47232620221462,Free,low,model
S245443,NR4,Northwest,39.56918689512219,39.84325716727196,1,100.69263559262966,99.6081429181799,Free,low,model
S26006,NR17,Southeast,49.99972327147,50.375981955111726,1,100.752521532167,100.75196391022345,Free,low,model
S217017,Kigali-Gatuna Road,Northeast,59.66017663374489,60.11653867298381,1,100.76493578294368,100.19423112163967,Free,low,model
S153923,NR4,Southbound,35.36229040984847,35.64025145472737,2,100.78603801297182,89.10062863681841,Free,ok,model
S24177,NR1,Southwest,49.74259336522037,50.158434082874145,1,100.8359851980386,83.59739013812357,Free,low,model
S164063,NR1,Southwest,59.40856217766716,59.90900486943253,1,100.84237469048442,99.84834144905422,Free,low,model
S176502,NR4,Southbound,34.30679889772647,34.598803546378406,1,100.85115679117261,86.49700886594601,Free,low,model
S219196,NR 19,Northwest,49.65324825773551,50.07760840565004,1,100.85464730466737,100.1552168113001,Free,low,model
S214925,KN7 Road,Northwest,38.31856727405711,38.65292091163208,2,100.87256299324464,96.6323022790802,Free,ok,model
S258733,NR4,Northwest,37.596896826758616,37.92799544880702,1,100.8806541230625,94.81998862201755,Free,low,model
S250573,Kigali-Gatuna Road,Northeast,59.66017663374488,60.210697314861605,1,100.92276072948356,100.35116219143603,Free,low,model
S212090,NR24,Northwest,39.99745333727996,40.38115008369086,1,100.95930294155323,100.95287520922716,Free,low,model
S71250,NR1,Northwest,59.702727351952205,60.32926927037187,1,101.04943600771561,100.54878211728645,Free,low,model
S234886,NR 19,Northbound,49.653248257735505,50.174815598561636,1,101.05041937663137,100.34963119712327,Free,low,model
S161504,Kigali-Gatuna Road,Northwest,59.97819772326228,60.62346737554412,1,101.07584034995365,101.03911229257352,Free,low,model
S219572,Rubavu - Karongi Road,Northeast,58.7030039575821,59.33464082274041,1,101.07598729634812,98.89106803790068,Free,low,model
S89976,Rubavu - Karongi Road,Northwest,58.7030039575821,59.34442654090801,1,101.09265717268812,98.90737756818001,Free,low,model
S72097,NR1,Westbound,59.40856217766716,60.06415502536574,1,101.10353259474277,100.10692504227625,Free,low,model
S95560,NR1,Southbound,59.7027273519522,60.374700912453065,1,101.12553243428819,100.6245015207551,Free,low,model
S241671,KN7 Road,Northwest,38.31856727405711,38.75172134204145,3,101.13040256668887,96.87930335510363,Free,ok,model
S152307,KN7 Road,Northwest,38.318567274057116,38.75303117616085,2,101.13382084198614,96.88257794040213,Free,ok,model
S248255,NR4,Northbound,37.596896826758616,38.057854292167306,1,101.22605189341216,95.14463573041827,Free,low,model
S193256,NR4,Southwest,34.30679889772647,34.7334570849326,1,101.24365490490109,86.83364271233151,Free,low,model
S16506,NR11,Eastbound,58.96873330485063,59.71294076376105,1,101.26203738354542,99.52156793960174,Free,low,model
S101993,NR1,Westbound,59.408562177667164,60.1653542051653,1,101.273877030107,100.27559034194218,Free,low,model
S221363,NR4,Southbound,34.30679889772648,34.75443357577499,1,101.30479873503492,86.88608393943747,Free,low,model
S239787,NR4,Southeast,36.72398451497722,37.20424159763265,2,101.30774775394966,93.01060399408165,Free,ok,model
S28340,NR15,Southeast,53.84301586174621,54.54728020627972,1,101.30799572286564,90.91213367713287,Free,low,model
S55343,NR15,Northeast,53.8430158617462,54.55998997470868,1,101.33160095415803,90.93331662451446,Free,low,model
S255107,KN7 Road,Northwest,38.31856727405711,38.830223011057356,3,101.33526844399178,97.07555752764338,Free,ok,model
S232371,NR15,Eastbound,53.84301586174621,54.56542719579094,2,101.3416992389499,90.94237865965155,Free,ok,model
S223063,NR 19,Southwest,49.18984691316867,49.86143050955714,1,101.36528905563371,99.72286101911428,Free,low,model
S149916,NR11,Northeast,58.96873330485064,59.77702264711724,1,101.37070833468306,99.62837107852874,Free,low,model
S183869,NR16,Southwest,49.697563056511925,50.383856400171645,1,101.38093963053947,100.76771280034329,Free,low,model
S205301,Kigali-Gatuna Road,Northbound,59.978197723262284,60.81262731682543,1,101.39122151921467,101.35437886137571,Free,low,model
S146970,NR1,Southwest,49.74259336522038,50.43689815822581,1,101.39579532556274,84.06149693037635,Free,low,model
S211157,NR 19,Eastbound,49.6532482577355,50.34836239456718,1,101.39993688474026,100.69672478913436,Free,low,model
S213078,KN 7 Road,Westbound,38.31856727405711,38.86942683139603,1,101.43757868972274,97.17356707849007,Free,low,model
S36291,NR16,Northeast,49.69756305651192,50.41346053746227,1,101.44050821996301,100.82692107492454,Free,low,model
S227955,Kigali-Gatuna Road,Northeast,59.66017663374489,60.52101026832639,1,101.44289488089547,100.86835044721066,Free,low,model
S49190,NR17,Northbound,49.99972327147001,50.73013270574696,1,101.46082695360381,101.46026541149394,Free,low,model
S226774,NR19,Northeast,59.999996371251214,60.89020014559834,1,101.4836730469765,101.48366690933058,Free,low,model
S232804,NR2,Northbound,59.96094446308104,60.8618234806042,1,101.50244300784462,101.43637246767365,Free,low,model
S199463,NR16,Northwest,49.697563056511925,50.45180493118137,1,101.51766370075688,100.90360986236273,Free,low,model
S166309,NR16,Northbound,49.69756305651193,50.45189242474123,1,101.51783975276925,100.90378484948248,Free,low,model
S117274,Rubavu-Karongi Road,Westbound,58.7030039575821,59.59613322832821,1,101.52143708248981,99.32688871388036,Free,low,model
S22000,NR17,Southeast,40.78194305907234,41.422328095559116,1,101.57026612380676,82.84465619111825,Free,low,model
S213948,NR19,Northeast,59.999996371251214,60.94619466688866,1,101.57699725477119,101.57699111148109,Free,low,model
S134580,NR19,Northwest,59.99999637125121,60.95962367645923,1,101.59937893874245,101.59937279409873,Free,low,model
S99513,NR2,Southeast,38.53885534669021,39.15829698837732,1,101.60731717669012,65.2638283139622,Free,low,model
S02867,NR12,Southbound,47.67349198824447,48.44855054113597,1,101.62576417326974,96.89710108227196,Free,low,model
S182227,NR4,Southbound,35.36229040984846,35.93725969931431,1,101.62593905202961,89.84314924828577,Free,low,model
S127062,NR1,Southwest,59.40856217766717,60.39059402676595,1,101.65301399849052,100.65099004460991,Free,low,model
S195826,NR11,Northbound,58.96873330485064,59.9593476400953,1,101.67989759950156,99.9322460668255,Free,low,model
S229954,NR4,Southeast,34.30679889772647,34.8987274887173,1,101.72539732650502,87.24681872179325,Free,low,model
S250312,NR 19,Northeast,49.653248257735505,50.510109318706476,1,101.72568984112227,101.02021863741294,Free,low,model
S252887,KN7 Road,Northwest,38.3185672740571,38.98710096036636,3,101.74467297153325,97.4677524009159,Free,ok,model
S115478,NR1,Southwest,59.417389370668445,60.46314448161533,1,101.76001524473426,100.77190746935888,Free,low,model
S184167,NR17,Southwest,40.78194305907235,41.56260766650473,1,101.91424083521868,83.12521533300948,Free,low,model
S192146,NR 19,Southwest,49.18984691316867,50.13243544522997,1,101.91622578888116,100.26487089045995,Free,low,model
S173334,NR4,Southwest,35.91414054514472,36.612258525117554,1,101.94385267021855,91.53064631279389,Free,low,model
S190003,Nyabugogo Boulevard,Westbound,49.74259336522038,50.713776718925395,1,101.95241801442555,84.52296119820899,Free,low,model
S111525,NR15,Eastbound,53.84301586174621,54.894560202148064,2,101.95298187438446,91.49093367024678,Free,ok,model
S150046,NR6,Southwest,42.52223439212595,43.36005078062192,1,101.97030189140555,86.72010156124382,Free,low,model
S50799,NR1,Southwest,59.41738937066843,60.59003391771556,1,101.97357130541653,100.98338986285926,Free,low,model
S247610,NR 19,Northeast,49.653248257735505,50.63580906530313,1,101.97884497398324,101.27161813060626,Free,low,model
S214295,Kigali-Gatuna Road,Northwest,59.66017663374489,60.86065566590978,1,102.01219490102193,101.43442610984964,Free,low,model
S238785,KN7 Road,Northbound,38.31856727405711,39.09110779905518,1,102.0160997134178,97.72776949763795,Free,low,model
S172244,NR17,Southwest,40.78194305907235,41.60664421135257,1,102.02222133233242,83.21328842270513,Free,low,model
S244638,NR1,Southwest,59.41738937066843,60.6460615036161,1,102.06786623572897,101.0767691726935,Free,low,model
S107540,NR15,Southbound,53.84301586174621,54.96217005386439,1,102.07855034530729,91.60361675644066,Free,low,model
S139585,NR11,Northeast,58.96873330485064,60.21069957886857,1,102.10614372127911,100.35116596478095,Free,low,model
S149706,NR11,Northbound,58.96873330485064,60.23784519695126,1,102.15217763885092,100.39640866158544,Free,low,model
S249321,NR 19,Southbound,49.189846913168665,50.249789589229835,1,102.15479970476876,100.49957917845967,Free,low,model
S109750,NR4,Southwest,35.36229040984846,36.12698577837181,1,102.1624599528496,90.31746444592952,Free,low,model
S83081,NR1,Southwest,59.7027273519522,60.99430458917042,1,102.16334712751775,101.65717431528401,Free,low,model
S62994,NR15,Eastbound,53.84301586174621,55.01372901128378,1,102.17430827527126,91.68954835213962,Free,low,model
S59403,NR17,Northeast,49.99972327147001,51.10020822604568,1,102.20098209064211,102.20041645209135,Free,low,model
S174685,NR19,Northwest,59.999996371251214,61.32257721825418,1,102.2043015449859,102.20429536375697,Free,low,model
S127772,NR1,Westbound,59.7027273519522,61.0284733426253,1,102.2205786058277,101.71412223770882,Free,low,model
S194193,KN7 Road,Northwest,38.318567274057116,39.17395091578986,3,102.23229547079613,97.93487728947466,Free,ok,model
S175082,KN7 Road,Northwest,38.31856727405711,39.17950466571323,3,102.24678909704174,97.94876166428307,Free,ok,model
S234520,NR 19,Northbound,49.653248257735505,50.77784540158774,1,102.2649014582385,101.55569080317548,Free,low,model
S237162,NR 19,Northwest,49.65324825773551,50.77884960183057,1,102.2669238843195,101.55769920366114,Free,low,model
S201351,NR1,Southwest,59.408562177667164,60.77005152167538,1,102.2917392613148,101.28341920279229,Free,low,model
S71563,NR11,Eastbound,58.96873330485065,60.32165297963708,1,102.29430004506328,100.53608829939513,Free,low,model
S70737,NR12,Southbound,47.67349198824447,48.7879749360325,1,102.33774137640859,97.575949872065,Free,low,model
S222165,NR 19,Southeast,49.18984691316867,50.340043634532734,1,102.33828075007922,100.68008726906547,Free,low,model
S186757,KN 7 Road,Westbound,38.31856727405711,39.217454111257055,1,102.34582579972535,98.04363527814265,Free,low,model
S118208,NR11,Northeast,58.96873330485064,60.36344975967793,1,102.36517960733025,100.60574959946321,Free,low,model
S196498,NR 19,Southbound,49.65324825773551,50.91334281385805,1,102.53778876576565,101.8266856277161,Free,low,model
S226158,NR17,Southwest,40.78194305907235,41.822465210328254,1,102.55142858139132,83.64493042065651,Free,low,model
S231634,KN7 Road,Northwest,38.31856727405711,39.34054941674271,2,102.66706773083742,98.35137354185677,Free,ok,model
S201145,NR19,Westbound,59.9999963712512,61.607128553581724,1,102.67855379921419,102.67854758930288,Free,low,model
S228752,NR16,Northwest,49.69756305651192,51.034434308875966,1,102.69001369512598,102.06886861775193,Free,low,model
S139403,NR1,Northwest,59.70272735195219,61.32061056963503,1,102.7098983403979,102.20101761605838,Free,low,model
S253774,NR4,Southeast,36.72398451497722,37.72984467787064,1,102.73897338804072,94.32461169467659,Free,low,model
S223283,NR 19,Eastbound,49.653248257735505,51.01733516723479,1,102.74722592652691,102.03467033446958,Free,low,model
S141421,NR4,Southbound,34.30679889772647,35.2538347768629,2,102.76049036798706,88.13458694215726,Free,ok,model
S61153,NR1,Westbound,59.40856217766716,61.08969290123691,1,102.82977850657649,101.81615483539485,Free,low,model
S183134,NR19,Northbound,49.99999697604268,51.4286643386604,1,102.85733489804461,102.85732867732081,Free,low,model
S186270,NR15,Southeast,53.84301586174621,55.39246628949256,1,102.87771849876482,92.32077714915425,Free,low,model
S162464,NR 19,Southwest,49.189846913168665,50.63686942080329,1,102.94170971946498,101.27373884160659,Free,low,model
S164575,NR19,Northbound,59.99999637125121,61.81199633554407,1,103.02000012313513,103.01999389257345,Free,low,model
S142758,NR17,Northbound,49.99972327147,51.52970261464227,1,103.05997562199563,103.05940522928454,Free,low,model
S02095,NR11,Eastbound,58.96873330485064,60.83286314556869,1,103.16121737104486,101.3881052426145,Free,low,model
S39708,Rubavu-Karongi Road,Northwest,58.70300395758209,60.563223275388445,1,103.16886563275453,100.93870545898075,Free,low,model
S72404,Rubavu - Karongi Road,Northbound,58.7030039575821,60.569935406716915,1,103.18029968361387,100.9498923445282,Free,low,model
S164438,NR16,Southwest,49.69756305651192,51.2803807654974,1,103.18490004667962,102.56076153099478,Free,low,model
S229721,Kigali-Gatuna Road,Northbound,59.66017663374488,61.56256088744523,1,103.18870033754531,102.60426814574205,Free,low,model
S242658,NR17,Westbound,49.99972327147001,51.59905438684222,1,103.19867993406433,103.19810877368444,Free,low,model
S211923,NR 19,Northwest,49.653248257735505,51.242039166140756,1,103.19977234955164,102.48407833228151,Free,low,model
S252973,NR4,Southeast,34.30679889772647,35.40680017645984,1,103.20636525142619,88.51700044114959,Free,low,model
S158576,NR1,Southbound,59.417389370668445,61.323487517238,1,103.20798030131985,102.20581252873,Free,low,model
S156844,NR6,Northbound,42.522234392125945,43.89399622903891,1,103.22598719592915,87.78799245807784,Free,low,model
S259052,NR4,Northwest,39.559050370107585,40.85116876415967,1,103.26630286107287,102.12792191039917,Free,low,model
S237708,Rubavu - Karongi Road,Northwest,58.7030039575821,60.62460494301657,1,103.27342871043362,101.04100823836096,Free,low,model
S228447,NR1,Southeast,59.41738937066843,61.365703501790996,1,103.27903018250808,102.276172502985,Free,low,model
S175478,NR1,Southbound,59.417389370668424,61.36627677932483,1,103.27999501374673,102.27712796554137,Free,low,model
S183476,NR4,Northeast,35.91414054514472,37.09681330992374,1,103.293056013111,92.74203327480936,Free,low,model
S119072,NR15,Eastbound,53.84301586174621,55.61892283125416,1,103.2983051582177,92.69820471875693,Free,low,model
S76136,Rubavu-Karongi Road,Northbound,58.7030039575821,60.651796486728216,1,103.31974924239701,101.08632747788036,Free,low,model
S250858,NR16,Northbound,49.697563056511925,51.363915088511604,1,103.35298539710054,102.72783017702322,Free,low,model
S249622,NR 19,Southbound,49.189846913168665,50.840171371641986,1,103.3550103568863,101.68034274328399,Free,low,model
S257373,NR4,Northwest,39.559050370107585,40.8917857339455,1,103.36897714017165,102.22946433486375,Free,low,model
S213467,NR11,Eastbound,58.96873330485064,60.95699934075056,1,103.37172926137177,101.59499890125093,Free,low,model
S226981,NR11,Northeast,58.96873330485062,61.01440464156912,1,103.46907797076629,101.69067440261523,Free,low,model
S208874,NR1,Westbound,59.7027273519522,61.86234005359706,1,103.61727645860093,103.10390008932843,Free,low,model
S234122,NR17,Northwest,49.99972327147001,51.81325122989605,1,103.62707599116023,103.62650245979206,Free,low,model
S176541,Rubavu - Karongi Road,Northwest,58.70300395758209,60.867482477196624,1,103.68716824300603,101.44580412866104,Free,low,model
S204367,KN7 Road,Northbound,38.31856727405711,39.74323525535386,2,103.71795733151353,99.35808813838466,Free,ok,model
S62048,NR1,Southeast,59.41738937066844,61.62816106667134,1,103.72074862160513,102.71360177778556,Free,low,model
S226916,NR 19,Southwest,49.18984691316868,51.020582826851715,1,103.7217759935596,102.04116565370343,Free,low,model
S74882,NR11,Northeast,58.96873330485063,61.190781430015406,1,103.76818018741805,101.98463571669234,Free,low,model
S164887,NR17,Southbound,40.78194305907235,42.32008603956044,1,103.7716275025447,84.64017207912087,Free,low,model
S248611,Musanze - Rubavu Road,Northeast,54.468032164293234,56.52488780031643,1,103.77626206472642,94.20814633386071,Free,low,model
S250025,NR1,Southwest,59.408562177667164,61.68030276210028,1,103.82392790055961,102.80050460350047,Free,low,model
S72737,NR17,Westbound,49.99972327147001,51.922434564027135,1,103.84544386799483,103.84486912805426,Free,low,model
S98305,NR16,Westbound,49.69756305651192,51.636097078925644,1,103.90066213147993,103.27219415785129,Free,low,model
S224894,NR 19,Northbound,49.653248257735505,51.6103936158757,1,103.94162603014655,103.2207872317514,Free,low,model
S241011,NR 19,Northbound,49.6532482577355,51.61841571096113,1,103.9577822643647,103.23683142192226,Free,low,model
S231377,NR11,Southeast,58.968733304850645,61.325762926381366,1,103.99708369068331,102.20960487730228,Free,low,model
S216258,NR 19,Northeast,49.6532482577355,51.63873999526637,1,103.9987147008485,103.27747999053274,Free,low,model
S192041,NR19,Northbound,49.999996976042674,52.00509977380583,1,104.01020583806014,104.01019954761166,Free,low,model
S196681,NR4,Westbound,35.914140545144726,37.35807888036987,1,104.02052872018498,93.39519720092467,Free,low,model
S168047,NR14,Northbound,39.67353198731716,41.270592396547016,1,104.02550599664382,82.54118479309402,Free,low,model
S100694,NR12,Southbound,47.67349198824447,49.60121227159308,1,104.04358943083915,99.20242454318617,Free,low,model
S243331,NR4,Northwest,39.56918689512219,41.173886959984664,1,104.05542845526676,102.93471739996167,Free,low,model
S180828,NR4,Southbound,35.36229040984846,36.796843354247066,1,104.05673085021404,91.99210838561767,Free,low,model
S220670,NR24,Northwest,39.99745333727995,41.62926958197934,1,104.07980035863542,104.07317395494833,Free,low,model
S250362,NR16,Northbound,49.697563056511925,51.7340208514002,1,104.09770151621436,103.46804170280039,Free,low,model
S145534,NR 19,Southbound,49.18984691316866,51.20891167072435,1,104.10463720515293,102.41782334144871,Free,low,model
S71661,NR1,Southwest,59.40856217766716,61.861156852174275,1,104.12835218461001,103.10192808695712,Free,low,model
S230792,NR 19,Southwest,49.18984691316867,51.22185211091976,1,104.13094434170134,102.44370422183954,Free,low,model
S90245,NR2,Eastbound,59.96094446308104,62.444454842768025,1,104.14188002194683,104.07409140461338,Free,low,model
S227958,NR 19,Southbound,49.189846913168665,51.227564029706535,1,104.14255632902234,102.45512805941307,Free,low,model
S111211,NR11,Southbound,58.968733304850645,61.475454058648886,1,104.25093199957212,102.45909009774815,Free,low,model
S200694,NR15,Eastbound,53.84301586174621,56.15230211043272,1,104.28892440686478,93.58717018405453,Free,low,model
S89893,NR4,Southeast,36.72398451497723,38.315628817154526,1,104.33407301304185,95.78907204288632,Free,low,model
S117168,NR17,Northwest,49.99972327147,52.1759214338499,1,104.35242041353786,104.3518428676998,Free,low,model
S115900,Kigali-Gatuna Road,Northwest,59.660176633744896,62.26105901353422,1,104.35949493706028,103.76843168922372,Free,low,model
S160649,Kigali-Gatuna Road,Northwest,59.66017663374489,62.31328025272888,1,104.44702608789018,103.85546708788146,Free,low,model
S166057,Rubavu-Karongi Road,Northwest,58.7030039575821,61.34413288251511,1,104.49913760263692,102.24022147085853,Free,low,model
S33910,NR1,Southeast,59.41738937066843,62.14661906302329,1,104.59331808627417,103.57769843837215,Free,low,model
S252562,primary (OSM way 1288349565),Northbound,49.999996976042674,52.314218440382895,1,104.62844320860474,104.62843688076579,Free,low,model
S148461,Kigali-Gatuna Road,Northwest,59.978197723262284,62.76211537367203,1,104.64154935640892,104.60352562278672,Free,low,model
S248905,NR16,Northbound,49.697563056511925,52.024401760141224,1,104.68199758805761,104.04880352028245,Free,low,model
S183053,NR4,Northbound,37.596896826758616,39.36998262815907,1,104.71604294782783,98.42495657039768,Free,low,model
S91720,NR2,Eastbound,59.960944463081056,62.797146587750156,1,104.73008247295938,104.6619109795836,Free,low,model
S70727,NR12,Southbound,47.67349198824448,49.94880306631742,1,104.77269648850978,99.89760613263483,Free,low,model
S253602,NR4,Westbound,39.5691868951222,41.46330440596138,1,104.78684971682517,103.65826101490345,Free,low,model
S189565,NR 19,Southbound,49.18984691316866,51.55779014183916,1,104.81388615185256,103.11558028367833,Free,low,model
S109389,NR16,Westbound,49.69756305651191,52.10508334521211,1,104.8443427416402,104.21016669042422,Free,low,model
S184277,NR16,Northeast,49.697563056511925,52.111961863361145,1,104.8581834970535,104.22392372672229,Free,low,model
S249550,NR1,Southeast,59.7027273519522,62.61385422094377,1,104.87603665378677,104.35642370157295,Free,low,model
S252128,NR4,Northwest,39.559050370107585,41.50379637252998,1,104.9160583589032,103.75949093132496,Free,low,model
S234248,Kigali-Gatuna Road,Northwest,59.97819772326228,62.94819539988129,1,104.95179546795072,104.91365899980217,Free,low,model
S238647,Musanze - Rubavu Road,Northeast,50.54912486037209,53.104414313291784,1,105.05506170478316,88.50735718881964,Free,low,model
S202819,NR4,Eastbound,35.914140545144726,37.73342542098672,1,105.06565059953229,94.3335635524668,Free,low,model
S238669,NR1,Southbound,59.408562177667164,62.42281236632229,1,105.07376391241503,104.03802061053715,Free,low,model
S225720,NR17,Northwest,49.99972327147,52.53662407151412,1,105.07382968155682,105.07324814302824,Free,low,model
S234407,NR16,Northbound,49.69756305651192,52.219527270395204,1,105.07462350018152,104.43905454079041,Free,low,model
S251056,NR4,Northwest,39.56918689512219,41.581646260325726,1,105.08592549687093,103.95411565081432,Free,low,model
S132047,NR1,Southwest,59.7027273519522,62.762922999793396,1,105.12572169408796,104.60487166632234,Free,low,model
S83926,NR15,Southeast,53.84301586174621,56.62284722049042,1,105.16284482630401,94.37141203415071,Free,low,model
S157568,NR17,Northeast,49.99972327147001,52.583190755764065,1,105.16696356551275,105.16638151152813,Free,low,model
S258389,NR4,Northbound,37.596896826758616,39.54019394970902,1,105.16876999690919,98.85048487427255,Free,low,model
S210020,NR 19,Southbound,49.189846913168665,51.73583142870305,1,105.17583337884469,103.4716628574061,Free,low,model
S198603,NR4,Southwest,34.30679889772647,36.11049807563623,1,105.25755604096682,90.27624518909057,Free,low,model
S130106,NR11,Northeast,58.96873330485064,62.07443607446128,1,105.26669405217693,103.45739345743547,Free,low,model
S234631,KN 7 Road,Westbound,38.318567274057116,40.34061674421338,1,105.27694434840014,100.85154186053344,Free,low,model
S97101,NR16,Northwest,49.69756305651192,52.32216962662387,1,105.28115748276726,104.64433925324774,Free,low,model
S133923,NR19,Northbound,59.999996371251214,63.20600929165314,1,105.3433551904981,105.34334881942189,Free,low,model
S132596,NR1,Southwest,59.408562177667164,62.59762984027672,1,105.36802700774398,104.32938306712786,Free,low,model
S241102,NR4,Northbound,37.596896826758616,39.61849018801767,1,105.37702186053886,99.04622547004416,Free,low,model
S192262,NR16,Northwest,49.69756305651191,52.37191485651909,1,105.38125339660242,104.74382971303818,Free,low,model
S185018,NR4,Northwest,35.91414054514472,37.89054177675524,1,105.50312829879962,94.7263544418881,Free,low,model
S123539,NR12,Southeast,47.67349198824448,50.29780623429823,1,105.50476614278826,100.59561246859647,Free,low,model
S72433,NR2,Eastbound,59.96094446308105,63.28798334718797,1,105.54867658256356,105.47997224531326,Free,low,model
S243305,NR1,Southeast,59.41738937066844,62.72757110759695,1,105.57106559542414,104.54595184599492,Free,low,model
S122418,NR1,Southwest,59.41738937066844,62.754195992943394,1,105.6158755166079,104.59032665490567,Free,low,model
S124150,NR11,Northeast,58.968733304850645,62.30877675789892,1,105.6640922500086,103.84796126316488,Free,low,model
S110784,NR1,Southwest,58.20346865856085,61.5132025836367,1,105.68648914120865,102.52200430606116,Free,low,model
S24091,NR11,Eastbound,58.96873330485064,62.32603481240723,1,105.69335869943204,103.87672468734539,Free,low,model
S193774,Rubavu - Karongi Road,Northwest,58.7030039575821,62.046179548999454,1,105.69506731518047,103.41029924833244,Free,low,model
S251895,Musanze - Rubavu Road,Northeast,54.468032164293234,57.57627408706602,1,105.70654345175777,95.96045681177671,Free,low,model
S219026,NR 19,Eastbound,49.6532482577355,52.50092119430531,1,105.7351191241072,105.00184238861064,Free,low,model
S115831,NR15,Eastbound,53.84301586174621,56.93594367729973,1,105.7443435625807,94.89323946216622,Free,low,model
S250405,NR24,Northbound,39.99745333727995,42.308148485036014,1,105.77710567788166,105.77037121259005,Free,low,model
S222317,NR1,Westbound,59.40856217766716,62.8948337859177,1,105.86829823927484,104.8247229765295,Free,low,model
S169775,NR1,Southwest,59.408562177667164,62.92141244733475,1,105.91303701167192,104.8690207455579,Free,low,model
S236871,NR17,Northwest,49.99972327147,52.984414818731416,1,105.96941613267786,105.96882963746285,Free,low,model
S191824,NR17,Northwest,49.99972327147001,53.00087273841918,1,106.00233215422942,106.00174547683837,Free,low,model
S87133,NR11,Eastbound,58.968733304850645,62.508838975868144,1,106.00336054823532,104.18139829311357,Free,low,model
S19788,NR11,Eastbound,58.96873330485064,62.54015678282597,1,106.05646972186454,104.23359463804329,Free,low,model
S108413,NR11,Northeast,58.968733304850645,62.554512802963146,1,106.0808148609452,104.2575213382719,Free,low,model
S226038,Kigali-Gatuna Road,Northwest,59.97819772326228,63.63387722035786,1,106.0950139148275,106.05646203392978,Free,low,model
S243473,Rubavu - Karongi Road,Northwest,58.7030039575821,62.2814931498817,1,106.09592176046964,103.80248858313618,Free,low,model
S114782,NR19,Northwest,59.999996371251214,63.68563096705984,1,106.14272469785446,106.14271827843307,Free,low,model
S139207,Kigali-Gatuna Road,Northbound,59.66017663374489,63.32600522713456,1,106.14451515270272,105.54334204522426,Free,low,model
S62889,NR11,Northeast,58.96873330485064,62.59911839363528,1,106.15645764343732,104.33186398939213,Free,low,model
S242336,NR11,Northeast,58.96873330485064,62.60930623060327,1,106.17373431939255,104.34884371767211,Free,low,model
S155450,NR16,Northbound,49.69756305651192,52.77470982479131,1,106.19174578999038,105.54941964958262,Free,low,model
S191990,NR4,Northwest,39.56918689512219,42.02751873085032,1,106.2127428654117,105.0687968271258,Free,low,model
S115425,NR11,Northeast,58.96873330485064,62.63581359673352,1,106.21868588040577,104.39302266122255,Free,low,model
S48397,NR17,Northbound,49.99972327147001,53.11735623855278,1,106.23530044387607,106.23471247710557,Free,low,model
S212407,KN 7 Road,Westbound,38.31856727405711,40.74737694551506,1,106.33846681710965,101.86844236378764,Free,low,model
S208927,NR 19,Northbound,49.6532482577355,52.86516710736753,1,106.46869834770911,105.73033421473507,Free,low,model
S217042,NR4,Southbound,34.306798897726466,36.54264362806852,1,106.51720592471314,91.35660907017129,Free,low,model
S32316,NR12,Northeast,47.67349198824447,50.78108551169134,1,106.51849359852461,101.56217102338267,Free,low,model
S241644,NR4,Southeast,36.723984514977225,39.12429664667241,2,106.53608850835961,97.81074161668104,Free,ok,model
S09585,NR12,Southbound,47.67349198824447,50.793761878310505,1,106.5450835672693,101.58752375662102,Free,low,model
S173250,NR1,Westbound,58.20346865856085,62.01759783533616,1,106.55309600042936,103.36266305889362,Free,low,model
S66979,NR2,Eastbound,59.96094446308104,63.89110928745231,1,106.55454122606614,106.48518214575385,Free,low,model
S186000,Kigali-Gatuna Road,Westbound,59.978197723262284,63.933009907136956,1,106.59374961902334,106.55501651189493,Free,low,model
S206306,NR16,Northbound,49.69756305651192,52.9850910477255,1,106.61506880624162,105.970182095451,Free,low,model
S255130,Musanze - Rubavu Road,Northeast,54.46803216429323,58.10106914501049,1,106.67003531495106,96.83511524168415,Free,low,model
S197772,Rubavu-Karongi Road,Westbound,58.7030039575821,62.640067087368394,1,106.70674899811117,104.40011181228066,Free,low,model
S218869,NR1,Westbound,59.40856217766716,63.421621987451935,1,106.75501924753426,105.7027033124199,Free,low,model
S257176,NR11,Northeast,58.96873330485064,62.9846524907282,1,106.81025173987793,104.97442081788034,Free,low,model
S243889,NR 19,Southbound,49.189846913168665,52.54443804034392,1,106.81968198253773,105.08887608068784,Free,low,model
S245425,NR4,Northeast,35.914140545144726,38.38304031900095,1,106.8744503874533,95.95760079750237,Free,low,model
S214304,NR4,Westbound,35.914140545144726,38.38486470663524,1,106.87953024626823,95.9621617665881,Free,low,model
S216677,NR4,Southeast,36.723984514977225,39.26058441485049,1,106.90720229129484,98.15146103712623,Free,low,model
S192030,Kigali-Gatuna Road,Northwest,59.66017663374489,63.79956128342993,1,106.93827085879549,106.33260213904988,Free,low,model
S240286,NR 19,Northbound,49.6532482577355,53.12338648371492,1,106.98874363257556,106.24677296742985,Free,low,model
S227577,NR1,Westbound,59.702727351952205,63.897491836468035,1,107.02608519002385,106.49581972744673,Free,low,model
S216991,NR4,Westbound,39.56918689512219,42.35736140908439,1,107.04632754105417,105.89340352271097,Free,low,model
S247077,NR11,Northbound,58.96873330485063,63.13794355889271,1,107.07020487024627,105.22990593148785,Free,low,model
S33454,NR19,Northwest,49.99999697604268,53.54140219432928,1,107.08281086493554,107.08280438865853,Free,low,model
S109839,NR19,Northwest,49.999996976042674,53.55277461211095,1,107.10555570187451,107.1055492242219,Free,low,model
S168946,NR15,Eastbound,53.8430158617462,57.681758188514884,1,107.12950837788415,96.13626364752483,Free,low,model
S240050,NR4,Southeast,36.723984514977225,39.36634390165581,2,107.19518707345317,98.41585975413952,Free,ok,model
S177113,NR11,Northeast,58.96873330485063,63.26714475668362,1,107.28930606260693,105.44524126113937,Free,low,model
S185824,NR1,Southeast,59.41738937066844,63.76688346571428,1,107.32023762927723,106.27813910952382,Free,low,model
S252777,NR4,Northwest,39.5691868951222,42.47402967283725,1,107.34117379114792,106.18507418209313,Free,low,model
S62779,NR15,Eastbound,53.84301586174622,57.81512952372304,1,107.37721243582658,96.35854920620505,Free,low,model
S249062,NR 19,Northbound,49.653248257735505,53.32290201897584,1,107.3905613227804,106.64580403795168,Free,low,model
S254875,NR24,Southwest,39.99745333727995,42.97249034955237,1,107.43806608682137,107.43122587388093,Free,low,model
S189566,NR17,Southwest,40.78194305907234,43.83520209309988,1,107.48679146946215,87.67040418619975,Free,low,model
S204814,NR19,Northbound,49.99999697604268,53.76893128363818,1,107.5378690710749,107.53786256727635,Free,low,model
S101334,NR1,Southbound,59.408562177667164,63.9494770538186,1,107.64353606567919,106.58246175636434,Free,low,model
S224676,NR 19,Southwest,49.18984691316867,52.9700132603076,1,107.68485080632959,105.9400265206152,Free,low,model
S235796,NR 19,Southbound,49.18984691316867,52.98699226652587,1,107.7193681046823,105.97398453305173,Free,low,model
S255231,NR4,Northwest,39.5691868951222,42.67056364368127,1,107.8378581717619,106.67640910920318,Free,low,model
S249716,NR4,Northwest,39.559050370107585,42.67296239074424,1,107.87155402241318,106.68240597686061,Free,low,model
S236313,NR16,Northwest,49.69756305651191,53.633751728912934,1,107.92028508103127,107.26750345782588,Free,low,model
S156438,Kigali-Gatuna Road,Westbound,59.978197723262284,64.74353952529917,1,107.94512336636728,107.90589920883194,Free,low,model
S200625,NR4,Westbound,39.5691868951222,42.720694080985695,1,107.96454876421024,106.80173520246424,Free,low,model
S257399,NR24,Northwest,39.99745333727995,43.24394523391294,1,108.1167465069759,108.10986308478235,Free,low,model
S239601,NR24,Northwest,39.99745333727995,43.28737377718865,1,108.22532477797105,108.21843444297163,Free,low,model
S184676,NR11,Southeast,58.96873330485064,63.82060292481034,1,108.22786813967495,106.36767154135057,Free,low,model
S231873,NR 19,Northwest,49.653248257735505,53.76166714887966,1,108.27421978481358,107.52333429775932,Free,low,model
S253704,primary (OSM way 1288349565),Northbound,49.99999697604268,54.147654619858834,1,108.29531578932591,108.29530923971765,Free,low,model
S199515,NR19,Northbound,49.999996976042674,54.19421999976699,1,108.38844655477473,108.38843999953399,Free,low,model
S249212,NR17,Northbound,49.99972327147,54.19931387575827,1,108.3992276946952,108.39862775151654,Free,low,model
S197030,KN7 Road,Northbound,38.31856727405711,41.54308755724672,1,108.4150335270304,103.8577188931168,Free,low,model
S202869,NR4,Northwest,39.5691868951222,42.90803895304551,1,108.43801028000124,107.27009738261378,Free,low,model
S96251,NR11,Northeast,58.96873330485063,63.94500766367717,1,108.4388354301265,106.57501277279529,Free,low,model
S176646,Kigali-Gatuna Road,Northeast,59.6601766337449,64.70846458939631,1,108.46173819873675,107.8474409823272,Free,low,model
S254594,NR4,Northwest,39.55905037010758,42.90956878140004,1,108.46966340178946,107.27392195350009,Free,low,model
S251751,NR1,Southbound,59.408562177667164,64.45114777505903,1,108.48797784789255,107.41857962509839,Free,low,model
S200631,NR1,Southwest,59.408562177667164,64.4543635154958,1,108.49339077208882,107.423939192493,Free,low,model
S52401,NR1,Westbound,59.7027273519522,64.78498466344433,1,108.51260492930555,107.9749744390739,Free,low,model
S251948,NR 19,Southbound,49.18984691316867,53.420438641505974,1,108.60053851317176,106.84087728301193,Free,low,model
S241611,NR17,Eastbound,49.99972327147,54.32482930240834,1,108.65025993735101,108.6496586048167,Free,low,model
S169406,NR12,Eastbound,47.67349198824447,51.806857015344164,1,108.67015369488544,103.61371403068834,Free,low,model
S54221,NR17,Southeast,49.99972327147001,54.42201081971325,1,108.8446240476827,108.8440216394265,Free,low,model
S158350,NR16,Northbound,49.69756305651192,54.10085810331943,1,108.86018302708416,108.20171620663886,Free,low,model
S99496,NR12,Southeast,47.67349198824448,51.91073112580198,1,108.88804021027521,103.82146225160395,Free,low,model
S238218,NR16,Eastbound,49.697563056511925,54.135377615267394,1,108.92964219132669,108.2707552305348,Free,low,model
S223952,NR 19,Southbound,49.18984691316867,53.65655459560268,1,109.08054804545085,107.31310919120534,Free,low,model
S251734,NR24,Northbound,39.99745333727996,43.647720489703595,1,109.12624891800644,109.11930122425899,Free,low,model
S71005,NR17,Southeast,49.99972327147,54.609242551635916,1,109.219089584034,109.21848510327183,Free,low,model
S43287,NR17,Northbound,49.99972327147001,54.67063321688956,1,109.34187159408698,109.34126643377913,Free,low,model
S35983,NR12,Southeast,47.67349198824448,52.14061678573248,1,109.37024877176928,104.28123357146497,Free,low,model
S201049,NR19,Northbound,49.99999697604268,54.802270596958294,1,109.60454782270608,109.60454119391657,Free,low,model
S194948,NR 19,Northbound,49.653248257735505,54.49145644548583,1,109.74399129466133,108.98291289097166,Free,low,model
S52020,NR17,Eastbound,49.99972327147,54.88027370941346,1,109.76115489968784,109.76054741882692,Free,low,model
S54617,NR1,Westbound,59.7027273519522,65.54309741560697,1,109.78241752545965,109.23849569267827,Free,low,model
S216087,NR1,Southeast,59.41738937066844,65.24238066470942,1,109.80351266815588,108.73730110784904,Free,low,model
S165873,NR11,Northeast,58.968733304850645,64.85868418068709,1,109.98826080490346,108.09780696781182,Free,low,model
S169466,NR11,Eastbound,58.96873330485063,64.99213248995474,1,110.21456430811384,108.32022081659123,Free,low,model
S211991,NR24,Northwest,39.99745333727995,44.14532469102427,1,110.37033862823027,110.36331172756067,Free,low,model
S231952,NR 19,Eastbound,49.653248257735505,54.81725564210344,1,110.40014010274429,109.63451128420688,Free,low,model
S95944,NR1,Westbound,59.7027273519522,66.04614587361215,1,110.6250062652331,110.07690978935358,Free,low,model
S109747,NR1,Southwest,59.7027273519522,66.19234738441403,1,110.86988873088666,110.32057897402339,Free,low,model
S186779,NR19,Northeast,59.999996371251214,66.53907030486974,1,110.89845721516026,110.89845050811623,Free,low,model
S230385,NR4,Northbound,35.914140545144726,39.833294274723585,1,110.91256443865728,99.58323568680896,Free,low,model
S136291,NR11,Northeast,58.96873330485064,65.46393864187688,1,111.01465975782111,109.10656440312813,Free,low,model
S161851,NR12,Southeast,47.67349198824447,52.93678626028676,1,111.04029525116418,105.87357252057353,Free,low,model
S238143,KN 7 Road,Westbound,38.31856727405711,42.6076449085449,1,111.19320981865528,106.51911227136225,Free,low,model
S180995,Kigali-Gatuna Road,Northbound,59.66017663374489,66.38261582453214,1,111.26788348625993,110.6376930408869,Free,low,model
S181902,Rubavu - Karongi Road,Northeast,58.7030039575821,65.43179126683548,1,111.46242416165873,109.05298544472578,Free,low,model
S228721,NR19,Northbound,59.99999637125122,66.9191467315751,1,111.53191796464701,111.53191121929181,Free,low,model
S175544,Rubavu - Karongi Road,Northbound,58.7030039575821,65.65237539608962,1,111.83818709435899,109.42062566014938,Free,low,model
S223747,NR 19,Southbound,49.189846913168665,55.03345956377107,1,111.87971302475837,110.06691912754215,Free,low,model
S68905,NR11,Westbound,58.96873330485064,65.9742411958267,1,111.88003794275129,109.95706865971118,Free,low,model
S200115,NR17,Northeast,49.99972327147001,55.94527280111008,1,111.89116487177164,111.89054560222016,Free,low,model
S214705,NR11,Northeast,58.96873330485064,65.98262022476159,1,111.89424721682805,109.97103370793597,Free,low,model
S239946,NR1,Southwest,39.611592913778956,44.381297506550354,1,112.04118350694311,110.95324376637589,Free,low,model
S216583,NR 19,Northbound,49.65324825773551,55.64722422752774,1,112.07166938742708,111.29444845505549,Free,low,model
S217391,NR11,Northeast,58.96873330485063,66.11679860637753,1,112.12178878690432,110.19466434396254,Free,low,model
S83635,NR1,Southeast,59.41738937066843,66.64386417168852,1,112.16222199857785,111.07310695281421,Free,low,model
S148698,NR19,Northeast,59.999996371251214,67.30345638353421,1,112.17243408998343,112.17242730589035,Free,low,model
S224581,NR1,Southeast,59.41738937066843,66.83032512099903,1,112.4760374510665,111.38387520166505,Free,low,model
S197570,NR11,Northwest,58.968733304850645,66.36464519541953,1,112.54209048774075,110.60774199236587,Free,low,model
S79251,NR1,Southwest,59.40856217766716,67.22160686869432,1,113.15137819303132,112.03601144782388,Free,low,model
S178888,NR1,Southbound,59.7027273519522,67.73137498936912,1,113.44770665180405,112.88562498228185,Free,low,model
S114299,Rubavu-Karongi Road,Northeast,58.70300395758209,66.65091502956011,1,113.5391897111791,111.08485838260019,Free,low,model
S188339,NR19,Northeast,49.999996976042674,56.80962301201529,1,113.61925289562602,113.61924602403059,Free,low,model
S80157,NR12,Southwest,47.67349198824448,54.18101614232088,1,113.65019402329716,108.36203228464174,Free,low,model
S245969,NR4,Northwest,39.5691868951222,45.30085454859143,1,114.4851792599655,113.25213637147858,Free,low,model
S156571,NR17,Northwest,49.99972327147,57.39115637334488,1,114.78294802101924,114.78231274668975,Free,low,model
S198866,NR19,Eastbound,49.99999697604268,58.09993801256891,1,116.19988305280755,116.19987602513783,Free,low,model
S204506,NR1,Westbound,37.22478757589549,43.924523937623256,1,117.99805129328959,73.20753989603877,Free,low,model
